,/intelcpu/0/load/2,/intelcpu/0/load/3,/intelcpu/0/load/4,/intelcpu/0/load/5,/intelcpu/0/load/6,/intelcpu/0/load/7,/intelcpu/0/load/8,/intelcpu/0/load/9,/intelcpu/0/load/10,/intelcpu/0/load/11,/intelcpu/0/load/12,/intelcpu/0/load/13,/intelcpu/0/load/14,/intelcpu/0/load/15,/intelcpu/0/load/16,/intelcpu/0/load/17,/intelcpu/0/load/18,/intelcpu/0/load/19,/intelcpu/0/load/20,/intelcpu/0/load/21,/intelcpu/0/load/0,/intelcpu/0/load/1,/intelcpu/0/temperature/0,/intelcpu/0/temperature/1,/intelcpu/0/temperature/2,/intelcpu/0/temperature/3,/intelcpu/0/temperature/4,/intelcpu/0/temperature/5,/intelcpu/0/temperature/6,/intelcpu/0/temperature/7,/intelcpu/0/temperature/8,/intelcpu/0/temperature/9,/intelcpu/0/temperature/10,/intelcpu/0/temperature/11,/intelcpu/0/temperature/12,/intelcpu/0/temperature/13,/intelcpu/0/temperature/14,/intelcpu/0/temperature/15,/intelcpu/0/temperature/16,/intelcpu/0/temperature/17,/intelcpu/0/temperature/18,/intelcpu/0/temperature/19,/intelcpu/0/temperature/20,/intelcpu/0/temperature/21,/intelcpu/0/temperature/22,/intelcpu/0/temperature/23,/intelcpu/0/temperature/24,/intelcpu/0/temperature/25,/intelcpu/0/temperature/26,/intelcpu/0/temperature/27,/intelcpu/0/temperature/28,/intelcpu/0/temperature/29,/intelcpu/0/temperature/30,/intelcpu/0/clock/1,/intelcpu/0/clock/2,/intelcpu/0/clock/3,/intelcpu/0/clock/4,/intelcpu/0/clock/5,/intelcpu/0/clock/6,/intelcpu/0/clock/7,/intelcpu/0/clock/8,/intelcpu/0/clock/9,/intelcpu/0/clock/10,/intelcpu/0/clock/11,/intelcpu/0/clock/12,/intelcpu/0/clock/13,/intelcpu/0/clock/14,/intelcpu/0/power/0,/intelcpu/0/power/1,/intelcpu/0/power/3,/intelcpu/0/power/4,/intelcpu/0/voltage/0,/intelcpu/0/voltage/1,/intelcpu/0/voltage/2,/intelcpu/0/voltage/3,/intelcpu/0/voltage/4,/intelcpu/0/voltage/5,/intelcpu/0/voltage/6,/intelcpu/0/voltage/7,/intelcpu/0/voltage/8,/intelcpu/0/voltage/9,/intelcpu/0/voltage/10,/intelcpu/0/voltage/11,/intelcpu/0/voltage/12,/intelcpu/0/voltage/13,/intelcpu/0/voltage/14,/intelcpu/0/clock/0,/ram/data/0,/ram/data/1,/ram/load/0,/ram/data/2,/ram/data/3,/ram/load/1,/gpu-nvidia/0/temperature/0,/gpu-nvidia/0/clock/0,/gpu-nvidia/0/clock/4,/gpu-nvidia/0/load/0,/gpu-nvidia/0/load/1,/gpu-nvidia/0/load/2,/gpu-nvidia/0/load/3,/gpu-nvidia/0/smalldata/3,/gpu-nvidia/0/smalldata/4,/gpu-nvidia/0/load/5,/gpu-nvidia/0/load/8,/gpu-nvidia/0/load/10,/gpu-nvidia/0/load/6,/gpu-nvidia/0/load/7,/gpu-nvidia/0/load/9,/gpu-nvidia/0/load/11,/gpu-nvidia/0/load/12,/gpu-nvidia/0/load/13,/gpu-nvidia/0/temperature/2,/gpu-nvidia/0/smalldata/2,/gpu-nvidia/0/smalldata/0,/gpu-nvidia/0/smalldata/1,/gpu-nvidia/0/load/3,/gpu-nvidia/0/power/0,/gpu-nvidia/0/throughput/0,/gpu-nvidia/0/throughput/1,/gpu-intel-integrated/%5C%5C%3F%5CPCI%23VEN_8086%26DEV_46A6%26SUBSYS_278D1043%26REV_0C%233%2611583659%260%2610%23%7B1ca05180-a699-450a-9a0c-de4fbe3ddd89%7D/power/0,/gpu-intel-integrated/%5C%5C%3F%5CPCI%23VEN_8086%26DEV_46A6%26SUBSYS_278D1043%26REV_0C%233%2611583659%260%2610%23%7B1ca05180-a699-450a-9a0c-de4fbe3ddd89%7D/smalldata/2,/gpu-intel-integrated/%5C%5C%3F%5CPCI%23VEN_8086%26DEV_46A6%26SUBSYS_278D1043%26REV_0C%233%2611583659%260%2610%23%7B1ca05180-a699-450a-9a0c-de4fbe3ddd89%7D/smalldata/1,/gpu-intel-integrated/%5C%5C%3F%5CPCI%23VEN_8086%26DEV_46A6%26SUBSYS_278D1043%26REV_0C%233%2611583659%260%2610%23%7B1ca05180-a699-450a-9a0c-de4fbe3ddd89%7D/smalldata/0,/gpu-intel-integrated/%5C%5C%3F%5CPCI%23VEN_8086%26DEV_46A6%26SUBSYS_278D1043%26REV_0C%233%2611583659%260%2610%23%7B1ca05180-a699-450a-9a0c-de4fbe3ddd89%7D/load/0,/gpu-intel-integrated/%5C%5C%3F%5CPCI%23VEN_8086%26DEV_46A6%26SUBSYS_278D1043%26REV_0C%233%2611583659%260%2610%23%7B1ca05180-a699-450a-9a0c-de4fbe3ddd89%7D/load/9,/gpu-intel-integrated/%5C%5C%3F%5CPCI%23VEN_8086%26DEV_46A6%26SUBSYS_278D1043%26REV_0C%233%2611583659%260%2610%23%7B1ca05180-a699-450a-9a0c-de4fbe3ddd89%7D/load/1,/gpu-intel-integrated/%5C%5C%3F%5CPCI%23VEN_8086%26DEV_46A6%26SUBSYS_278D1043%26REV_0C%233%2611583659%260%2610%23%7B1ca05180-a699-450a-9a0c-de4fbe3ddd89%7D/load/11,/gpu-intel-integrated/%5C%5C%3F%5CPCI%23VEN_8086%26DEV_46A6%26SUBSYS_278D1043%26REV_0C%233%2611583659%260%2610%23%7B1ca05180-a699-450a-9a0c-de4fbe3ddd89%7D/load/10,/gpu-intel-integrated/%5C%5C%3F%5CPCI%23VEN_8086%26DEV_46A6%26SUBSYS_278D1043%26REV_0C%233%2611583659%260%2610%23%7B1ca05180-a699-450a-9a0c-de4fbe3ddd89%7D/load/3,/gpu-intel-integrated/%5C%5C%3F%5CPCI%23VEN_8086%26DEV_46A6%26SUBSYS_278D1043%26REV_0C%233%2611583659%260%2610%23%7B1ca05180-a699-450a-9a0c-de4fbe3ddd89%7D/load/4,/gpu-intel-integrated/%5C%5C%3F%5CPCI%23VEN_8086%26DEV_46A6%26SUBSYS_278D1043%26REV_0C%233%2611583659%260%2610%23%7B1ca05180-a699-450a-9a0c-de4fbe3ddd89%7D/load/5,/gpu-intel-integrated/%5C%5C%3F%5CPCI%23VEN_8086%26DEV_46A6%26SUBSYS_278D1043%26REV_0C%233%2611583659%260%2610%23%7B1ca05180-a699-450a-9a0c-de4fbe3ddd89%7D/load/6,/gpu-intel-integrated/%5C%5C%3F%5CPCI%23VEN_8086%26DEV_46A6%26SUBSYS_278D1043%26REV_0C%233%2611583659%260%2610%23%7B1ca05180-a699-450a-9a0c-de4fbe3ddd89%7D/load/7,/gpu-intel-integrated/%5C%5C%3F%5CPCI%23VEN_8086%26DEV_46A6%26SUBSYS_278D1043%26REV_0C%233%2611583659%260%2610%23%7B1ca05180-a699-450a-9a0c-de4fbe3ddd89%7D/load/2,/gpu-intel-integrated/%5C%5C%3F%5CPCI%23VEN_8086%26DEV_46A6%26SUBSYS_278D1043%26REV_0C%233%2611583659%260%2610%23%7B1ca05180-a699-450a-9a0c-de4fbe3ddd89%7D/load/12,/gpu-intel-integrated/%5C%5C%3F%5CPCI%23VEN_8086%26DEV_46A6%26SUBSYS_278D1043%26REV_0C%233%2611583659%260%2610%23%7B1ca05180-a699-450a-9a0c-de4fbe3ddd89%7D/load/8,/hdd/1/load/0,/hdd/1/load/31,/hdd/1/load/32,/hdd/1/load/33,/hdd/1/throughput/34,/hdd/1/throughput/35,/hdd/0/load/0,/hdd/0/load/31,/hdd/0/load/32,/hdd/0/load/33,/hdd/0/throughput/34,/hdd/0/throughput/35,/nic/%7B6B9C28EA-F1B2-4518-875F-2744DB97822F%7D/data/2,/nic/%7B6B9C28EA-F1B2-4518-875F-2744DB97822F%7D/data/3,/nic/%7B6B9C28EA-F1B2-4518-875F-2744DB97822F%7D/throughput/7,/nic/%7B6B9C28EA-F1B2-4518-875F-2744DB97822F%7D/throughput/8,/nic/%7B6B9C28EA-F1B2-4518-875F-2744DB97822F%7D/load/1,/nic/%7BF90C6E0E-D34F-4188-A599-3ED020FABA30%7D/data/2,/nic/%7BF90C6E0E-D34F-4188-A599-3ED020FABA30%7D/data/3,/nic/%7BF90C6E0E-D34F-4188-A599-3ED020FABA30%7D/throughput/7,/nic/%7BF90C6E0E-D34F-4188-A599-3ED020FABA30%7D/throughput/8,/nic/%7BF90C6E0E-D34F-4188-A599-3ED020FABA30%7D/load/1,/nic/%7BC9A9F541-7D11-4C0E-A058-314FC0EE2D5D%7D/data/2,/nic/%7BC9A9F541-7D11-4C0E-A058-314FC0EE2D5D%7D/data/3,/nic/%7BC9A9F541-7D11-4C0E-A058-314FC0EE2D5D%7D/throughput/7,/nic/%7BC9A9F541-7D11-4C0E-A058-314FC0EE2D5D%7D/throughput/8,/nic/%7BC9A9F541-7D11-4C0E-A058-314FC0EE2D5D%7D/load/1,/battery/GA50358%00_1/energy/0,/battery/GA50358%00_1/energy/1,/battery/GA50358%00_1/level/1,/battery/GA50358%00_1/energy/2,/battery/GA50358%00_1/level/0,/battery/GA50358%00_1/voltage/0,/battery/GA50358%00_1/current/0,/battery/GA50358%00_1/power/0
Time,"CPU Core #1 Thread #1","CPU Core #1 Thread #2","CPU Core #2 Thread #1","CPU Core #2 Thread #2","CPU Core #3 Thread #1","CPU Core #3 Thread #2","CPU Core #4 Thread #1","CPU Core #4 Thread #2","CPU Core #5 Thread #1","CPU Core #5 Thread #2","CPU Core #6 Thread #1","CPU Core #6 Thread #2","CPU Core #7","CPU Core #8","CPU Core #9","CPU Core #10","CPU Core #11","CPU Core #12","CPU Core #13","CPU Core #14","CPU Total","CPU Core Max","Core Max","Core Average","CPU Core #1","CPU Core #2","CPU Core #3","CPU Core #4","CPU Core #5","CPU Core #6","CPU Core #7","CPU Core #8","CPU Core #9","CPU Core #10","CPU Core #11","CPU Core #12","CPU Core #13","CPU Core #14","CPU Package","CPU Core #1 Distance to TjMax","CPU Core #2 Distance to TjMax","CPU Core #3 Distance to TjMax","CPU Core #4 Distance to TjMax","CPU Core #5 Distance to TjMax","CPU Core #6 Distance to TjMax","CPU Core #7 Distance to TjMax","CPU Core #8 Distance to TjMax","CPU Core #9 Distance to TjMax","CPU Core #10 Distance to TjMax","CPU Core #11 Distance to TjMax","CPU Core #12 Distance to TjMax","CPU Core #13 Distance to TjMax","CPU Core #14 Distance to TjMax","CPU Core #1","CPU Core #2","CPU Core #3","CPU Core #4","CPU Core #5","CPU Core #6","CPU Core #7","CPU Core #8","CPU Core #9","CPU Core #10","CPU Core #11","CPU Core #12","CPU Core #13","CPU Core #14","CPU Package","CPU Cores","CPU Memory","CPU Platform","CPU Core","CPU Core #1","CPU Core #2","CPU Core #3","CPU Core #4","CPU Core #5","CPU Core #6","CPU Core #7","CPU Core #8","CPU Core #9","CPU Core #10","CPU Core #11","CPU Core #12","CPU Core #13","CPU Core #14","Bus Speed","Memory Used","Memory Available","Memory","Virtual Memory Used","Virtual Memory Available","Virtual Memory","GPU Core","GPU Core","GPU Memory","GPU Core","GPU Memory Controller","GPU Video Engine","GPU Bus","D3D Dedicated Memory Used","D3D Shared Memory Used","D3D 3D","D3D Overlay","D3D Video Decode","D3D Copy","D3D Copy","D3D Security","D3D Video Encode","D3D Video Processing","D3D VR","GPU Hot Spot","GPU Memory Total","GPU Memory Free","GPU Memory Used","GPU Memory","GPU Package","GPU PCIe Rx","GPU PCIe Tx","GPU Power","D3D Shared Memory Total","D3D Shared Memory Free","D3D Shared Memory Used","D3D 3D","D3D Video Decode","D3D Copy","D3D Video Processing","D3D Video Decode","D3D Other","D3D Other","D3D Other","D3D Other","D3D Other","D3D GDI Render","D3D Video Processing","D3D Other","Used Space","Read Activity","Write Activity","Total Activity","Read Rate","Write Rate","Used Space","Read Activity","Write Activity","Total Activity","Read Rate","Write Rate","Data Uploaded","Data Downloaded","Upload Speed","Download Speed","Network Utilization","Data Uploaded","Data Downloaded","Upload Speed","Download Speed","Network Utilization","Data Uploaded","Data Downloaded","Upload Speed","Download Speed","Network Utilization","Designed Capacity","Fully-Charged Capacity","Degradation Level","Remaining Capacity","Charge Level","Voltage","Charge/Discharge Current","Charge/Discharge Rate"
03/13/2025 10:04:02,1.06472373,2.00268626,1.05088949,2.92889476,16.98255,0,1.05531216,61.59495,1.044035,0.986790657,1.05093122,0.986504555,1.01969838,1.02146864,1.01317167,1.33707523,1.01276636,1.01656318,1.06591582,1.40686631,4.954177,61.59495,72,56.7857132,54,65,59,72,56,57,53,53,53,53,55,55,55,55,76,46,35,41,28,44,43,47,47,47,47,45,45,45,45,4380.445,4380.445,4380.445,4380.445,3982.223,2588.44482,896.0001,1095.11121,796.4446,796.4446,796.4446,796.4446,995.5557,896.0001,12.0051384,6.660177,0,0.20446004,0.6627197,0.6677246,0.6677246,0.6677246,0.6727295,0.668823242,0.6738281,0.678833,0.6838379,0.6838379,0.6842041,0.6791992,0.6791992,0.6791992,0.694213867,99.55557,10.7204666,20.9465942,33.8536835,10.02507,45.64199,18.00898,55,2355,8000.982,0,0,0,0,0,0.25,0,0,0,0,0,0,0,0,0,62.46875,6141,5921,220,3.58247828,590.006,1.771008E+08,6963200,0.0549223833,16213.5352,15786.7578,426.777344,0.16355437,0,0,0,0,0,0,0,0,0,0,0,0,90.74082,0,0.114907153,0.316314131,0,164263.156,85.62349,0,0.152724028,0.151446179,0,8694.28,0,0,0,0,0,0,0,0,0,0,0.00585755147,0.12274386,49.15315,58.98378,9.981486E-05,90005,79522,11.6471329,79523,100.001259,16.887,0,0
03/13/2025 10:04:03,0,1.71769857,1.158905,8.776993,14.8946228,2.60891318,1.12119317,54.40325,1.12803578,1.08762383,1.10909343,2.58756876,1.12655759,1.11225247,1.11762881,1.69944763,2.7923882,1.132524,1.11237764,1.2932837,5.07926941,54.40325,74,55.8571434,55,55,59,74,56,55,53,53,53,53,54,54,54,54,72,45,45,41,26,44,45,47,47,47,47,46,46,46,46,4480,1393.77783,4380.445,4380.445,4380.445,2389.3335,796.444458,796.444458,1294.22229,796.444458,1095.11121,1194.66675,1194.66675,1592.88892,14.1758194,8.749476,0,0.20823887,0.7484131,0.728393555,0.7225342,0.7225342,0.7225342,0.7225342,0.702514648,0.7225342,0.7294922,0.7294922,0.7294922,0.7244873,0.7294922,0.744506836,0.744506836,99.55556,10.72052,20.94654,33.85385,10.0251541,45.6419067,18.0091324,55,1125,7000.978,0,0,0,0,0.0703125,0.25,0,0,0,0,0,0,0,0,0,62.40625,6141,5921,220,3.58247828,590.006,1.79456E+08,5785600,0.00210422813,16213.5352,15786.7578,426.777344,0.122250736,0,0,0,0,0,0,0,0,0,0,0,0,90.74082,0,0.02093166,0.07104944,0,72618.1953,85.62349,0.176535144,0,0.179805413,4034.77148,0,0,0,0,0,0,0,0,0,0,0,0.00585755147,0.12274386,0,0,0,90005,79522,11.6471329,79523,100.001259,16.887,0,0
03/13/2025 10:04:04,0,1.83787346,0,16.1399117,16.7248669,0,0,42.8953247,4.95337868,0,0,0,0,0,0,0.7784784,1.48279071,0,0,0,3.07828784,42.8953247,59,54.57143,54,56,57,59,56,54,52,52,52,52,55,55,55,55,60,46,44,43,41,44,46,48,48,48,48,45,45,45,45,2887.10767,1891.55334,696.888062,696.888062,995.5544,4380.43945,3484.44043,3484.44043,3484.44043,1891.55334,3484.44043,3484.44043,2887.10767,1095.10986,15.241107,9.496256,0,0.205826759,0.688476563,0.6834717,0.6834717,0.7034912,0.7034912,0.7081299,0.703125,0.6730957,0.703125,0.703125,0.703125,0.668823242,0.7038574,0.7038574,0.7038574,99.55544,10.7286491,20.9384117,33.8795242,10.02536,45.6417,18.0095062,55,1125,7000.978,0,0,0,0,0.0546875,0.25,0,0,0,0,0,0,0,0,0,62.53125,6141,5921,220,3.58247828,590.006,1.911808E+08,4403200,0.00113210967,16213.5352,15786.7578,426.777344,0.121394955,0,0,0,0,0,0,0,0,0,0,0,0,90.74082,0,0.024747584,0.0250892676,0,12495.9453,85.62349,0,0.204462886,0.2054196,0,23992.21,0,0,0,0,0,0,0,0,0,0,0.005857723,0.12274386,179.584274,0,0.000165763719,90005,79522,11.6471329,79523,100.001259,16.887,0,0
03/13/2025 10:04:05,1.17598772,0.4851699,1.18765235,2.53238678,29.18843,0,0,41.3775978,1.1939466,1.1510551,1.16928816,1.15330219,1.17890239,1.16854906,1.17130876,11.8106661,5.178899,1.16664171,1.17918253,1.23284459,3.15643549,41.3775978,62,54.6428566,54,57,55,62,55,54,52,52,52,52,55,55,55,55,60,46,43,45,38,45,46,48,48,48,48,45,45,45,45,4380.446,1792.00049,696.8891,796.4447,696.8891,2389.334,3484.44556,3484.44556,3484.44556,3484.44556,3484.44556,3484.44556,3285.33423,1095.11145,13.0961437,7.39880228,0,0.20467563,0.688476563,0.6875,0.6925049,0.6574707,0.6575928,0.6828613,0.6828613,0.662597656,0.6776123,0.6743164,0.6743164,0.6693115,0.6693115,0.6793213,0.6795654,99.55559,10.7233238,20.943737,33.8627,10.0246811,45.64238,18.0082855,55,1110,7000.978,0,0,0,0,0.06640625,0.25,0,0,0,0,0,0,0,0,0,62.46875,6141,5921,220,3.58247828,590.006,1.875456E+08,4608000,0.001030817,16213.5352,15786.7578,426.777344,0.102088474,0,0,0,0,0,0,0,0,0,0,0,0,90.74082,0,0.08065943,0.415258467,0,164777.531,85.62349,0,1.29533935,0.3802587,0,50339.43,0,0,0,0,0,0,0,0,0,0,0.005857723,0.12274386,0,0,0,90005,79522,11.6471329,79523,100.001259,16.887,0,0
03/13/2025 10:04:06,0,1.76916718,2.608639,7.158226,23.664402,24.3085022,9.141695,39.71834,6.871736,2.51268744,2.63898969,1.015836,1.0586977,1.04556084,1.040864,0,1.430881,1.04605556,1.044029,1.117754,6.362563,39.71834,74,55.2142868,54,56,54,74,56,55,52,52,52,52,54,54,54,54,74,46,44,46,26,44,45,48,48,48,48,46,46,46,46,4480.00244,1294.2229,896.0004,696.8892,896.0004,2289.77881,3484.446,3484.446,3484.446,3484.446,3484.446,3484.446,2688.00122,896.0004,11.8474751,6.236993,0,0.206171066,0.6722412,0.6772461,0.6772461,0.6722412,0.6772461,0.6730957,0.6730957,0.6680908,0.6680908,0.6680908,0.673584,0.6635742,0.6685791,0.6685791,0.6685791,99.5556,10.72007,20.946991,33.8524246,10.024044,45.6430168,18.0071335,55,2355,8000.982,0,0,0,0,0,0.25,0,0,0,0,0,0,0,0,0,62.53125,6141,5921,220,3.58247828,590.006,1.725952E+08,5120000,0.00220189732,16213.5352,15786.7578,426.777344,0.08986904,0,0,0,0,0,0,0,0,0,0,0,0,90.74082,0,0.0100711845,0.00628321664,0,10263.2686,85.62349,0,0.172562987,0.179878369,0,6158.542,0,0,0,0,0,0,0,0,0,0,0.005857723,0.12274386,0,0,0,90005,79522,11.6471329,79523,100.001259,16.887,0,0
03/13/2025 10:04:07,0,0,0,0,34.154583,0,34.5877838,0,0,0,0,0,0,0,0,0,0.836092234,0,0,0.07827282,2.098924,34.5877838,76,55.7857132,54,56,57,76,55,55,52,52,52,52,55,55,55,55,73,46,44,43,24,45,45,48,48,48,48,45,45,45,45,4081.77759,1194.66663,796.4444,696.888855,696.888855,3982.22217,3484.44434,3484.44434,3484.44434,3484.44434,1891.55554,3484.44434,1692.44446,796.4444,12.4706707,6.94762,0,0.2054749,0.664672852,0.664672852,0.667602539,0.662597656,0.6575928,0.6566162,0.666626,0.6616211,0.6635742,0.6635742,0.6635742,0.658569336,0.6635742,0.6635742,0.6635742,99.55555,10.7197266,20.9473343,33.85135,10.0237083,45.6433525,18.00653,55,2355,8000.982,0,0,0,0,0,0.25,0,0,0,0,0,0,0,0,0,62.40625,6141,5921,220,3.58247828,590.006,1.724416E+08,6963200,0.00189982343,16213.5352,15786.7578,426.777344,0.15446879,0,0,0,0,0,0,0,0,0,0,0,0,90.74082,0,0.00471921032,0,0,4112.316,85.62349,0,0,0,0,0,0,0,0,0,0,0,0,0,0,0,0.005857762,0.1227439,42.1752853,42.1752853,7.785907E-05,90005,79522,11.6471329,79523,100.001259,16.888,0,0
03/13/2025 10:04:08,1.02997422,0,0,0,26.1987152,3.935659,52.52371,3.92104983,5.58083057,0,2.85794735,0,3.42651,0,0,0,3.683877,3.63002419,3.0169785,0,5.26014566,52.52371,73,57.92857,54,54,73,56,61,54,56,56,56,56,55,60,60,60,64,46,46,27,44,39,46,44,44,44,44,45,40,40,40,4081.78027,4081.78027,4081.78027,1692.44543,1393.77856,1393.77856,2090.668,3185.77979,3285.33521,3185.77979,3484.44653,2090.668,796.444946,1095.11182,13.4045277,7.767629,0,0.204740077,0.6727295,0.6727295,0.677001953,0.677001953,1.355957,1.38598633,1.37536621,1.18664551,1.19165039,1.19165039,1.19165039,1.18664551,1.19165039,1.19165039,1.19165039,99.55562,10.725563,20.9414978,33.8697739,10.0249519,45.64211,18.0087662,55,1110,7000.978,0,0,0,0,0.08203125,0.25,0,0,0,0,0,0,0,0,0,62.53125,6141,5921,220,3.58247828,590.006,1.59744E+08,7014400,0.05754935,16213.5352,15786.7578,426.777344,0.146376491,0,0,0,0,0,0,0,0,0,0,0,0,90.74082,0,0.0611684062,0.2951301,0,55511.07,85.62349,0,0.209772825,0.216993675,0,12222.6367,0,0,0,0,0,0,0,0,0,0,0.005857762,0.1227439,0,0,0,90005,79522,11.6471329,79523,100.001259,16.887,0,0
03/13/2025 10:04:09,0,0,0.8243978,0.800997,12.12036,0,58.1727028,0.8207083,1.5771091,0.805366039,0,0.7915199,3.38562131,1.19047761,0.8077502,0.804883242,0.825041533,1.87975168,0.205773115,1.92505121,3.83136868,58.1727028,58,54.2857132,54,56,58,57,56,51,52,52,52,52,55,55,55,55,60,46,44,42,43,44,49,48,48,48,48,45,45,45,45,3185.77734,1194.6665,796.444336,696.8888,696.8888,2289.77734,3484.44385,3484.44385,3484.44385,3285.33276,3484.44385,3484.44385,1692.44421,1692.44421,12.66055,7.08130932,0,0.204953223,1.08972168,0.9246826,1.34973145,1.34973145,1.31274414,1.34765625,1.36767578,1.24267578,1.24267578,1.24267578,1.24267578,1.232666,1.25439453,1.25439453,1.25439453,99.55554,10.7267151,20.9403458,33.8734131,10.02644,45.64062,18.0114441,55,1110,7000.978,0,0,0,0,0.0703125,0.25,0,0,0,0,0,0,0,0,0,62.5,6141,5921,220,3.58247828,590.006,1.85088E+08,5017600,0.0009565981,16213.5352,15786.7578,426.777344,0.115323178,0,0,0,0,0,0,0,0,0,0,0,0,90.74082,0,0.8568866,0.6868846,0,19622556,85.62349,0,0.160715833,0.166191548,0,9527.94,0,0,0,0,0,0,0,0,0,0,0.005857762,0.1227439,0,0,0,90005,79522,11.6471329,79523,100.001259,16.887,0,0
03/13/2025 10:04:10,0,1.53573751,0,0,39.21141,0,30.885643,0,4.319775,0,0,0,0,0,0,0,0.3829062,0,0,0,1.50152445,39.21141,73,56.1428566,54,56,57,54,73,54,56,56,55,55,54,54,54,54,72,46,44,43,46,27,46,44,44,45,45,46,46,46,46,3583.998,1095.11047,696.8885,696.8885,4380.442,4380.442,1493.33252,3484.44238,3484.44238,3285.33154,796.444,796.444,796.444,796.444,12.6806364,7.191984,0,0.2052131,0.661499,0.6520996,0.6571045,0.6571045,0.6571045,0.6578369,0.6628418,0.6678467,0.6678467,0.668457031,0.668457031,0.663452148,0.6734619,0.6734619,0.6734619,99.5555,10.7256813,20.94138,33.8701477,10.0250053,45.6420555,18.0088654,55,1110,7000.978,0,0,0,0,0.13671875,0.25,0,0,0,0,0,0,0,0,0,62.5,6141,5921,220,3.58247828,590.006,1.790464E+08,5273600,0.00121632917,16213.5352,15786.7578,426.777344,0.100467294,0,0,0,0,0,0,0,0,0,0,0,0,90.74082,0,0.0550117,0.247291684,0,34501.4258,85.62349,0,0.3432134,0.358890384,0,37419.168,0,0,0,0,0,0,0,0,0,0,0.005857762,0.1227439,0,0,0,90005,79522,11.6471329,79523,100.001259,16.887,0,0
03/13/2025 10:04:11,1.05029941,1.38108134,1.03183985,0.980114937,62.8568764,28.5073586,12.2333345,1.014638,5.18940067,1.02080107,1.54309869,1.01784468,1.85797811,1.034385,1.03533268,1.03690624,2.9520154,1.25547051,1.32334232,0,6.4011755,62.8568764,65,55,53,56,57,65,53,54,54,54,54,54,54,54,54,54,69,47,44,43,35,47,46,46,46,46,46,46,46,46,46,4380.449,2190.22461,796.4453,696.889648,2289.78027,4480.005,1792.002,3484.44824,3484.44824,3484.44824,796.4453,1991.11328,995.556641,1991.11328,12.080409,6.472726,0,0.205775067,0.8027344,0.937744141,0.9227295,0.923706055,0.928710938,0.6837158,0.928710938,0.803710938,0.928710938,0.928710938,0.928710938,0.803710938,0.9136963,0.912597656,0.912597656,99.5556641,10.7216225,20.9454384,33.85733,10.0245132,45.6425476,18.00798,55,1125,7000.978,0,0,0,0,0.09375,0.25,0,0,0,0,0,0,0,0,0,62.59375,6141,5921,220,3.58247828,590.006,1.603072E+08,6912000,0.00159342971,16213.5352,15786.7578,426.777344,0.133040011,0,0,0,0,0,0,0,0,0,0,0,0,90.74082,0,0.0243732631,0.08541085,0,29933.5684,85.62349,0,0,0,0,0,0,0,0,0,0,0,0,0,0,0,0.005857762,0.1227439,0,0,0,90005,79522,11.6471329,79523,100.001259,16.887,0,0
03/13/2025 10:04:12,0,0,0,0,31.0861416,0,34.1820641,0,3.879869,0,0,0,0,0,0,0,0,0,0,0,1.95827484,34.1820641,60,54.07143,54,56,54,54,60,51,53,53,53,53,54,54,54,54,59,46,44,46,46,40,49,47,47,47,47,46,46,46,46,1692.44275,696.8882,696.8882,696.8882,1991.10913,4479.99561,3484.441,3484.441,3484.441,3484.441,3484.441,1791.99829,796.443665,796.443665,11.64343,6.0973897,0,0.205036268,0.65234375,0.657348633,0.657348633,0.657348633,0.658935547,0.658935547,0.663452148,0.663452148,0.668457031,0.668457031,0.668457031,0.662963867,0.66796875,0.672973633,0.672973633,99.55546,10.72208,20.94498,33.85878,10.0242538,45.642807,18.007515,55,1125,7000.978,0,0,0,0,0.0703125,0.25,0,0,0,0,0,0,0,0,0,62.53125,6141,5921,220,3.58247828,590.006,1.851392E+08,4556800,0.00137387984,16213.5352,15786.7578,426.777344,0.07237341,0,0,0,0,0,0,0,0,0,0,0,0,90.74082,0,0.0187417287,0.0319734849,0,7517.26172,85.62349,0,0.169076815,0.18230857,0,16537.97,0,0,0,0,0,0,0,0,0,0,0.005857762,0.1227439,0,0,0,90005,79522,11.6471329,79523,100.001259,16.887,0,0
03/13/2025 10:04:13,0,0.206667185,1.3330698,1.27445459,37.30424,0,28.4361782,0,1.51321292,1.25834942,1.40396357,1.31790638,1.28712654,1.27834678,1.279515,1.28211975,0,1.28774643,1.29057765,1.36858821,2.55713463,37.30424,65,54.7142868,54,54,57,60,65,54,52,52,52,54,53,53,53,53,60,46,46,43,40,35,46,48,48,48,46,47,47,47,47,4181.335,2787.55664,995.5559,696.88916,796.4447,2986.66772,3185.77881,3484.44556,3484.44556,3484.44556,1792.00061,1194.66711,1095.11145,1692.44507,12.4037552,6.87893057,0,0.205841392,0.7498779,1.09313965,1.07312012,1.309082,0.6640625,1.12524414,1.3203125,0.745239258,1.18029785,1.19055176,1.19055176,1.19055176,1.19055176,1.19665527,1.19665527,99.55559,10.7252579,20.941803,33.86882,10.0281563,45.6389046,18.0145187,55,1125,7000.978,0,0,0,0,0,0.25,0,0,0,0,0,0,0,0,0,62.375,6141,5921,220,3.58247828,590.006,1.801216E+08,6860800,0,16213.5352,15786.7578,426.777344,0.142999664,0,0,0,0,0,0,0,0,0,0,0,0,90.74082,0,0.0358400568,0.192458734,0,93877.12,85.62349,0,0.167136848,0.1567217,0,5800.275,0,0,0,0,0,0,0,0,0,0,0.005857762,0.1227439,0,0,0,90005,79522,11.6471329,79523,100.001259,16.887,0,0
03/13/2025 10:04:14,0,0.0359416,0,0,51.4932022,0,29.2705765,0,4.725373,0,0.0242710114,0,3.06813121,0,0,0,20.1876469,0.276631117,0,0.112652779,4.94631529,51.4932022,59,54.2142868,54,57,59,55,56,53,53,52,52,52,54,54,54,54,57,46,43,41,45,44,47,47,48,48,48,46,46,46,46,1493.33313,4081.777,4380.444,4280.888,4380.444,3982.22144,3185.777,3185.777,3185.777,3185.777,895.9998,696.8888,1095.111,2986.66626,12.7113571,7.21936274,0,0.20491758,1.21923828,1.3392334,1.3392334,1.34924316,1.32824707,1.3581543,1.3581543,1.25317383,1.25817871,1.25817871,1.25817871,1.22314453,1.22241211,1.20751953,1.25744629,99.5555344,10.7281456,20.9389153,33.87793,10.0287552,45.6383057,18.0156021,55,1125,7000.978,0,0,0,0,0.12890625,0.25,0,0,0,0,0,0,0,0,0,62.625,6141,5921,220,3.58247828,590.006,1.688576E+08,6656000,0.06470414,16213.5352,15786.7578,426.777344,0.137936026,0,0,0,0,0,0,0,0,0,0,0,0,90.74082,0,0.0412311,0.128720731,0,30564.5547,85.62349,0,0,0.0246921275,0,0,0,0,0,0,0,0,0,0,0,0,0.005857762,0.1227439,0,0,0,90005,79522,11.6471329,79523,100.001259,16.887,0,0
03/13/2025 10:04:15,0.689536333,0.9173155,0.681906939,0.6394088,18.6327457,3.65203023,60.0756035,8.218384,3.00129056,0,1.41881108,0,0.06638169,0,0,0,3.21871638,1.19737983,0.136899948,0,4.72895527,60.0756035,73,57.8571434,56,64,73,66,62,57,53,53,53,53,55,55,55,55,61,44,36,27,34,38,43,47,47,47,47,45,45,45,45,4380.45,1692.44666,1991.11365,796.4455,1194.66821,1294.22388,1294.22388,1194.66821,1194.66821,3484.449,3484.449,1294.22388,1294.22388,1095.11255,12.049531,6.67165,0,0.207719252,0.6668701,0.671875,0.671875,0.6668701,0.678710938,0.678710938,0.678710938,0.678710938,0.6837158,0.6837158,0.6937256,0.6939697,0.6939697,0.6989746,0.6989746,99.55569,10.7259979,20.9410629,33.8711548,10.0244255,45.6426353,18.00782,55,1125,7000.978,0,0,0,0,0.07421875,0.25,0,0,0,0,0,0,0,0,0,62.5,6141,5921,220,3.58247828,590.006,1.87904E+08,4403200,0.0014003712,16213.5352,15786.7578,426.777344,0.119821087,0,0,0,0,0,0,0,0,0,0,0,0,90.74082,0,0.03457154,0.0551841445,0,116509.383,85.62349,0,0.3323989,0.361748427,0,17384.0352,0,0,0,0,0,0,0,0,0,0,0.00585783925,0.122744016,76.15555,122.032387,0.000182935677,90005,79522,11.6471329,79523,100.001259,16.887,0,0
03/13/2025 10:04:16,0,1.82281137,1.24319792,1.21384263,45.0270653,6.95616,19.68906,2.15163827,0.534158945,7.813984,0.6944597,2.20342875,2.43523717,2.17137337,2.17048526,2.166009,3.24973464,2.21595764,2.16948986,2.344036,5.39939976,45.0270653,58,53.8571434,54,56,58,55,53,54,52,52,52,52,54,54,54,54,58,46,44,42,45,47,46,48,48,48,48,46,46,46,46,4181.3335,1393.778,696.889,696.889,796.4445,796.4445,3484.44482,3484.44482,3484.44482,3484.44482,3484.44482,3484.44482,2289.778,896.000061,13.5029621,7.959852,0,0.205682889,0.673339844,0.6583252,0.673339844,0.668334961,0.668334961,0.6680908,0.6680908,0.663085938,0.6680908,0.6680908,0.6689453,0.6639404,0.6689453,0.6689453,0.6639404,99.5555649,10.7250366,20.9420242,33.86812,10.0259323,45.64113,18.0105286,55,210,7000.978,0,0,0,0,0.078125,0.25,0,0,0,0,0,0,0,0,0,62.5,6141,5921,220,3.58247828,590.006,1.7664E+08,6092800,0.00102251745,16213.5352,15786.7578,426.777344,0.117972,0,0,0,0,0,0,0,0,0,0,0,0,90.74082,0,0.0312756151,0.3637793,0,54150.6758,85.62349,0,0.176198885,0.185831815,0,13403.6367,0,0,0,0,0,0,0,0,0,0,0.0058584474,0.122745693,683.8505,1881.89807,0.00236829231,90005,79522,11.6471329,79523,100.001259,16.887,0,0
03/13/2025 10:04:17,0.3500402,0,0,0,40.41086,0,29.16842,0,1.4095962,0,0.07457733,0,0.136828423,0,0,0,0.95667243,0.777322054,0,0,2.942288,40.41086,60,54.2857132,53,56,57,60,57,53,52,52,52,52,54,54,54,54,67,47,44,43,40,43,47,48,48,48,48,46,46,46,46,2190.22021,796.443665,796.443665,796.443665,3683.552,4181.329,3285.33,3285.33,3484.44116,2887.1084,1393.77649,3484.44116,1493.33191,1393.77649,11.9744225,6.428873,0,0.206762344,0.709960938,0.6849365,0.705810547,0.7265625,1.38635254,1.35644531,1.32885742,1.19384766,1.19885254,1.19885254,1.19885254,1.20629883,1.21130371,1.21630859,1.21630859,99.55546,10.7223969,20.944664,33.85978,10.0244064,45.6426544,18.007782,55,1110,7000.978,0,0,0,0,0.07421875,0.25,0,0,0,0,0,0,0,0,0,62.53125,6141,5921,220,3.58247828,590.006,1.62304E+08,6912000,0.000796926732,16213.5352,15786.7578,426.777344,0.0864865556,0,0,0,0,0,0,0,0,0,0,0,0,90.74082,0,0.0127555365,0.008607476,0,18507.9375,85.62349,0,0.1729932,0.147371635,0,6167.99951,0,0,0,0,0,0,0,0,0,0,0.0058584474,0.122745693,0,0,0,90005,79522,11.6471329,79523,100.001259,16.887,0,0
03/13/2025 10:04:18,0,0.0506103039,0,0,21.32685,0,45.8685875,0,0.345540047,0,0,0,0.0132918358,0,0,0,0.6236315,0,0,0,2.43128538,45.8685875,57,54,54,56,57,55,56,54,52,52,52,52,54,54,54,54,58,46,44,43,45,44,46,48,48,48,48,46,46,46,46,2190.22217,2887.111,995.555542,796.444458,696.888855,2688,3484.44434,3484.44434,3484.44434,3484.44434,3484.44434,3484.44434,2588.44434,696.888855,12.6598711,7.07571459,0,0.206538722,0.6760254,0.6810303,0.6810303,0.6810303,0.6866455,0.6866455,0.706665039,0.6816406,0.6816406,0.6816406,0.682006836,0.682006836,0.682006836,0.682006836,0.682006836,99.55556,10.7211533,20.9459076,33.85585,10.0243416,45.64272,18.0076675,55,1095,7000.978,0,0,0,0,0.0546875,0.25,0,0,0,0,0,0,0,0,0,62.59375,6141,5921,220,3.58247828,590.006,1.901568E+08,4659200,0.0005396773,16213.5352,15786.7578,426.777344,0.116106234,0,0,0,0,0,0,0,0,0,0,0,0,90.74082,0,0.05731628,0.09422702,0,132832.922,85.62349,0,0,0.01509047,0,0,0,0,0,0,0,0,0,0,0,0,0.00585861877,0.122745693,180.786484,0,0.000166873418,90005,79522,11.6471329,79523,100.001259,16.887,0,0
03/13/2025 10:04:19,0.914126635,1.18705034,0,0.8487284,51.8573761,0.8600831,17.4261684,0.846374035,0,0.84747076,1.32223964,0.84747076,4.651022,0.8722007,0.87184906,0.8741021,1.62134767,0,0.8729279,1.06214285,4.32288074,51.8573761,57,54.07143,54,54,57,55,56,54,52,53,53,53,54,54,54,54,57,46,46,43,45,44,46,48,47,47,47,46,46,46,46,2887.11182,2488.88965,796.444641,696.8891,696.8891,3384.88965,3484.44531,3484.44531,3484.44531,3484.44531,3484.44531,3484.44531,3484.44531,796.444641,12.3778763,6.76953125,0,0.20606184,0.7595215,0.76953125,0.7595215,0.764526367,0.76953125,0.7562256,0.761230469,0.7512207,0.7512207,0.7512207,0.7512207,0.731323242,0.738769531,0.738769531,0.738769531,99.55558,10.72142,20.94564,33.8566971,10.0298538,45.637207,18.01757,55,1110,7000.978,0,0,0,0,0.0703125,0.25,0,0,0,0,0,0,0,0,0,62.59375,6141,5921,220,3.58247828,590.006,1.877504E+08,4454400,0.0004842884,16213.5352,15786.7578,426.777344,0.114049695,0,0,0,0,0,0,0,0,0,0,0,0,90.74082,0,0.187305719,0.357958734,0,3136057.75,85.62349,0,0.1767924,0.1835467,0,12188.332,0,0,0,0,0,0,0,0,0,0,0.00585861877,0.122745693,0,0,0,90005,79522,11.6471329,79523,100.001259,16.887,0,0
03/13/2025 10:04:20,0,0,0,0.929230452,26.9858131,0,41.16458,0,12.2432947,0.9267032,1.23553276,0.924378633,0.150090456,0.9495318,0.9480655,0.948560238,2.93026567,0.9205997,0,1.0358274,0.0918090343,41.16458,76,55.7857132,54,56,57,76,55,55,52,52,52,52,55,55,55,55,73,46,44,43,24,45,45,48,48,48,48,45,45,45,45,4380.44434,1493.33325,1493.33325,696.888855,4081.77759,4479.99951,3484.44434,3484.44434,3484.44434,3484.44434,3484.44434,1592.88879,796.4444,1493.33325,13.3993549,7.76697636,0,0.205106467,0.7233887,0.708374,0.703369141,0.703369141,0.6833496,0.6833496,0.6833496,0.7088623,0.7138672,0.7138672,0.7088623,0.693847656,0.698852539,0.698852539,0.693847656,99.55555,10.7229462,20.9441147,33.86152,10.0275612,45.6395,18.01345,55,1110,7000.978,0,0,0,0,0.19921875,0.25,0,0,0,0,0,0,0,0,0,62.5,6141,5921,220,3.58247828,590.006,1.750528E+08,5120000,0,16213.5352,15786.7578,426.777344,0.150509253,0,0,0,0,0,0,0,0,0,0,0,0,90.74082,0,0.77007395,0.6264233,0,16735781,85.62349,0,0.3691458,0.3719303,0,41015.4766,0,0,0,0,0,0,0,0,0,0,0.00585861877,0.122745693,0,0,0,90005,79522,11.6471329,79523,100.001259,16.887,0,0
03/13/2025 10:04:21,0,0,1.20718479,0,42.6792068,30.1781,30.2657127,12.0006857,0,0,0,0,1.25097632,0,0,0,0.401377678,1.292485,1.20254755,0,5.86279631,42.6792068,76,56.07143,54,54,60,76,56,57,53,53,53,53,54,54,54,54,67,46,46,40,24,44,43,47,47,47,47,46,46,46,46,4380.44629,4280.89063,4480.002,1792.00085,4380.44629,4380.44629,2090.66772,3484.446,3484.446,3484.446,1194.66724,1592.88965,796.4448,1095.11157,11.7404461,6.272349,0,0.207786351,0.6665039,0.6715088,0.6776123,0.6727295,0.6768799,0.682373047,0.6878662,0.7128906,0.7128906,0.7128906,0.7286377,0.7236328,0.7286377,0.7286377,0.7286377,99.5556,10.7219048,20.9451561,33.858223,10.0280342,45.6390266,18.0143051,55,1140,7000.978,0,0,0,0,0.078125,0.25,0,0,0,0,0,0,0,0,0,62.5625,6141,5921,220,3.58247828,590.006,1.792512E+08,5529600,0.0608855151,16213.5352,15786.7578,426.777344,0.1582497,0,0,0,0,0,0,0,0,0,0,0,0,90.74082,0,0.0109041315,0.0277496167,0,19938.1426,85.62349,0,0.176622957,0.195954829,0,24020.4863,0,0,0,0,0,0,0,0,0,0,0.00585879,0.122745693,183.660828,0,0.000169526553,90005,79522,11.6471329,79523,100.001259,16.887,0,0
03/13/2025 10:04:22,1.51269436,0.155687332,0,0,53.52514,0,22.7891026,0,2.49169469,0,0,0,3.63032818,0,0,0,2.65666842,0,0,0.008070469,4.275477,53.52514,76,56.42857,54,54,58,55,76,54,55,56,56,56,54,54,54,54,72,46,46,42,45,24,46,45,44,44,44,46,46,46,46,2488.89038,896.000549,896.000549,796.444946,696.889343,4480.003,3484.44653,3484.44653,3484.44653,3484.44653,2588.446,896.000549,796.444946,1393.77869,12.3016977,6.74016428,0,0.205681443,0.722167969,0.702148438,0.7034912,0.6834717,0.7034912,0.7034912,0.723510742,0.7435303,0.7442627,0.7442627,0.7442627,0.8927002,0.7927246,0.7927246,0.6777344,99.55562,10.722084,20.9449768,33.8587952,10.0282784,45.6387825,18.01474,55,1125,7000.978,0,0,0,0,0.07421875,0.25,0,0,0,0,0,0,0,0,0,62.5625,6141,5921,220,3.58247828,590.006,1.846272E+08,5017600,0.00187898532,16213.5352,15786.7578,426.777344,0.120380126,0,0,0,0,0,0,0,0,0,0,0,0,90.74082,0,0.0308622587,0.125286534,0,51731.55,85.62349,0,0,0.0136898365,0,0,0,0,0,0,0,0,0,0,0,0,0.00585879,0.122745693,0,0,0,90005,79522,11.6471329,79523,100.001259,16.887,0,0
03/13/2025 10:04:23,0,0,0.613003969,0.5863309,27.95915,0.592213869,29.9553986,0.5739689,4.00764942,0.5748749,3.362006,0.5781472,1.06344223,0.587695837,0.586926937,0.5910337,6.53818226,0.6189883,0.690847635,0.7558882,3.926593,29.9553986,74,55.42857,54,54,57,74,56,57,52,52,52,52,54,54,54,54,68,46,46,43,26,44,43,48,48,48,48,46,46,46,46,4280.88574,1294.22119,995.5548,796.443848,696.888367,4380.441,3484.442,3484.442,3484.442,3484.442,1692.44312,3484.442,1493.33215,796.443848,12.2021685,6.66677141,0,0.206466153,0.6524658,0.6524658,0.6574707,0.658447266,0.658447266,0.658447266,0.663085938,0.6680908,0.6680908,0.6680908,0.6680908,0.6699219,0.674926758,0.674926758,0.674926758,99.55548,10.7211533,20.9459076,33.85585,10.0266571,45.6404037,18.0118256,55,210,7000.978,0,0,0,0,0.1171875,0.25,0,0,0,0,0,0,0,0,0,62.5,6141,5921,220,3.58247828,590.006,1.713664E+08,6400000,0.00175341184,16213.5352,15786.7578,426.777344,0.111389771,0,0,0,0,0,0,0,0,0,0,0,0,90.74082,0,0,0,0,0,85.62349,0,0.214363337,0.215565652,0,13074.5342,0,0,0,0,0,0,0,0,0,0,0.00585879,0.122745693,0,0,0,90005,79522,11.6471329,79523,100.001259,16.887,0,0
03/13/2025 10:04:24,0,1.76939368,0,0,53.20122,0,12.7375488,0,0,0,0,0,0,0,0,0,1.4067471,0.0149071217,0,0,2.78251767,53.20122,77,55,53,54,55,77,56,55,52,52,52,52,53,53,53,53,77,47,46,45,23,44,45,48,48,48,48,47,47,47,47,1692.44482,3982.22314,4480.001,2488.8894,3982.22314,4081.77881,3285.33423,3285.33423,3285.33423,3285.33423,3285.33423,1592.88928,3086.223,1592.88928,11.6480379,6.37210846,0,0.205927059,1.25061035,1.34570313,1.34362793,1.34570313,1.3560791,1.38098145,1.34277344,1.20776367,1.21276855,1.21276855,1.21276855,1.21032715,1.21032715,1.215332,1.215332,99.55558,10.72105,20.94601,33.85553,10.0278816,45.63918,18.01403,55,1110,7000.978,0,0,0,0,0.0703125,0.25,0,0,0,0,0,0,0,0,0,62.53125,6141,5921,220,3.58247828,590.006,1.824256E+08,5990400,0.06501693,16213.5352,15786.7578,426.777344,0.16953373,0,0,0,0,0,0,0,0,0,0,0,0,90.74082,0,0.00778060546,0.009271143,0,12210.6738,85.62349,0,0.168669224,0.1701697,0,13228.2266,0,0,0,0,0,0,0,0,0,0,0.00585896149,0.122745693,182.876663,0,0.000168802741,90005,79522,11.6471329,79523,100.001259,16.887,0,0
03/13/2025 10:04:25,0.608325,0.8060038,0.6058812,0,32.3010368,0,44.2598228,6.307125,1.68822408,0,0,0,0,0,0,0.5466759,9.724188,0.7668078,0,0,4.42892933,44.2598228,73,55.7857132,54,56,73,58,61,54,52,52,52,52,54,54,54,55,64,46,44,27,42,39,46,48,48,48,48,46,46,46,45,3484.4436,2190.22168,2787.555,1095.11084,4081.77686,4479.999,3484.4436,3484.4436,3484.4436,3484.4436,1095.11084,1891.555,796.4442,696.888733,12.5259342,6.862333,0,0.206336483,0.6480713,0.6530762,0.656860352,0.657714844,0.657714844,0.6682129,0.6677246,0.6713867,0.6763916,0.6777344,0.682739258,0.6727295,0.6777344,0.6777344,0.6793213,99.55553,10.7215118,20.945549,33.856987,10.0291862,45.6378746,18.0163727,55,1095,7000.978,0,0,0,0,0.0703125,0.25,0,0,0,0,0,0,0,0,0,62.5625,6141,5921,220,3.58247828,590.006,1.793024E+08,5632000,0.00116939854,16213.5352,15786.7578,426.777344,0.1088447,0,0,0,0,0,0,0,0,0,0,0,0,90.74082,0,0.03205372,0.264409661,0,47073.8,85.62349,0,0.320786268,0.309099019,0,22061.459,0,0,0,0,0,0,0,0,0,0,0.00585896149,0.122745693,0,0,0,90005,79522,11.6471329,79523,100.001259,16.887,0,0
03/13/2025 10:04:26,0,0.0210702419,0,1.07473731,33.229393,1.11713409,38.78556,1.08098984,0.174677372,1.07821226,1.18961334,1.140964,1.46546364,1.10932589,1.10702515,0,1.65609121,0,1.13211274,1.47231221,4.26682234,38.78556,57,54.1428566,54,54,57,54,56,51,54,54,54,54,54,54,54,54,58,46,46,43,46,44,49,46,46,46,46,46,46,46,46,4380.44727,1194.66736,696.889343,696.889343,696.889343,4380.44727,3484.44653,3484.44653,3484.44653,3484.44653,3484.44653,3484.44653,1592.88989,696.889343,12.1544647,6.61919451,0,0.204065531,0.6566162,0.6571045,0.667114258,0.6621094,0.6621094,0.663818359,0.663818359,0.663818359,0.668823242,0.668823242,0.670166,0.665161133,0.6751709,0.6751709,0.6751709,99.55562,10.7210617,20.946,33.8555679,10.0272217,45.63984,18.0128479,55,1125,7000.978,0,0,0,0,0.05859375,0.25,0,0,0,0,0,0,0,0,0,62.59375,6141,5921,220,3.58247828,590.006,1.870848E+08,4915200,0.00154660328,16213.5352,15786.7578,426.777344,0.104388796,0,0,0,0,0,0,0,0,0,0,0,0,90.74082,0,0.0174234733,0.03658017,0,4153.18457,85.62349,0,0,0.0283904281,0,0,0,0,0,0,0,0,0,0,0,0,0.00585896149,0.122745693,0,0,0,90005,79522,11.6471329,79523,100.001259,16.887,0,0
03/13/2025 10:04:27,0.7422924,1.3266921,0,0.679338,56.6786346,0.685668,11.215991,0.68706274,0.8024514,0.6921232,0,0.6936133,0,0.714713335,0.715178251,0.722068548,1.727891,0,0.7215977,0.8677304,3.82134318,56.6786346,69,55.1428566,54,54,57,69,55,54,52,52,52,53,55,55,55,55,64,46,46,43,31,45,46,48,48,48,47,45,45,45,45,1891.55518,796.4443,696.8888,696.8888,4479.999,4380.444,3484.44385,3484.44385,3484.44385,3484.44385,2588.444,1891.55518,1891.55518,1791.99963,12.5787983,7.063182,0,0.203718036,0.771606445,0.9416504,0.9316406,0.9316406,0.9289551,0.9289551,0.9289551,0.8039551,0.8039551,0.8039551,0.8039551,0.8039551,0.836181641,0.836181641,0.836181641,99.5555344,10.7210922,20.9459686,33.85566,10.025322,45.64174,18.0094376,55,1140,7000.978,0,0,0,0,0.08203125,0.25,0,0,0,0,0,0,0,0,0,62.53125,6141,5921,220,3.58247828,590.006,1.716736E+08,6246400,0.0006550119,16213.5352,15786.7578,426.777344,0.115883008,0,0,0,0,0,0,0,0,0,0,0,0,90.74082,0,0.0560585745,0.08318055,0,32465.1855,85.62349,0,0.2078538,0.2068099,0,12487.6846,0,0,0,0,0,0,0,0,0,0,0.00585896149,0.122745693,0,0,0,90005,79522,11.6471329,79523,100.001259,16.887,0,0
03/13/2025 10:04:28,0,0.5502522,1.52236819,0,46.2904053,0,31.065834,0,1.69603229,0,3.100109,0,0.368601084,0,0,0,1.192522,1.45454407,0,0,0,46.2904053,75,56,54,53,57,55,75,54,55,55,55,55,54,54,54,54,75,46,47,43,45,25,46,45,45,45,45,46,46,46,46,3882.66724,1095.11121,696.889,796.4445,4480.00049,4280.88965,3484.44482,3484.44482,3484.44482,3484.44482,3484.44482,1393.778,896.0001,1792.00024,12.838172,7.22234726,0,0.20391801,1.09924316,1.11413574,1.11315918,1.2644043,1.34509277,1.38000488,1.38000488,1.22009277,1.22009277,1.22009277,1.22509766,1.22009277,1.22509766,1.22009277,1.22009277,99.5555649,10.7202187,20.9468422,33.8528976,10.0249176,45.6421432,18.0087051,55,1110,7000.978,0,0,0,0,0.0703125,0.25,0,0,0,0,0,0,0,0,0,62.53125,6141,5921,220,3.58247828,590.006,1.828864E+08,5734400,0.000248732249,16213.5352,15786.7578,426.777344,0.10580314,0,0,0,0,0,0,0,0,0,0,0,0,90.74082,0,0.159372017,0.233276308,0,3138976.25,85.62349,0,0.182356313,0.176345348,0,9910.361,0,0,0,0,0,0,0,0,0,0,0.00585896149,0.122745693,0,0,0,90005,79522,11.6471329,79523,100.001259,16.887,0,0
03/13/2025 10:04:30,0.00196099281,0.681847334,0,1.47312284,53.4814949,38.08209,12.98765,5.761695,0,30.0847778,0,1.55207515,1.6012311,0,0,0,7.286006,0,0,0.11844635,7.44554424,53.4814949,60,55.2857132,54,56,59,60,58,55,54,54,54,54,54,54,54,54,57,46,44,41,40,42,45,46,46,46,46,46,46,46,46,2986.66724,1095.11133,896.0001,4380.44531,4480.00049,4380.44531,3484.445,3484.445,3484.445,2787.556,796.4446,995.5557,995.5557,1194.66687,12.237257,6.96756458,0,0.20677264,0.693115234,0.683105469,0.682739258,0.6834717,0.6834717,0.6870117,0.6870117,0.707885742,0.732910156,0.7279053,0.7279053,0.7229004,0.7233887,0.7434082,0.7434082,99.55557,10.7348366,20.9322243,33.8990631,10.0225105,45.64455,18.00438,55,1110,7000.978,0,0,0,0,0.0703125,0.25,0,0,0,0,0,0,0,0,0,62.59375,6141,5921,220,3.58247828,590.006,1.804288E+08,5683200,0.0588221326,16213.5352,15786.7578,426.777344,0.1487011,0,0,0,0,0,0,0,0,0,0,0,0,90.74082,0,0.77839005,0.556663,0,1.620029E+07,85.62349,0,0.319155216,0.327444345,0,14093.5566,0,0,0,0,0,0,0,0,0,0,0.00585896149,0.122745693,0,0,0,90005,79522,11.6471329,79523,100.001259,16.887,0,0
03/13/2025 10:04:31,0,0.118631124,0,0,34.51535,0,32.8582,26.18177,9.095669,0,1.68789625,0,1.33486986,1.22010708,1.21914148,1.22098923,0.837957859,0,1.23589039,1.35748982,5.458516,34.51535,59,54.7142868,54,54,57,59,55,55,54,54,54,54,54,54,54,54,57,46,46,43,41,45,45,46,46,46,46,46,46,46,46,1891.55566,4380.445,4380.445,4480.00049,4280.889,4480.00049,3285.3335,3484.44458,1393.77783,696.8889,1095.11121,1194.66675,1194.66675,1095.11121,12.2930155,6.72642374,0,0.208552837,0.6677246,0.6727295,0.6727295,0.6727295,0.6727295,0.674560547,0.674560547,0.6945801,0.699584961,0.699584961,0.6945801,0.6945801,0.699584961,0.6994629,0.6994629,99.5555649,10.7190742,20.9479866,33.84929,10.0256767,45.6413841,18.01007,55,1110,7000.978,0,0,0,0,0.15625,0.25,0,0,0,0,0,0,0,0,0,62.59375,6141,5921,220,3.58247828,590.006,1.709568E+08,5785600,0.0002331558,16213.5352,15786.7578,426.777344,0.101870507,0,0,0,0,0,0,0,0,0,0,0,0,90.74082,0,0.0226527452,0.150614023,0,39121.01,85.62349,0,0,0.00124150794,0,0,0,0,0,0,0,0,0,0,0,0,0.00585896149,0.122745693,0,0,0,90005,79522,11.6471329,79523,100.001259,16.887,0,0
03/13/2025 10:04:32,0,1.73820257,0,0,35.8039,1.42685771,36.0190926,1.41115785,3.00872326,0,0,0,3.531468,0,0,0,5.616164,0.0109374523,0,0.231212378,4.386246,36.0190926,57,53.92857,54,56,57,57,55,52,52,52,52,52,54,54,54,54,57,46,44,43,43,45,48,48,48,48,48,46,46,46,46,3584,1991.11121,896,796.444458,696.8889,1991.11121,3484.44458,3484.44458,3484.44458,3484.44458,3484.44458,1095.11108,1493.33337,696.8889,13.0665283,7.44755268,0,0.205180556,0.6513672,0.6563721,0.6563721,0.657348633,0.657348633,0.657348633,0.657348633,0.657714844,0.6628418,0.6628418,0.6628418,0.6628418,0.6628418,0.663085938,0.6680908,99.55556,10.71743,20.94963,33.8440933,10.0231552,45.6439056,18.0055389,55,1125,7000.978,0,0,0,0,0.0546875,0.25,0,0,0,0,0,0,0,0,0,62.53125,6141,5921,220,3.58247828,590.006,1.854976E+08,5017600,0.0147152925,16213.5352,15786.7578,426.777344,0.116925932,0,0,0,0,0,0,0,0,0,0,0,0,90.74082,0,0.0369714946,0.0759291053,0,23929.5977,85.62349,0,0.200141,0.2216909,0,13597.7471,0,0,0,0,0,0,0,0,0,0,0.00585901272,0.122745752,58.43973,70.12768,0.000118673051,90005,79522,11.6471329,79523,100.001259,16.887,0,0
03/13/2025 10:04:32,1.31326318,0,0,0,17.19702,0,53.9219627,1.25538707,3.48082185,1.246798,0,1.24712586,0,1.26954317,1.2693882,0,1.998496,0,0,1.37085915,4.11690474,53.9219627,57,53.7142868,54,54,57,55,56,54,54,54,54,52,52,52,52,52,58,46,46,43,45,44,46,46,46,46,48,48,48,48,48,2887.111,2289.77783,4280.88867,4380.44434,2389.33325,4380.44434,3185.77783,3185.77783,3185.77783,3185.77783,1891.55554,3185.77783,1294.22217,696.888855,12.6404963,7.278749,0,0.204214737,0.652709961,0.6524658,0.6524658,0.647338867,0.65234375,0.65234375,0.6529541,0.6582031,0.6582031,0.6582031,0.6582031,0.662597656,0.662597656,0.662597656,0.662597656,99.55556,10.7168236,20.9502373,33.84218,10.0224991,45.64456,18.004364,55,1125,7000.978,0,0,0,0,0.06640625,0.25,0,0,0,0,0,0,0,0,0,62.53125,6141,5921,220,3.58247828,590.006,1.61024E+08,6502400,0.0491649844,16213.5352,15786.7578,426.777344,0.152896643,0,0,0,0,0,0,0,0,0,0,0,0,90.74082,0,0.0156746935,0.0136077,0,15044.1426,85.62349,0,0.1749547,0.172725588,0,9856.494,0,0,0,0,0,0,0,0,0,0,0.00585901272,0.122745752,0,0,0,90005,79522,11.6471329,79523,100.001259,16.886,0,0
03/13/2025 10:04:34,0,1.38179064,2.47573256,0.93266964,37.56915,0,34.1259766,0,0,0,0.95629096,0,1.9855082,0,0,0.93036294,1.555562,2.44245529,0.9357214,0,3.761804,37.56915,66,55.6428566,54,56,59,60,66,53,53,53,53,53,55,55,55,54,62,46,44,41,40,34,47,47,47,47,47,45,45,45,46,3384.8894,1592.88916,696.889,796.4446,796.4446,3882.66724,3484.445,3484.445,3484.445,3484.445,1592.88916,1095.11133,3484.445,796.4446,11.9161663,6.300095,0,0.2041082,0.652832031,0.797851563,0.797851563,0.794189453,0.681518555,0.7965088,0.806518555,0.6660156,0.721069336,0.7960205,0.776001,0.707397461,0.77734375,0.77734375,0.77734375,99.55557,10.71714,20.94992,33.8431778,10.0233269,45.643734,18.0058441,55,1110,7000.978,0,0,0,0,0,0.25,0,0,0,0,0,0,0,0,0,62.3125,6141,5921,220,3.58247828,590.006,1.690112E+08,6195200,0.0123977726,16213.5352,15786.7578,426.777344,0.118648954,0,0,0,0,0,0,0,0,0,0,0,0,90.74082,0,0.0411925763,0.1514178,0,72381.92,85.62349,0,0.171531186,0.157352254,0,11211.9453,0,0,0,0,0,0,0,0,0,0,0.00585901272,0.122745752,0,0,0,90005,79522,11.6471329,79523,100.001259,16.887,0,0
03/13/2025 10:04:34,2.686876,0.168418884,0,0,53.5312843,0,24.2643776,0,15.8014536,0,3.74907255,0,2.30240226,0,0,0,6.73172474,1.00705028,0.0394940376,0,1.35799646,53.5312843,76,56,53,54,57,76,55,57,54,54,54,54,54,54,54,54,68,47,46,43,24,45,43,46,46,46,46,46,46,46,46,4380.44531,4081.77856,4380.44531,4380.44531,4480.001,4081.77856,3185.77856,1592.88928,2986.66724,3484.445,3285.334,3484.445,3484.445,3484.445,15.2458973,9.796366,0,0.203983381,1.2253418,1.3503418,1.34777832,1.34777832,1.34863281,1.34863281,1.34863281,1.21862793,1.21862793,1.21862793,1.21862793,1.213623,1.21862793,1.21862793,1.21765137,99.55558,10.7164841,20.9505768,33.84111,10.0182381,45.6488228,17.9967041,55,1110,7000.978,0,0,0,0,0.16015625,0.25,0,0,0,0,0,0,0,0,0,62.5625,6141,5921,220,3.58247828,590.006,1.643008E+08,6553600,0.0477577075,16213.5352,15786.7578,426.777344,0.134694561,0,0,0,0,0,0,0,0,0,0,0,0,90.74082,0,0,0.000100962876,0,0,85.62349,0,0,0.00772365974,0,0,0,0,0,0,0,0,0,0,0,0,0.00585901272,0.122745752,0,0,0,90005,79522,11.6471329,79523,100.001259,16.887,0,0
03/13/2025 10:04:36,0.04696846,0.485628843,0.033980608,0.006467104,40.23114,14.683074,37.13637,16.897398,0.7729411,11.1178036,0.0207602978,11.2324181,1.73807144,0.045222044,0.031131506,0.0121474266,1.59211159,2.04616785,1.666075,1.65002942,7.07229376,40.23114,79,58.6428566,55,56,72,79,67,52,55,55,55,55,55,55,55,55,60,45,44,28,21,33,48,45,45,45,45,45,45,45,45,4380.44873,2190.22437,796.4452,3185.78076,3086.225,1294.22351,1095.11218,896.000854,796.4452,995.5565,1194.66785,1294.22351,1493.33472,1393.779,12.146431,6.737237,0,0.209824309,0.709960938,0.6899414,0.6849365,0.679931641,0.6776123,0.6776123,0.6826172,0.692626953,0.7126465,0.7126465,0.7076416,0.7076416,0.7145996,0.7145996,0.7145996,99.55565,10.7136726,20.9533882,33.83223,10.0166245,45.6504364,17.9938126,55,1125,7000.978,0,0,0,0,0.05078125,0.25,0,0,0,0,0,0,0,0,0,62.46875,6141,5921,220,3.58247828,590.006,1.914368E+08,4300800,0.00200364715,16213.5352,15786.7578,426.777344,0.1818376,0,0,0,0,0,0,0,0,0,0,0,0,90.74082,0,0.136094481,0.15337126,0,129656.016,85.62349,0,0.3156529,0.335471481,0,35538.5625,0,0,0,0,0,0,0,0,0,0,0.00585901272,0.122745752,0,0,0,90005,79522,11.6471329,79523,100.001259,16.887,0,0
03/13/2025 10:04:37,1.28400922,0,0,0,0,17.6486912,45.9613457,4.17546654,2.071774,4.95201349,0,0,0,0,0,0,0,2.42695212,0,0.065779686,3.32198143,45.9613457,58,54.1428566,54,54,58,55,55,54,52,52,52,52,55,55,55,55,57,46,46,42,45,45,46,48,48,48,48,45,45,45,45,4380.442,1095.11047,696.8885,1791.999,796.444031,696.8885,1592.88806,3484.44263,3484.44263,3484.44263,3484.44263,1991.11,3484.44263,2389.332,13.6179533,7.94046831,0,0.206420138,1.237793,1.21826172,1.18823242,1.18322754,1.21826172,1.24316406,1.15319824,1.18322754,1.18322754,1.18469238,1.18469238,1.19470215,0.8876953,0.9827881,0.9827881,99.5555038,10.7158394,20.9512215,33.8390732,10.0232544,45.6438065,18.0057144,55,2355,8000.982,0,0,0,0,0,0.25,0,0,0,0,0,0,0,0,0,62.53125,6141,5921,220,3.58247828,1.2,1.837056E+08,6860800,0.0007562039,16213.5352,15786.7578,426.777344,0.130721077,0,0,0,0,0,0,0,0,0,0,0,0,90.74082,0,0.0423312858,0.16471,0,56565.12,85.62349,0,0.1784212,0.182344586,0,10572.9092,0,0,0,0,0,0,0,0,0,0,0.00585901272,0.122745752,0,0,0,90005,79522,11.6471329,79523,100.001259,16.887,0,0
03/13/2025 10:04:38,0,0,0,0,0,25.3828583,40.26681,0,0,2.63175964,0.7399261,0,3.2928884,0,0,0,0,2.53564119,0,0,0,40.26681,69,55.42857,54,57,57,69,56,55,53,53,53,53,54,54,54,54,64,46,43,43,31,44,45,47,47,47,47,46,46,46,46,2090.66577,696.88855,1194.66614,4181.33154,4479.998,4479.998,3484.44287,3484.44287,3484.44287,3484.44287,1991.11011,796.4441,1194.66614,2986.66528,11.8779125,6.30958271,0,0.204520509,1.21899414,1.348999,1.35900879,1.31896973,1.31811523,1.33813477,1.33813477,1.24804688,1.23425293,1.23425293,1.23425293,1.2043457,1.2043457,1.2043457,1.2043457,99.55551,10.7124977,20.9545631,33.82852,10.0205917,45.64647,18.00093,55,1110,7000.978,0,0,0,0,0.06640625,0.25,0,0,0,0,0,0,0,0,0,62.59375,6141,5921,220,3.58247828,590.006,1.630208E+08,6963200,0.000799731351,16213.5352,15786.7578,426.777344,0.1307256,0,0,0,0,0,0,0,0,0,0,0,0,90.74082,0,0.00381996948,0.00564428233,0,4127.68945,85.62349,0,0,0,0,0,0,0,0,0,0,0,0,0,0,0,0.005859184,0.122745752,185.376572,0,0.000171110252,90005,79522,11.6471329,79523,100.001259,16.887,0,0
03/13/2025 10:04:39,0.7898748,0.6517887,3.71586084,0.6453812,11.5031242,42.713726,29.2323284,6.32650852,0.691449642,2.355063,0,0.6508231,0.682586432,0.6709814,0.6815195,3.60153317,0.6794691,5.395323,0.693786144,0,5.51537275,42.713726,72,55,53,53,57,72,53,54,52,52,52,52,55,55,55,55,73,47,47,43,28,47,46,48,48,48,48,45,45,45,45,4480.005,4181.338,4380.449,4280.89355,3185.78149,4181.338,3484.44849,3484.44849,3484.44849,3484.44849,1393.77942,2986.67017,2986.67017,2986.67017,12.4298239,7.09140873,0,0.204777673,1.22424316,1.34423828,1.34423828,1.31921387,1.34277344,1.33776855,1.33776855,1.21276855,1.21276855,1.21276855,1.21777344,1.21777344,1.21777344,1.21777344,1.21777344,99.55567,10.7116547,20.9554062,33.82586,10.0203819,45.64668,18.0005569,55,1110,7000.978,0,0,0,0,0.06640625,0.25,0,0,0,0,0,0,0,0,0,62.5,6141,5921,220,3.58247828,590.006,1.593856E+08,6912000,0.0595577173,16213.5352,15786.7578,426.777344,0.213080242,0,0,0,0,0,0,0,0,0,0,0,0,90.74082,0,0.123119526,0.111091129,0,3083614,85.62349,0,0.177550048,0.183745876,0,26353.46,0,0,0,0,0,0,0,0,0,0,0.005859184,0.122745752,0,0,0,90005,79522,11.6471329,79523,100.001259,16.887,0,0
03/13/2025 10:04:40,1.38589144,1.18178725,0,1.1824429,36.4288673,48.8632965,25.1859722,29.4208755,0,7.606822,1.48471,0,9.136301,2.49348879,0.5262315,0,1.19937062,9.398937,1.68200135,4.281086,6.21527433,48.8632965,73,59.6428566,55,61,73,68,72,58,58,58,58,58,54,54,54,54,70,45,39,27,32,28,42,42,42,42,42,46,46,46,46,4380.44531,4081.77881,3683.5564,1194.667,796.444641,796.444641,1194.667,995.5558,1095.11133,1692.44482,2389.334,3484.44531,1493.33374,1792.00049,12.1744137,6.58235025,0,0.20709765,0.7714844,0.7564697,0.73828125,0.73828125,0.73828125,0.73828125,0.743286133,0.7531738,0.7631836,0.7631836,0.7644043,0.754394531,0.7644043,0.7644043,0.7644043,99.55558,10.71397,20.95309,33.833168,10.0209312,45.64613,18.0015488,55,1065,7000.978,0,0,0,0,0.0546875,0.25,0,0,0,0,0,0,0,0,0,62.65625,6141,5921,220,3.58247828,590.006,1.631744E+08,6963200,0.00185830961,16213.5352,15786.7578,426.777344,0.131386355,0,0,0,0,0,0,0,0,0,0,0,0,90.74082,0,0.8167666,0.842360735,0,16363663,85.62349,0,0.3268817,0.360030383,0,36054.0547,0,0,0,0,0,0,0,0,0,0,0.00585926045,0.122745879,78.0479355,125.638138,0.000188010687,90005,79522,11.6471329,79523,100.001259,16.887,0,0
03/13/2025 10:04:41,0,1.27478242,1.29455924,1.27782822,5.717242,18.4949341,44.5678253,1.26115084,27.3774986,1.108408,2.8362155,2.78168321,5.18450165,1.32831931,2.80048251,1.27441287,1.27782822,4.01184,2.56456733,1.38049126,6.37908,44.5678253,69,54.7142868,53,53,57,69,56,54,52,52,52,52,54,54,54,54,62,47,47,43,31,44,46,48,48,48,48,46,46,46,46,1891.55371,796.443665,696.8882,895.9991,4479.99561,4181.329,3484.441,3484.441,3484.441,3484.441,1393.77637,796.443665,1194.66553,1194.66553,11.825633,6.259209,0,0.205858335,0.674926758,0.674926758,0.674926758,0.674926758,0.674926758,0.6746826,0.6746826,0.6746826,0.6746826,0.6746826,0.6746826,0.6793213,0.6793213,0.6793213,0.6793213,99.55546,10.7118416,20.95522,33.8264465,10.0174561,45.6496048,17.9953,55,1110,7000.978,0,0,0,0,0.0703125,0.25,0,0,0,0,0,0,0,0,0,62.5,6141,5921,220,3.58247828,590.006,1.864192E+08,4300800,0.0131289195,16213.5352,15786.7578,426.777344,0.129746959,0,0,0,0,0,0,0,0,0,0,0,0,90.74082,0,0.014470648,0.008741054,0,16519.2754,85.62349,0,0.161777928,0.157299861,0,10512.26,0,0,0,0,0,0,0,0,0,0,0.0058596693,0.122746408,429.132446,558.1654,0.000911316834,90005,79522,11.6471329,79523,100.001259,16.887,0,0
03/13/2025 10:04:42,0,0,0,0,0,37.22081,30.4481621,0,0,1.949197,0,0,0,0,0,0,0,0,0,0,1.93818212,37.22081,64,54.7142868,54,56,64,57,57,54,52,52,52,52,54,54,54,54,61,46,44,36,43,43,46,48,48,48,48,46,46,46,46,4380.445,1592.88892,4380.445,4380.445,4480,4480,3484.44458,3484.44458,3484.44458,3285.3335,3484.44458,2090.66675,796.444458,2986.66675,12.4230976,7.04303741,0,0.205895782,1.21923828,1.34423828,1.33935547,1.30932617,1.31933594,1.33435059,1.33520508,1.203125,1.203125,1.203125,1.203125,1.20812988,1.20812988,1.20812988,1.20812988,99.55556,10.7115784,20.9554825,33.8256149,10.0168648,45.6501961,17.99424,55,1125,7000.978,0,0,0,0,0.06640625,0.25,0,0,0,0,0,0,0,0,0,62.53125,6141,5921,220,3.58247828,590.006,1.610752E+08,6912000,0.0546470024,16213.5352,15786.7578,426.777344,0.204703629,0,0,0,0,0,0,0,0,0,0,0,0,90.74082,0,0,0.0164423957,0,0,85.62349,0,0,0,0,0,0,0,0,0,0,0,0,0,0,0,0.0058597466,0.122746535,86.80112,139.090942,0.000208507729,90005,79522,11.6471329,79523,100.001259,16.887,0,0
03/13/2025 10:04:43,0.97836256,0,0,0,0,61.04357,20.411581,0,0,1.99722052,0,0,3.67398858,0,0,0,0,9.763986,0,0,4.47524166,61.04357,69,55.6428566,53,54,57,69,56,55,54,54,54,54,54,55,55,55,57,47,46,43,31,44,45,46,46,46,46,46,45,45,45,1692.44617,796.445251,995.5565,4380.44873,4380.44873,4380.44873,1095.11218,3484.448,3484.448,1792.00171,1592.8905,1891.55737,1891.55737,3086.22534,12.746314,7.20738554,0,0.208417267,1.22473145,1.34973145,1.34973145,1.31970215,1.34973145,1.34509277,1.34509277,1.22009277,1.22009277,1.22009277,1.22009277,1.22009277,1.22009277,1.22009277,1.22009277,99.55566,10.711937,20.9551239,33.8267441,10.014492,45.65257,17.9899826,55,1125,7000.978,0,0,0,0,0.10546875,0.25,0,0,0,0,0,0,0,0,0,62.75,6141,5921,220,3.58247828,590.006,1.686528E+08,6707200,0.00133670424,16213.5352,15786.7578,426.777344,0.123618707,0,0,0,0,0,0,0,0,0,0,0,0,90.74082,0,0.0333585367,0.82612896,0,41804.23,85.62349,0,0.170366451,0.185238928,0,12746.3857,0,0,0,0,0,0,0,0,0,0,0.0058597466,0.122746535,0,0,0,90005,79522,11.6471329,79523,100.001259,16.887,0,0
03/13/2025 10:04:44,0,1.27587318,1.3097465,1.27609968,1.317054,41.9663,19.83257,1.27031207,1.27903223,0.332772732,4.79645729,1.26900077,0,1.27601027,1.2824595,1.28656626,1.28685236,2.103138,1.2929976,1.38683319,4.2656126,41.9663,76,55.2142868,53,54,56,76,55,55,52,52,52,52,54,54,54,54,69,47,46,44,24,45,45,48,48,48,48,46,46,46,46,796.444,1991.10986,696.8885,4380.442,4380.442,4280.886,3484.44238,3484.44238,1095.11047,796.444,995.554932,3484.44238,3484.44238,1692.44348,10.6945133,5.21162128,0,0.207007259,0.754760742,0.744873047,0.7248535,0.719848633,0.6887207,0.7237549,0.7237549,0.7437744,0.728759766,0.728759766,0.728759766,0.7237549,0.7303467,0.7303467,0.7303467,99.5555,10.7103767,20.9566841,33.8218231,10.0124092,45.65465,17.9862366,55,1110,7000.978,0,0,0,0,0.08203125,0.25,0,0,0,0,0,0,0,0,0,62.46875,6141,5921,220,3.58247828,590.006,1.603584E+08,7014400,0.0007420027,16213.5352,15786.7578,426.777344,0.115884,0,0,0,0,0,0,0,0,0,0,0,0,90.74082,0,0.011118954,0,0,3829.249,85.62349,0,0.161472648,0.140525252,0,5265.671,0,0,0,0,0,0,0,0,0,0,0.005859918,0.122746535,172.1032,0,0.000158858384,90005,79522,11.6471329,79523,100.001259,16.887,0,0
03/13/2025 10:04:45,0,0,0,0,0,43.88457,20.5409222,0,0,2.61625051,0,0,0,0,0,0,0,0,0,0,3.05908918,43.88457,56,53.42857,54,54,55,54,56,51,52,52,52,52,54,54,54,54,58,46,46,45,46,44,49,48,48,48,48,46,46,46,46,3882.66626,1095.111,796.4444,895.999939,4479.99951,4280.88867,3484.444,3484.444,3484.444,3484.444,3285.333,1393.77759,2687.99976,3484.444,11.029254,5.46687937,0,0.205939114,1.20593262,1.33093262,1.33093262,1.3359375,1.35375977,1.33459473,1.33459473,1.199585,1.199585,1.199585,1.199585,1.199585,1.199585,1.199585,1.199585,99.55555,10.7104836,20.9565773,33.82216,10.0149231,45.6521378,17.9907532,55,1110,7000.978,0,0,0,0,0.06640625,0.25,0,0,0,0,0,0,0,0,0,62.59375,6141,5921,220,3.58247828,590.006,1.580544E+08,6912000,0.0009117473,16213.5352,15786.7578,426.777344,0.09000186,0,0,0,0,0,0,0,0,0,0,0,0,90.74082,0,0.01312416,0.07045433,0,17485.4629,85.62349,0,0.366014659,0.4095378,0,20217.58,0,0,0,0,0,0,0,0,0,0,0.005859918,0.122746535,0,0,0,90005,79522,11.6471329,79523,100.001259,16.887,0,0
03/13/2025 10:04:46,0.07587075,0.00640749931,0.04246235,0.00169873238,0,54.1401367,19.9767418,0,0.036919117,2.14479566,0.0495612621,0.0208377838,0.896078348,0.03581047,0.0359118,1.57413483,0.0452697277,5.45716858,0,0.07275939,3.739214,54.1401367,65,55.07143,54,56,61,65,57,54,52,52,52,52,54,54,54,54,63,46,44,39,35,43,46,48,48,48,48,46,46,46,46,4380.446,1592.8894,2289.77856,995.555847,2488.88965,4480.00146,3484.44556,3484.44556,3484.44556,3185.77881,3484.44556,2389.334,796.4447,896.000244,13.1374073,7.461348,0,0.2047219,0.6870117,0.6621094,0.661865234,0.6678467,0.672485352,0.6678467,0.682251,0.6777344,0.6977539,0.6977539,0.6977539,0.6940918,0.6990967,0.6990967,0.7141113,99.55559,10.7098236,20.9572372,33.820076,10.013298,45.6537628,17.9878311,55,1110,7000.978,0,0,0,0,0.06640625,0.25,0,0,0,0,0,0,0,0,0,62.65625,6141,5921,220,3.58247828,590.006,1.817088E+08,5734400,0.000769249164,16213.5352,15786.7578,426.777344,0.170601264,0,0,0,0,0,0,0,0,0,0,0,0,90.74082,0,0.0211736746,0.109087087,0,23824.9727,85.62349,0,0,0,0,0,0,0,0,0,0,0,0,0,0,0,0.005859918,0.122746535,0,0,0,90005,79522,11.6471329,79523,100.001259,16.888,0,0
03/13/2025 10:04:47,0,0,0,0,4.404366,51.06458,12.7537069,2.86082625,0,7.706338,0,0,0.326299667,0,0,0,0,0.8552313,1.6005218,0.0792384148,4.0123105,51.06458,76,55.2857132,54,53,57,76,56,54,52,52,52,52,54,54,54,54,73,46,47,43,24,44,46,48,48,48,48,46,46,46,46,3683.55566,4280.889,1393.77783,3783.11133,1493.33337,4280.889,3484.44458,3484.44458,3484.44458,3484.44458,3484.44458,3484.44458,2289.77783,896,13.5951242,8.225552,0,0.203499645,0.6723633,0.672851563,0.672851563,0.672851563,0.672851563,0.672851563,0.677856445,0.6644287,0.679443359,0.679443359,0.6744385,0.6694336,0.6744385,0.6744385,0.6750488,99.55556,10.7098427,20.9572182,33.82013,10.0160561,45.6510048,17.9927826,55,1095,7000.978,0,0,0,0,0.07421875,0.25,0,0,0,0,0,0,0,0,0,62.65625,6141,5921,220,3.58247828,590.006,1.789952E+08,5734400,0.0597064942,16213.5352,15786.7578,426.777344,0.2154099,0,0,0,0,0,0,0,0,0,0,0,0,90.74082,0,0.03023262,0.0316158757,0,8663.278,85.62349,0,0.174569,0.182689413,0,12740.96,0,0,0,0,0,0,0,0,0,0,0.005859969,0.122746594,54.74135,65.68961,0.000111162764,90005,79522,11.6471329,79523,100.001259,16.887,0,0
03/13/2025 10:04:48,1.018393,0,0,0,0,34.967186,38.11493,0,0,3.090006,0,0,0,0,0,0,0,0,0,0,2.876836,38.11493,67,55.8571434,54,57,61,67,57,55,53,53,53,53,54,55,55,55,60,46,43,39,33,43,45,47,47,47,47,46,45,45,45,4181.33643,2090.66821,1095.11194,4380.44775,4280.892,4081.78076,1194.66748,2190.22388,796.445,995.5563,1095.11194,995.5563,995.5563,896.0006,12.2210236,6.79257059,0,0.2067287,0.658447266,0.663452148,0.663085938,0.658081055,0.663085938,0.652832031,0.6578369,0.6578369,0.6588135,0.663818359,0.663818359,0.6588135,0.663208,0.6682129,0.6682129,99.5556259,10.7098351,20.9572258,33.8201065,10.0173225,45.64974,17.9950638,55,1110,7000.978,0,0,0,0,0.0703125,0.25,0,0,0,0,0,0,0,0,0,62.65625,6141,5921,220,3.58247828,590.006,1.802752E+08,5478400,0.0006751724,16213.5352,15786.7578,426.777344,0.111661918,0,0,0,0,0,0,0,0,0,0,0,0,90.74082,0,0.0311580356,0.0364770256,0,30672.02,85.62349,0,0.1565,0.143354625,0,8966.43,0,0,0,0,0,0,0,0,0,0,0.005859969,0.122746594,0,0,0,90005,79522,11.6471329,79523,100.001259,16.888,0,0
03/13/2025 10:04:49,0,0,1.34580135,0,0,35.17866,35.152668,0,0.49880147,5.08772755,2.03403831,2.072233,3.300649,0.493961573,0.504410267,2.03722119,0.5124688,11.66979,3.72146368,0.6369293,1.323539,35.17866,69,55.57143,53,57,57,69,56,54,54,54,54,54,54,54,54,54,69,47,43,43,31,44,46,46,46,46,46,46,46,46,46,1891.555,796.4443,1194.66638,4081.77686,4081.77686,4081.77686,3484.4436,3484.4436,3484.4436,3484.4436,1791.99951,796.4443,895.999756,995.5553,12.8157349,7.310496,0,0.205715075,0.6633301,0.6633301,0.6583252,0.6583252,0.658569336,0.658569336,0.6685791,0.6685791,0.6685791,0.669555664,0.669555664,0.669555664,0.674560547,0.674560547,0.674560547,99.5555344,10.709938,20.9571228,33.8204346,10.0160637,45.6509972,17.9928055,55,210,7000.978,0,0,0,0,0.0703125,0.25,0,0,0,0,0,0,0,0,0,62.5625,6141,5921,220,3.58247828,590.006,1.77152E+08,6041600,0.0003259562,16213.5352,15786.7578,426.777344,0.130093768,0,0,0,0,0,0,0,0,0,0,0,0,90.74082,0,0.172240719,1.883668,0,3286965,85.62349,0,0.181522459,0.191092566,0,7109.91455,0,0,0,0,0,0,0,0,0,0,0.005859969,0.122746594,0,0,0,90005,79522,11.6471329,79523,100.001259,16.888,0,0
03/13/2025 10:04:50,0,2.68985033,1.25662684,2.692449,2.74204016,53.983223,13.7663422,33.7708359,2.68638134,0,1.18339658,1.16069317,1.18774176,2.67535448,2.67395973,1.18145943,2.68288851,2.695465,1.1931777,2.80087,6.630021,53.983223,67,55.42857,54,56,59,60,67,53,52,52,52,55,54,54,54,54,70,46,44,41,40,33,47,48,48,48,45,46,46,46,46,4480,1692.44446,796.444458,796.444458,796.444458,2588.44434,3484.44434,3484.44434,3484.44434,3484.44434,3484.44434,3484.44434,2588.44434,896,12.8045053,7.26537132,0,0.206457615,0.672485352,0.677124,0.672119141,0.6672363,0.667114258,0.6713867,0.6727295,0.6719971,0.677001953,0.682006836,0.683105469,0.6730957,0.6781006,0.6781006,0.6940918,99.55556,10.7294655,20.9375954,33.882103,10.0151672,45.6518936,17.991188,55,2355,8000.982,0,0,0,0,0,0.25,0,0,0,0,0,0,0,0,0,62.40625,6141,5921,220,3.58247828,590.006,1.388544E+08,7116800,0.00104870321,16213.5352,15786.7578,426.777344,0.128763586,0,0,0,0,0,0,0,0,0,0,0,0,90.74082,0,0.0408121943,0,0,231522.563,85.62349,0,0.173851043,0.0605310127,0,33068.16,0,0,0,0,0,0,0,0,0,0,0.00586165953,0.122754015,1831.71362,8038.34668,0.009110475,90005,79522,11.6471329,79523,100.001259,16.887,0,0
03/13/2025 10:04:51,0,0,0,0,0,54.05158,20.6450577,0,0,7.630068,0,0,0,0,0,0,0,0.9153545,0,0,2.54767537,54.05158,59,54.3571434,54,54,59,55,57,54,53,53,53,53,54,54,54,54,62,46,46,41,45,43,46,47,47,47,47,46,46,46,46,2488.89087,4181.33643,4480.00342,4380.44775,1493.33447,4380.44775,3484.44727,3484.44727,3484.44727,3484.44727,3484.44727,3086.22461,1095.11194,3484.44727,13.5423422,8.035893,0,0.204372928,1.217041,1.3470459,1.342041,1.31201172,1.342041,1.342041,1.34069824,1.21569824,1.21569824,1.21569824,1.21069336,1.21569824,1.21569824,1.21569824,1.21569824,99.55563,10.7143326,20.9527283,33.8343124,10.0143776,45.6526833,17.989769,55,1140,7000.978,0,0,0,0,0.05859375,0.25,0,0,0,0,0,0,0,0,0,62.625,6141,5921,220,3.58247828,590.006,1.707008E+08,6809600,0.0591025539,16213.5352,15786.7578,426.777344,0.199203491,0,0,0,0,0,0,0,0,0,0,0,0,90.74082,0,0.8718068,0.8624276,0,17298978,85.62349,0,0.1907673,0.3305119,0,13519.4346,0,0,0,0,0,0,0,0,0,0,0.00586165953,0.122754015,0,0,0,90005,79522,11.6471329,79523,100.001259,16.887,0,0
03/13/2025 10:04:52,0.0845015049,1.57345533,1.59674287,1.57359242,3.10469866,51.23154,29.2577515,7.29832649,1.59595609,5.296582,1.59634948,1.582092,2.57670879,1.59420967,1.59173012,1.59473419,1.59634948,3.08139324,1.6092062,1.88806057,6.0661974,51.23154,68,55.57143,54,55,68,56,62,55,52,52,52,52,55,55,55,55,67,46,45,32,44,38,45,48,48,48,48,45,45,45,45,4480.00049,4480.00049,4081.77832,4380.44531,1592.88916,696.889,796.4446,896.0001,1194.66687,1194.66687,1095.11133,1393.778,1294.22241,1095.11133,14.2478447,8.851806,0,0.209012419,0.6765137,0.6765137,0.6722412,0.6672363,0.6772461,0.6722412,0.677124,0.677124,0.677124,0.679443359,0.6994629,0.694458,0.694458,0.694458,0.694458,99.55557,10.7113762,20.9556847,33.82498,10.0133018,45.65376,17.9878387,55,1095,7000.978,0,0,0,0,0.05078125,0.25,0,0,0,0,0,0,0,0,0,62.53125,6141,5921,220,3.58247828,590.006,1.828864E+08,5632000,0.0125987455,16213.5352,15786.7578,426.777344,0.137229279,0,0,0,0,0,0,0,0,0,0,0,0,90.74082,0,0.08892365,0.09230929,0,147628.8,85.62349,0,0.16758427,0.152884245,0,9875.735,0,0,0,0,0,0,0,0,0,0,0.00586165953,0.122754015,0,0,0,90005,79522,11.6471329,79523,100.001259,16.887,0,0
03/13/2025 10:04:53,0.8759737,0,0,0,0,38.87022,22.88174,0,0,4.088509,0,0,0,0,0,0,0,0.215518475,0,0,0,38.87022,76,55.7142868,54,54,57,76,56,55,53,53,53,53,54,54,54,54,68,46,46,43,24,44,45,47,47,47,47,46,46,46,46,4280.88525,3982.21875,4380.44043,1592.88745,4081.77417,4081.77417,3285.33032,3285.33032,3285.33032,3185.775,3285.33032,1991.10938,796.4437,895.9992,12.8818207,7.67577028,0,0.204869524,0.6575928,0.6575928,0.6575928,0.658935547,0.658935547,0.6582031,0.663208,0.663208,0.6682129,0.6682129,0.6682129,0.6685791,0.673584,0.673584,0.673584,99.5554657,10.7101669,20.9568939,33.82116,10.0129356,45.6541252,17.9871826,55,1110,7000.978,0,0,0,0,0.05859375,0.25,0,0,0,0,0,0,0,0,0,62.65625,6141,5921,220,3.58247828,590.006,1.859584E+08,4505600,0.047440704,16213.5352,15786.7578,426.777344,0.188497543,0,0,0,0,0,0,0,0,0,0,0,0,90.74086,0,0.0118573112,0.0106775286,0,12182.5117,85.6235046,0,0.17204006,0.156464949,0,7105.349,0,0,0,0,0,0,0,0,0,0,0.00586165953,0.122754015,0,0,0,90005,79522,11.6471329,79523,100.001259,16.887,0,0
03/13/2025 10:04:54,0,1.372397,1.42237544,1.38204694,40.6739731,49.65406,22.5953579,40.69371,1.479274,2.03114152,2.97142267,1.45743489,1.570332,1.480341,1.48143172,1.49081349,1.49207711,2.2117734,2.45313048,1.61849856,8.971989,49.65406,66,54.7142868,53,52,59,56,66,54,52,52,53,53,54,54,54,54,70,47,48,41,44,34,46,48,48,47,47,46,46,46,46,4480.00049,1393.778,796.4445,796.4445,796.4445,2289.778,3484.44482,3484.44482,3484.44482,3484.44482,3484.44482,1692.4447,1194.66687,995.555664,12.5568933,6.965551,0,0.206434891,0.678710938,0.6879883,0.6928711,0.6828613,0.6824951,0.6824951,0.6876221,0.6776123,0.6826172,0.6977539,0.6977539,0.692749,0.692749,0.692749,0.692749,99.5555649,10.7103615,20.9567,33.8217773,10.0162582,45.6508026,17.9931564,55,1110,7000.978,0,0,0,0,0.0546875,0.25,0,0,0,0,0,0,0,0,0,62.59375,6141,5921,220,3.58247828,590.006,1.837056E+08,5017600,0.00104156556,16213.5352,15786.7578,426.777344,0.1333781,0,0,0,0,0,0,0,0,0,0,0,0,90.74086,0,0.021070268,0.147672564,0,41118.7969,85.6235046,0,0,0.0211806875,0,0,0,0,0,0,0,0,0,0,0,0,0.00586165953,0.122754015,0,0,0,90005,79522,11.6471329,79523,100.001259,16.887,0,0
03/13/2025 10:04:55,0.00312924385,0,0,0,0,26.4089,40.10775,0,0,10.8257885,0,0,0,0,0,0,0,7.73314857,0,0,2.52505541,40.10775,57,54.1428566,54,56,57,53,56,54,53,53,53,53,54,54,54,54,58,46,44,43,47,44,46,47,47,47,47,46,46,46,46,4380.44775,1991.11267,1393.77881,1592.89014,796.445068,1991.11267,1095.11194,3484.44727,3484.44727,3484.44727,3484.44727,1592.89014,1493.33447,1194.6676,12.4096375,6.644422,0,0.20477508,0.6522217,0.7258301,0.7208252,0.7208252,0.7208252,0.7258301,0.685791,0.6781006,0.723144531,0.6781006,0.6781006,0.6680908,0.6730957,0.6730957,0.6730957,99.55563,10.7094612,20.9576,33.81893,10.0153732,45.6516876,17.9915543,55,1110,7000.978,0,0,0,0,0.0546875,0.25,0,0,0,0,0,0,0,0,0,62.5625,6141,5921,220,3.58247828,590.006,1.617408E+08,6912000,0.00080256717,16213.5352,15786.7578,426.777344,0.124240279,0,0,0,0,0,0,0,0,0,0,0,0,90.74086,0,0.02134226,0.0462651663,0,82870.89,85.6235046,0,0.35614264,0.384959757,0,58531.875,0,0,0,0,0,0,0,0,0,0,0.00586165953,0.122756653,0,2871.877,0.0026508614,90005,79522,11.6471329,79523,100.001259,16.887,0,0
03/13/2025 10:04:56,0.3396988,2.65007615,0,2.64822245,2.67872214,26.5885582,50.06643,1.127702,2.64698863,4.10223,2.04826,2.62375474,3.69676948,2.64704227,2.65082121,0,2.65320539,6.072879,3.925693,2.83293128,6.06246,50.06643,63,54.92857,53,56,57,59,63,53,53,53,53,53,54,54,54,54,67,47,44,43,41,37,47,47,47,47,47,46,46,46,46,4479.998,1891.55481,4380.443,4380.443,2488.888,3882.665,3185.77661,3185.77661,3185.77661,3185.77661,3185.77661,796.444153,1095.11072,1891.55481,12.3572721,6.98658276,0,0.2060797,1.24511719,1.34021,1.34021,1.31518555,1.34521484,1.34021,1.34021,1.25012207,1.25012207,1.25012207,1.24755859,1.24755859,1.21264648,1.21264648,1.21765137,99.55552,10.7082024,20.9588585,33.8149567,10.0139008,45.65316,17.9889145,55,1125,7000.978,0,0,0,0,0.09375,0.25,0,0,0,0,0,0,0,0,0,62.71875,6141,5921,220,3.58247828,590.006,1.65888E+08,6707200,0.063057825,16213.5352,15786.7578,426.777344,0.214437187,0,0,0,0,0,0,0,0,0,0,0,0,90.74086,0,0.017178474,0,0,8814.125,85.6235046,0,0.172979936,0.162648544,0,6222.504,0,0,0,0,0,0,0,0,0,0,0.00586165953,0.122756653,0,0,0,90005,79522,11.6471329,79523,100.001259,16.887,0,0
03/13/2025 10:04:57,0.035429,0,0,0,0,42.2005463,33.43249,0,0,8.270609,2.306509,0,0,0,0,0,0,3.137809,0,0,1.67995691,42.2005463,77,57.7142868,54,57,60,77,72,52,55,55,55,55,54,54,54,54,72,46,43,40,23,28,48,45,45,45,45,46,46,46,46,4480.00342,4380.44775,4380.44775,2986.669,1592.89014,1493.33447,1294.22327,995.556335,995.556335,796.445068,796.445068,1095.11194,1095.11194,1393.77893,12.08975,6.67756128,0,0.209905729,0.7279053,0.707885742,0.707885742,0.7026367,0.7026367,0.7026367,0.7026367,0.7426758,0.7475586,0.7475586,0.7426758,0.739990234,0.7449951,0.7449951,0.7449951,99.55563,10.7082977,20.9587631,33.81526,10.01569,45.65137,17.9921265,55,1095,7000.978,0,0,0,0,0.0703125,0.25,0,0,0,0,0,0,0,0,0,62.5,6141,5921,220,3.58247828,590.006,1.80736E+08,5324800,0.00147193787,16213.5352,15786.7578,426.777344,0.129677787,0,0,0,0,0,0,0,0,0,0,0,0,90.74086,0,0.0494768545,0.353360653,0,52853.875,85.6235046,0,0,0.01228963,0,0,0,0,0,0,0,0,0,0,0,0,0.00586165953,0.122756653,0,0,0,90005,79522,11.6471329,79523,100.001259,16.887,0,0
03/13/2025 10:04:58,0.9215832,2.37034559,0.8872688,2.37030983,2.39976645,32.6125374,27.6763077,22.36551,2.39278674,3.639996,0.8919656,2.37079263,4.816699,2.399242,2.39795446,0.899231434,2.40461826,3.72114778,2.482766,2.48428583,6.1252594,32.6125374,64,55.7142868,54,54,62,64,60,55,53,53,53,52,55,55,55,55,74,46,46,38,36,40,45,47,47,47,48,45,45,45,45,4479.998,2389.33228,895.999634,1592.88818,995.5551,2687.99878,3484.44287,3484.44287,3484.44287,3484.44287,3484.44287,796.4441,1194.66614,796.4441,12.53232,6.924798,0,0.204442814,0.6520996,0.6571045,0.6627197,0.6628418,0.668334961,0.6727295,0.6777344,0.6776123,0.683105469,0.683105469,0.6981201,0.688110352,0.693115234,0.693115234,0.6949463,99.55551,10.7074089,20.9596519,33.8124542,10.0142746,45.6527863,17.9895859,55,1140,7000.978,0,0,0,0,0.06640625,0.25,0,0,0,0,0,0,0,0,0,62.5625,6141,5921,220,3.58247828,590.006,1.82016E+08,5427200,0.00133870961,16213.5352,15786.7578,426.777344,0.125120178,0,0,0,0,0,0,0,0,0,0,0,0,90.74086,0,0,0.0135588394,0,0,85.6235046,0,0.167391852,0.15994446,0,16329.78,0,0,0,0,0,0,0,0,0,0,0.005861831,0.122756653,183.366913,0,0.000169255247,90005,79522,11.6471329,79523,100.001259,16.887,0,0
03/13/2025 10:04:59,0,0,0,0,0,34.759922,32.01112,0,0,2.31627822,0,0,0,0,0,0,0,3.42851877,0,0,0,34.759922,71,55.07143,54,54,58,71,56,54,52,52,52,52,54,54,54,54,71,46,46,42,29,44,46,48,48,48,48,46,46,46,46,1393.77832,796.444763,696.88916,696.88916,4280.89063,4081.7793,3484.4458,3484.4458,3484.4458,3484.4458,3484.4458,2488.89,995.555969,796.444763,11.7661552,6.2750473,0,0.203861475,0.6533203,0.6533203,0.6583252,0.6533203,0.6583252,0.6583252,0.6633301,0.6583252,0.6633301,0.663818359,0.663818359,0.663818359,0.668823242,0.668823242,0.668823242,99.5555954,10.7072754,20.9597855,33.812027,10.01421,45.65285,17.9894714,55,1110,7000.978,0,0,0,0,0.0703125,0.25,0,0,0,0,0,0,0,0,0,62.59375,6141,5921,220,3.58247828,590.006,1.819136E+08,5222400,0.00155635143,16213.5352,15786.7578,426.777344,0.126613632,0,0,0,0,0,0,0,0,0,0,0,0,90.74086,0,0.02856898,0.0157899261,0,17577.0664,85.6235046,0,0.173738226,0.177102178,0,9542.932,0,0,0,0,0,0,0,0,0,0,0.005861831,0.122756734,0,84.34865,7.78572939E-05,90005,79522,11.6471329,79523,100.001259,16.887,0,0
03/13/2025 10:05:00,0.01641512,1.46909356,0,1.46861672,36.8934631,41.9011841,31.82267,42.4461174,1.48097873,0,0,1.45900846,1.70781612,1.48481727,1.47724748,0,1.48976445,2.25653052,1.83261037,1.77851319,8.372175,42.4461174,58,53.92857,54,54,58,54,57,54,52,52,52,52,54,54,54,54,58,46,46,42,46,43,46,48,48,48,48,46,46,46,46,4479.99951,4181.333,4280.888,4479.99951,3882.66626,4181.333,3185.77734,3185.77734,3185.77734,3185.77734,3185.77734,796.444336,895.9999,2289.77759,12.7461853,7.30374432,0,0.204477727,0.87109375,0.986206055,0.991210938,0.9812012,0.9844971,0.9844971,1.01940918,0.8944092,0.8944092,0.7944336,0.7944336,0.7944336,0.887207031,0.8922119,0.8623047,99.55554,10.7253113,20.94175,33.86898,10.0148506,45.65221,17.9906158,55,1125,7000.978,0,0,0,0,0.0703125,0.25,0,0,0,0,0,0,0,0,0,62.6875,6141,5921,220,3.58247828,590.006,1.851904E+08,4864000,0.0592285544,16213.5352,15786.7578,426.777344,0.200928852,0,0,0,0,0,0,0,0,0,0,0,0,90.74086,0,0.968448043,1.08200157,0,19704486,85.6235046,0,0.334508568,0.3585282,0,18588.47,0,0,0,0,0,0,0,0,0,0,0.005861831,0.122756734,0,0,0,90005,79522,11.6471329,79523,100.001259,16.888,0,0
03/13/2025 10:05:01,0.9150624,0,2.203071,0,0,29.8791885,43.04284,0,0,4.14621258,1.07989907,0,1.82551146,0,0,0,0,6.29519224,0,0,3.970784,43.04284,57,54,51,56,57,54,56,54,53,53,53,53,54,54,54,54,57,49,44,43,46,44,46,47,47,47,47,46,46,46,46,4081.77612,3882.665,1194.66614,796.444153,2289.77686,4380.443,3484.443,3484.443,3484.443,3484.443,3484.443,1493.33276,796.444153,796.444153,12.9792767,7.33647537,0,0.2046176,0.652709961,0.657226563,0.657226563,0.6522217,0.6534424,0.658447266,0.663452148,0.663452148,0.663452148,0.663452148,0.668457031,0.6641846,0.6641846,0.6641846,0.669189453,99.55552,10.7092285,20.9578323,33.8182,10.0158348,45.651226,17.9923935,55,1095,7000.978,0,0,0,0,0.1953125,0.25,0,0,0,0,0,0,0,0,0,62.6875,6141,5921,220,3.58247828,590.006,1.608704E+08,6707200,0.0128394691,16213.5352,15786.7578,426.777344,0.127410516,0,0,0,0,0,0,0,0,0,0,0,0,90.74086,0,0.008293112,0.0124093266,0,18642.1387,85.6235046,0,0,0.00450053,0,0,0,0,0,0,0,0,0,0,0,0,0.00586200226,0.122756734,186.124084,0,0.000171800246,90005,79522,11.6471329,79523,100.001259,16.888,0,0
03/13/2025 10:05:02,0,0,0,0,0,52.87242,19.6250916,0,0,0.705468655,0,0,0,0,0,0,0,0.49303174,0,0,3.31810713,52.87242,59,54.2857132,55,56,59,55,57,54,52,52,52,52,54,54,54,54,61,45,44,41,45,43,46,48,48,48,48,46,46,46,46,4380.445,1294.22229,796.444458,796.444458,4081.77783,4280.889,3484.44458,3484.44458,3484.44458,3285.3335,3484.44458,796.444458,995.5556,796.444458,13.2167387,7.754565,0,0.205005109,0.652709961,0.657714844,0.657714844,0.658081055,0.663208,0.668334961,0.6727295,0.6784668,0.682739258,0.682739258,0.6777344,0.6777344,0.6784668,0.693481445,0.693115234,99.55556,10.7070236,20.9600372,33.8112335,10.0111237,45.6559372,17.9839249,55,1095,7000.978,0,0,0,0,0.0703125,0.25,0,0,0,0,0,0,0,0,0,62.53125,6141,5921,220,3.58247828,590.006,1.789952E+08,5734400,0.0560863763,16213.5352,15786.7578,426.777344,0.317420363,0,0,0,0,0,0,0,0,0,0,0,0,90.74086,0,0.00531639066,0.009497821,0,4077.24146,85.6235046,0,0.173051491,0.156943038,0,12738.8125,0,0,0,0,0,0,0,0,0,0,0.00586200226,0.122756734,0,0,0,90005,79522,11.6471329,79523,100.001259,16.887,0,0
03/13/2025 10:05:03,0.09660125,1.44231319,0.057131052,1.44346356,0,46.27531,23.8587971,0,1.58050656,6.42001057,0,1.47786736,0.369507074,1.50486827,1.50600672,1.50816441,1.51028037,3.95216942,1.71800852,1.63225532,3.18511724,46.27531,72,55.6428566,54,56,54,72,56,55,54,54,54,54,54,54,54,54,65,46,44,46,28,44,45,46,46,46,46,46,46,46,46,1891.55664,4280.891,4380.447,4380.447,3584.002,4480.00244,1095.11169,3185.77954,3185.77954,3185.77954,1393.77856,796.4449,796.4449,796.4449,12.4623785,6.891998,0,0.204726443,0.652709961,0.652709961,0.6627197,0.6586914,0.6586914,0.6586914,0.6687012,0.663818359,0.668823242,0.668823242,0.668823242,0.668823242,0.6738281,0.668823242,0.6738281,99.55561,10.7072067,20.9598541,33.8118134,10.0121727,45.65489,17.98581,55,1110,7000.978,0,0,0,0,0.0546875,0.25,0,0,0,0,0,0,0,0,0,62.59375,6141,5921,220,3.58247828,590.006,1.893376E+08,4556800,0.058517307,16213.5352,15786.7578,426.777344,0.186740115,0,0,0,0,0,0,0,0,0,0,0,0,90.74086,0,0.0317523852,0.231481656,0,47186.6172,85.6235046,0,0.168133736,0.171211928,0,5522.388,0,0,0,0,0,0,0,0,0,0,0.00586200226,0.122756734,0,0,0,90005,79522,11.6471329,79523,100.001259,16.888,0,0
03/13/2025 10:05:04,0,0,0,0,18.7932663,32.70936,37.8014069,2.742964,0,0,4.2231617,0,1.41052008,0,0,0,0,1.598382,0.0913023949,0.0370383263,4.753959,37.8014069,58,54.2142868,54,56,58,55,56,53,53,53,53,52,54,54,54,54,58,46,44,42,45,44,47,47,47,47,48,46,46,46,46,4479.99854,2090.666,796.4442,696.8887,3882.66553,4380.44336,3484.44336,3484.44336,3484.44336,3484.44336,3484.44336,2090.666,796.4442,1791.99951,12.4075127,6.94083261,0,0.206820667,1.262085,1.29211426,1.28210449,1.27709961,1.27709961,1.26708984,1.26708984,1.27441406,1.27441406,1.27441406,1.27441406,1.28442383,1.27441406,1.28442383,1.28442383,99.55553,10.70713,20.95993,33.81157,10.0136337,45.6534271,17.9884338,55,1125,7000.978,0,0,0,0,0.0703125,0.25,0,0,0,0,0,0,0,0,0,62.5,6141,5921,220,3.58247828,590.006,1.669632E+08,6656000,0.00102262711,16213.5352,15786.7578,426.777344,0.130802035,0,0,0,0,0,0,0,0,0,0,0,0,90.74086,0,0.008094626,0,0,8577.344,85.6235046,0,0.180270344,0.178312138,0,11258.9521,0,0,0,0,0,0,0,0,0,0,0.00586217362,0.122756734,192.74913,0,0.000177915441,90005,79522,11.6471329,79523,100.001259,16.888,0,0
03/13/2025 10:05:05,1.18109584,0,0,0,0,36.5548744,37.51924,0,0,8.178205,1.28723979,0,2.062261,0,0,0,0,6.752658,2.06009746,0.04208088,4.558736,37.51924,57,54.1428566,54,55,57,54,56,54,53,53,53,53,54,54,54,54,57,46,45,43,46,44,46,47,47,47,47,46,46,46,46,2887.11084,2488.88867,4380.444,4380.444,4479.99951,4380.444,3285.333,3285.333,3285.333,3285.333,3086.222,1791.99976,1791.99976,3285.333,15.6084795,10.0558634,0,0.204659835,1.2277832,1.35778809,1.3527832,1.32275391,1.36193848,1.18200684,1.3170166,1.25195313,1.24694824,1.24694824,1.25195313,1.20629883,1.19628906,1.201294,1.20629883,99.55554,10.7160759,20.950985,33.83982,10.0153656,45.6516953,17.9915466,55,1110,7000.978,0,0,0,0,0.08203125,0.25,0,0,0,0,0,0,0,0,0,62.6875,6141,5921,220,3.58247828,590.006,1.682432E+08,6963200,0.0603151955,16213.5352,15786.7578,426.777344,0.211870581,0,0,0,0,0,0,0,0,0,0,0,0,90.74086,0,0.0287386924,0.840651631,0,236904.172,85.6235046,0,0.171933562,0.1947191,0,32676.4512,0,0,0,0,0,0,0,0,0,0,0.005862225,0.122756794,54.8314819,65.7977753,0.0001113458,90005,79522,11.6471329,79523,100.001259,16.887,0,0
03/13/2025 10:05:06,0.0222504139,0,0,0,0,41.17829,41.51018,0,0,9.338403,0,0,0.05810857,0,0,0,0,8.166801,0,0,4.90429974,41.51018,74,55.92857,54,56,59,74,56,54,53,53,52,52,55,55,55,55,61,46,44,41,26,44,46,47,47,48,48,45,45,45,45,2090.66724,995.5558,796.444641,4380.44531,4081.77881,4181.33447,3285.33423,3285.33423,3484.44531,3185.77856,1493.33374,1294.22253,1095.11133,995.5558,13.2789192,7.63868427,0,0.2079087,0.661010742,0.6660156,0.662963867,0.6623535,0.6678467,0.6727295,0.677368164,0.677368164,0.6826172,0.697631836,0.697631836,0.6876221,0.692626953,0.693115234,0.713134766,99.55558,10.7112923,20.9557686,33.8247147,10.0163422,45.65072,17.9933014,55,1110,7000.978,0,0,0,0,0.078125,0.25,0,0,0,0,0,0,0,0,0,62.65625,6141,5921,220,3.58247828,590.006,1.841152E+08,4864000,0.00110278686,16213.5352,15786.7578,426.777344,0.108094536,0,0,0,0,0,0,0,0,0,0,0,0,90.74086,0,0.0275585447,0.1563838,0,31647.3027,85.6235046,0,0.167557463,0.165817231,0,12169.5342,0,0,0,0,0,0,0,0,0,0,0.005862225,0.122756794,0,0,0,90005,79522,11.6471329,79523,100.001259,16.89,0,0
03/13/2025 10:05:07,1.69373751,0,0,0,18.69918,9.180861,39.514,0,0,0,5.49293756,0,0,0,0,0,0,0,1.99167132,0.01732707,3.533852,39.514,71,55.2142868,54,56,57,71,55,54,52,52,52,52,54,54,55,55,64,46,44,43,29,45,46,48,48,48,48,46,46,45,45,1891.55676,696.889343,4081.78027,4480.003,4380.44727,4380.44727,3484.44653,2090.668,995.5562,796.444946,696.889343,696.889343,896.000549,1095.11182,12.3757668,6.91965055,0,0.207252324,0.6796875,0.672119141,0.672119141,0.672119141,0.672119141,0.6837158,0.6837158,0.6937256,0.698730469,0.698730469,0.6937256,0.709106445,0.7141113,0.7141113,0.7141113,99.55562,10.7081833,20.9588776,33.8148956,10.0158157,45.6512451,17.9923553,55,1125,7000.978,0,0,0,0,0.6953125,0.25,0,0,0,0,0,0,0,0,0,62.59375,6141,5921,220,3.58247828,590.006,1.348096E+08,5222400,0.011166798,16213.5352,15786.7578,426.777344,0.135102168,0,0,0,0,0,0,0,0,0,0,0,0,90.74086,0,0.06306293,0.0449864119,0,355712.938,85.6235046,0,0.181031957,0.185443878,0,5856.042,0,0,0,0,0,0,0,0,0,0,0.005862302,0.122756921,79.1027756,126.755043,0.000190015286,90005,79522,11.6471329,79523,100.001259,16.888,0,0
03/13/2025 10:05:08,0.228577852,0.0343501568,2.26017237,0,16.24387,0,52.315033,0,0,0,0,0,0,0,0,0,0,0,1.77152753,0,3.3662796,52.315033,67,56.6428566,54,56,58,67,56,67,53,53,53,53,56,56,55,56,58,46,44,42,33,44,33,47,47,47,47,44,44,45,44,4380.446,4081.779,4380.446,4380.446,4480.00146,4380.446,1891.55615,3484.44556,1393.7782,995.555847,995.555847,696.8891,696.8891,796.4447,12.8514423,7.58938456,0,0.206343055,0.653198242,0.6582031,0.657714844,0.652709961,0.657714844,0.652709961,0.658081055,0.658081055,0.663085938,0.663085938,0.663085938,0.663085938,0.6680908,0.6680908,0.6680908,99.55559,10.7082405,20.95882,33.81507,10.0165024,45.65056,17.9935913,55,210,7000.978,0,0,0,0,0.0703125,0.25,0,0,0,0,0,0,0,0,0,62.5625,6141,5921,220,3.58247828,590.006,1.80736E+08,6041600,0.0474592037,16213.5352,15786.7578,426.777344,0.17487219,0,0,0,0,0,0,0,0,0,0,0,0,90.74086,0,0.0602312647,0.5223368,0,153720.578,85.6235046,0,0.1636666,0.171564445,0,11464.9951,0,0,0,0,0,0,0,0,0,0,0.005862302,0.122756921,0,0,0,90005,79522,11.6471329,79523,100.001259,16.888,0,0
03/13/2025 10:05:09,2.16742158,0,0,0,17.586977,0,53.6510544,0.0121295452,0.01398921,0,1.3044,0.00143647194,8.051425,0.0395596027,0.08394122,0.0352025032,0.0371277332,0.0528156757,2.36611962,7.13369846,4.554796,53.6510544,69,55.57143,51,54,55,69,55,54,54,54,54,54,56,56,56,56,69,49,46,45,31,45,46,46,46,46,46,44,44,44,44,2488.88843,895.9999,796.444336,2488.88843,4479.99951,4479.99951,3484.44385,3484.44385,3484.44385,3484.44385,2289.77734,796.444336,597.333252,597.333252,12.9634752,7.34840536,0,0.204788685,0.642822266,0.647460938,0.647460938,0.6520996,0.6520996,0.647827148,0.652832031,0.6578369,0.6586914,0.6586914,0.6586914,0.6586914,0.663085938,0.663085938,0.663085938,99.55554,10.7127724,20.9542885,33.8293839,10.0157356,45.6513252,17.992218,55,1125,7000.978,0,0,0,0,0.0625,0.25,0,0,0,0,0,0,0,0,0,62.65625,6141,5921,220,3.58247828,590.006,1.85088E+08,4505600,0.0008010245,16213.5352,15786.7578,426.777344,0.129644781,0,0,0,0,0,0,0,0,0,0,0,0,90.74086,0,0.120841615,0.121629052,0,3084780.5,85.6235046,0,0,0.0007268669,0,0,0,0,0,0,0,0,0,0,0,0,0.005862302,0.122756921,0,0,0,90005,79522,11.6471329,79523,100.001259,16.889,0,0
03/13/2025 10:05:10,2.07347274,0.456112623,1.20168328,0.454539061,25.6045113,0.447392464,45.1575928,0,0.480008125,0.4417956,0,0.4419148,5.96950626,1.45850182,1.78804994,0.9261966,1.25912428,1.01012588,4.689211,2.26900578,4.54416275,45.1575928,71,55.3571434,53,57,59,71,55,54,52,52,52,52,54,54,55,55,61,47,43,41,29,45,46,48,48,48,48,46,46,45,45,1891.55469,696.88855,696.88855,4380.44238,4380.44238,4479.998,3484.44287,3285.33179,3484.44287,3484.44287,1393.7771,3185.77637,3285.33179,1891.55469,12.680171,7.025952,0,0.2048044,1.20629883,1.33129883,1.33630371,1.34130859,1.20715332,1.23205566,1.22717285,1.17919922,1.17919922,1.17919922,1.19995117,1.18493652,1.204956,1.18493652,1.18493652,99.55551,10.7215614,20.9455,33.85714,10.0134239,45.6536369,17.98806,55,1140,7000.978,0,0,0,0,0.0703125,0.25,0,0,0,0,0,0,0,0,0,62.625,6141,5921,220,3.58247828,590.006,1.558016E+08,6860800,0.000901946332,16213.5352,15786.7578,426.777344,0.135330126,0,0,0,0,0,0,0,0,0,0,0,0,90.74086,0,0.7616634,0.8407335,0,18099776,85.6235046,0,0.363146216,0.373131573,0,22690.6523,0,0,0,0,0,0,0,0,0,0,0.00586234126,0.122756958,44.2973976,44.2973976,8.177666E-05,90005,79522,11.6471329,79523,100.001259,16.889,0,0
03/13/2025 10:05:11,2.11706161,1.3961792,1.56911016,1.39026046,23.7255039,1.40749216,53.5617828,4.37803841,1.44978762,1.39660239,5.38066626,1.396209,0,1.43703222,1.43623948,1.44190192,1.4467299,1.44879818,4.99792671,1.521349,5.608225,53.5617828,74,55.5,54,57,57,74,56,55,52,52,52,52,54,54,54,54,69,46,43,43,26,44,45,48,48,48,48,46,46,46,46,4480.00342,4181.33643,4480.00342,4380.44775,1891.557,3982.225,3185.78,3185.78,3185.78,3185.78,3185.78,3185.78,796.445,1692.44568,13.6544561,8.223411,0,0.204697117,0.8359375,0.8392334,0.8592529,0.8592529,1.36584473,1.3359375,1.1776123,1.17260742,1.17260742,1.17260742,1.18908691,1.18908691,1.18908691,1.18908691,1.1940918,99.5556259,10.7187729,20.948288,33.8483353,10.0153275,45.6517334,17.991478,55,1125,7000.978,0,0,0,0,0.0703125,0.25,0,0,0,0,0,0,0,0,0,62.5625,6141,5921,220,3.58247828,590.006,1.757696E+08,6092800,0.0603287779,16213.5352,15786.7578,426.777344,0.186426058,0,0,0,0,0,0,0,0,0,0,0,0,90.74086,0,0.02614548,0.354897022,0,50004.832,85.6235046,0,0.170533508,0.207539722,0,31129.459,0,0,0,0,0,0,0,0,0,0,0.00586234126,0.122756958,0,0,0,90005,79522,11.6471329,79523,100.001259,16.888,0,0
03/13/2025 10:05:12,0,0,0,0,13.0301418,0,59.8104134,0,0,0,7.616341,0,1.6448915,0,0,0,0,0,4.096836,0.6542504,4.12311554,59.8104134,81,57.92857,54,62,57,73,56,81,52,52,52,52,55,55,55,55,74,46,38,43,27,44,19,48,48,48,48,45,45,45,45,4380.44629,4480.002,4480.002,1493.334,1592.88965,796.4448,796.4448,796.4448,796.4448,796.4448,796.4448,696.8892,696.8892,896.0004,12.7318316,7.31187439,0,0.2057304,0.659790039,0.6697998,0.66796875,0.667114258,0.667114258,0.6621094,0.672119141,0.672119141,0.6784668,0.6784668,0.6734619,0.6734619,0.6784668,0.6784668,0.6784668,99.5556,10.7150116,20.95205,33.8364639,10.0140228,45.653038,17.9891357,55,1110,7000.978,0,0,0,0,0.140625,0.25,0,0,0,0,0,0,0,0,0,62.65625,6141,5921,220,3.58247828,590.006,1.79968E+08,5068800,0.0013005865,16213.5352,15786.7578,426.777344,0.125983492,0,0,0,0,0,0,0,0,0,0,0,0,90.74086,0,0.004513593,0,0,1983.50378,85.6235046,0,0.168155551,0.168174922,0,6942.79736,0,0,0,0,0,0,0,0,0,0,0.00586234126,0.122756958,0,0,0,90005,79522,11.6471329,79523,100.001259,16.887,0,0
03/13/2025 10:05:13,0.0152826309,0,0,0,8.009892,0,51.8865929,0,0,0,1.11852288,1.41102076,0,0,0,0,0,0,0,0.0247180462,2.995646,51.8865929,76,55.57143,54,57,54,76,56,57,52,52,52,52,54,54,54,54,76,46,43,46,24,44,43,48,48,48,48,46,46,46,46,4480,1592.88892,696.888855,796.444458,796.444458,3086.22217,3185.77783,3484.44434,3484.44434,2986.66675,3484.44434,3484.44434,995.555542,1393.77771,12.1833248,6.62155247,0,0.206285149,0.786743164,0.791748047,0.8017578,0.8017578,0.794555664,0.8045654,0.794555664,0.7196045,0.7196045,0.779541,0.779541,0.779541,0.7825928,0.7825928,0.7825928,99.55556,10.7124367,20.9546242,33.8283234,10.0131912,45.65387,17.987648,55,1125,7000.978,0,0,0,0,0.0703125,0.25,0,0,0,0,0,0,0,0,0,62.8125,6141,5921,220,3.58247828,590.006,1.87648E+08,4300800,0.0134421121,16213.5352,15786.7578,426.777344,0.123630874,0,0,0,0,0,0,0,0,0,0,0,0,90.74086,0,0,0,0,0,85.6235046,0,0,0,0,0,0,0,0,0,0,0,0,0,0,0,0.00586234126,0.122756958,0,0,0,90005,79522,11.6471329,79523,100.001259,16.887,0,0
03/13/2025 10:05:14,0.774788857,0,0,0,25.60898,0,52.6335373,0,0,0,0,0,0,0,0,0,0,0,1.260817,0,3.34018469,52.6335373,60,54.92857,53,60,57,57,56,55,54,54,54,53,54,54,54,54,59,47,40,43,43,44,45,46,46,46,47,46,46,46,46,4380.44531,4380.44531,1393.77808,2688.00049,995.5558,4280.88965,3285.334,3185.77832,3285.334,3185.77832,3285.334,3285.334,2588.445,796.4446,13.4440384,8.056282,0,0.206577435,0.6727295,0.682739258,0.6783447,0.668334961,0.6682129,0.6789551,0.6722412,0.667480469,0.677490234,0.677490234,0.677490234,0.669189453,0.674194336,0.6791992,0.6791992,99.55557,10.7156792,20.9513817,33.838562,10.01796,45.6491,17.9962082,55,1125,7000.978,0,0,0,0,0.0546875,0.25,0,0,0,0,0,0,0,0,0,62.6875,6141,5921,220,3.58247828,590.006,1.612288E+08,7014400,0.0468572974,16213.5352,15786.7578,426.777344,0.173383564,0,0,0,0,0,0,0,0,0,0,0,0,90.74086,0,0.0548986867,0.17456238,0,55265.3867,85.6235046,0,0.161308229,0.1293715,0,13180.1162,0,0,0,0,0,0,0,0,0,0,0.00586234126,0.122756958,0,0,0,90005,79522,11.6471329,79523,100.001259,16.887,0,0
03/13/2025 10:05:15,1.10884309,1.24536157,1.3268292,1.24125481,5.26466942,1.2466073,64.28976,1.39431357,1.49808526,1.37608051,4.14481163,1.37482882,1.50964856,1.40904784,1.40327811,1.4083147,1.41502023,2.955228,2.897352,1.52996778,5.001956,64.28976,59,54.6428566,54,56,57,59,56,55,52,52,52,52,55,55,55,55,61,46,44,43,41,44,45,48,48,48,48,45,45,45,45,3982.22241,1393.77783,796.4445,696.8889,796.4445,696.8889,696.8889,3484.44458,3484.44458,3484.44458,3484.44458,3484.44458,1592.889,2688.00024,11.8532715,6.30973673,0,0.2053275,1.072876,1.08288574,1.06286621,1.07788086,1.07788086,1.05395508,1.05395508,1.06396484,0.9439697,0.938964844,1.06396484,0.938964844,1.06396484,1.0489502,1.04394531,99.5555649,10.7118263,20.9552345,33.8264,10.015522,45.65154,17.9918289,55,2355,8000.982,0,0,0,0,0,0.25,0,0,0,0,0,0,0,0,0,62.5625,6141,5921,220,3.58247828,590.006,1.729536E+08,6144000,0.0125326263,16213.5352,15786.7578,426.777344,0.141770557,0,0,0,0,0,0,0,0,0,0,0,0,90.74086,0,0.0135461,0.058181446,0,10720.3,85.6235046,0,0.343018353,0.377516538,0,46969.41,0,0,0,0,0,0,0,0,0,0,0.00586294942,0.122758634,651.128,1791.84839,0.00225496851,90005,79522,11.6471329,79523,100.001259,16.887,0,0
03/13/2025 10:05:16,0,0,0,0,19.56094,0,49.4336624,0,0,0,1.092881,0,0,0,0,0,0,0,0.299590826,0,2.98867226,49.4336624,57,54.2142868,54,57,55,55,56,54,52,52,52,52,55,55,55,55,59,46,43,45,45,44,46,48,48,48,48,45,45,45,45,2887.11133,4081.778,4480.00049,4480.00049,1991.11121,696.8889,995.5556,3185.778,3185.778,3185.778,3185.778,3185.778,1991.11121,3185.778,12.1572475,6.76420641,0,0.204476953,1.10290527,1.35791016,1.197876,0.734375,1.32434082,1.31933594,1.31933594,1.09936523,1.22436523,1.22436523,1.17932129,1.22436523,1.22497559,1.22497559,1.22497559,99.5555649,10.7106171,20.9564438,33.8225861,10.0156364,45.6514244,17.9920349,55,2355,8000.982,0,0,0,0,0,0.25,0,0,0,0,0,0,0,0,0,62.59375,6141,5921,220,3.58247828,590.006,1.856512E+08,6451200,0.04758388,16213.5352,15786.7578,426.777344,0.184618235,0,0,0,0,0,0,0,0,0,0,0,0,90.74086,0,0.0109325219,0,0,9174.634,85.6235046,0,0,0,0,0,0,0,0,0,0,0,0,0,0,0,0.00586294942,0.122758634,0,0,0,90005,79522,11.6471329,79523,100.001259,16.888,0,0
03/13/2025 10:05:17,5.990231,0,0,0,41.9333344,0,29.23034,0,0,0,0,0,4.124242,0,0,0,0,0,6.182581,0,2.22145915,41.9333344,79,56.2857132,54,54,79,54,64,55,52,52,52,52,55,55,55,55,75,46,46,21,46,36,45,48,48,48,48,45,45,45,45,4480.001,1891.55591,796.444641,696.889038,896.0002,696.889038,696.889038,3484.445,3484.445,3484.445,3484.445,3285.334,1592.88928,3484.445,12.1170731,6.448141,0,0.2049019,1.20788574,0.6628418,0.6533203,0.7532959,1.31835938,1.1583252,1.1583252,1.17834473,1.23339844,1.22717285,1.22717285,1.22717285,1.22717285,1.22717285,1.22717285,99.55558,10.7107277,20.9563332,33.82293,10.0169907,45.65007,17.9944687,55,1125,7000.978,0,0,0,0,0,0.25,0,0,0,0,0,0,0,0,0,62.6875,6141,5921,220,3.58247828,590.006,1.695744E+08,6963200,0.00141808332,16213.5352,15786.7578,426.777344,0.140706375,0,0,0,0,0,0,0,0,0,0,0,0,90.74086,0,0.02642601,0.14793919,0,41375.1953,85.6235046,0,0.1809616,0.177799761,0,12929.7549,0,0,0,0,0,0,0,0,0,0,0.00586294942,0.122758634,0,0,0,90005,79522,11.6471329,79523,100.001259,16.888,0,0
03/13/2025 10:05:18,0.08326173,2.08013654,2.11439729,2.08355784,33.348877,4.760349,37.5450363,21.0129375,1.88387036,1.86102986,7.22314739,1.8599391,2.01611519,1.86663866,1.86706185,1.86712146,1.86721683,1.87183619,2.80994177,1.93886161,6.59806156,37.5450363,71,58.2142868,55,62,71,58,63,64,54,54,54,54,57,57,56,56,63,45,38,29,42,37,36,46,46,46,46,43,43,44,44,4380.44336,2090.666,796.4442,4380.44336,3484.4436,3384.888,2986.66577,2986.66577,2986.66577,2986.66577,2986.66577,2986.66577,2986.66577,3484.4436,13.0844927,7.613052,0,0.207184419,1.22351074,1.34399414,1.34399414,1.348999,1.33630371,1.34484863,1.33557129,1.19555664,1.19555664,1.19555664,1.20019531,1.20019531,1.20019531,1.20019531,1.20019531,99.55553,10.7089081,20.9581528,33.8171844,10.0127525,45.65431,17.9868546,55,1125,7000.978,0,0,0,0,0.0703125,0.25,0,0,0,0,0,0,0,0,0,62.65625,6141,5921,220,3.58247828,590.006,1.669632E+08,6758400,0.00128151686,16213.5352,15786.7578,426.777344,0.106993094,0,0,0,0,0,0,0,0,0,0,0,0,90.74086,0,0.189818263,0.218594342,0,3394453.25,85.6235046,0,0.226771876,0.233711734,0,6222.87939,0,0,0,0,0,0,0,0,0,0,0.005863121,0.122758634,203.258392,0,0.000187615908,90005,79522,11.6471329,79523,100.001259,16.887,0,0
03/13/2025 10:05:19,0.89776516,0,0,0,24.7625828,0,44.984478,0,0,0,5.886388,0,0,0,0,0,0,0,0,0,0,44.984478,72,55.8571434,54,54,57,72,60,57,52,52,52,52,55,55,55,55,74,46,46,43,28,40,43,48,48,48,48,45,45,45,45,4480.002,4380.44629,4380.44629,3185.7793,1194.66724,696.8892,696.8892,896.000366,796.4448,796.4448,796.4448,796.4448,796.4448,796.4448,12.0021887,6.492501,0,0.205234468,0.6619873,0.6669922,0.6669922,0.6669922,0.6719971,0.6669922,0.6719971,0.6738281,0.678833,0.6838379,0.683959961,0.6789551,0.6789551,0.6739502,0.6789551,99.5556,10.7293739,20.9376869,33.8818054,10.0127525,45.65431,17.9868546,55,2355,8000.982,0,0,0,0,0,0.25,0,0,0,0,0,0,0,0,0,62.65625,6141,5921,220,3.58247828,590.006,1.60256E+08,6809600,0.000111053814,16213.5352,15786.7578,426.777344,0.162490964,0,0,0,0,0,0,0,0,0,0,0,0,90.74086,0,0.735944569,0.531459451,0,15467636,85.6235046,0,0.157869413,0.161335573,0,9783.713,0,0,0,0,0,0,0,0,0,0,0.005863121,0.12275967,0,1015.605,0.0009374455,90005,79522,11.6471329,79523,100.001259,16.887,0,0
03/13/2025 10:05:20,0.804924965,0.708663464,0.7298708,0.7051945,40.545166,31.65332,27.9415073,28.96936,1.41963363,0,0.4156828,0.16220212,4.35154438,1.41899586,1.4126718,1.41620636,1.43409967,0,11.5438166,0.235402584,7.78644657,40.545166,72,58.7857132,54,61,72,65,61,66,55,55,55,55,55,55,57,57,65,46,39,28,35,39,34,45,45,45,45,45,45,43,43,4380.44336,3982.22144,3683.555,796.4443,1791.99963,895.9998,895.9998,1095.11084,1991.11072,1692.44409,1592.88855,1294.22192,1194.66638,995.555359,12.4428339,7.067776,0,0.2096234,0.6628418,0.6578369,0.6633301,0.6633301,0.6633301,0.6633301,0.668823242,0.668823242,0.668823242,0.668823242,0.6738281,0.6689453,0.6739502,0.6739502,0.6739502,99.5555344,10.7129745,20.9540863,33.8300247,10.0168266,45.6502342,17.9941711,55,1110,7000.978,0,0,0,0,0.0703125,0.25,0,0,0,0,0,0,0,0,0,62.5625,6141,5921,220,3.58247828,590.006,1.81248E+08,5376000,0.00142510771,16213.5352,15786.7578,426.777344,0.113644093,0,0,0,0,0,0,0,0,0,0,0,0,90.74086,0,0.0560001619,0.146033779,0,298871.031,85.6235046,0,0.159660235,0.189574927,0,7651.806,0,0,0,0,0,0,0,0,0,0,0.00586355757,0.122762278,438.085815,2615.43774,0.0028185288,90005,79522,11.6471329,79523,100.001259,16.887,0,0
03/13/2025 10:05:21,1.31452084,0,0.119262934,0,20.9951229,0,44.6265869,0.5196929,0.540220737,0.5150795,1.87562108,0.514531136,1.93721652,0.558960438,0.5429089,0.5474627,0.550198555,0.579208136,1.5249908,0.8391917,3.86573076,44.6265869,57,53.92857,54,54,57,55,56,54,52,52,52,52,55,54,54,54,57,46,46,43,45,44,46,48,48,48,48,45,46,46,46,3583.99731,2687.998,895.9993,796.443848,796.443848,2687.998,3484.442,3484.442,3484.442,3484.442,3484.442,3484.442,1393.77673,796.443848,12.1382284,6.594249,0,0.204748169,0.657226563,0.657226563,0.6522217,0.657226563,0.6582031,0.6582031,0.663208,0.6682129,0.6680908,0.6680908,0.6680908,0.663085938,0.6730957,0.6730957,0.6680908,99.55548,10.7107964,20.9562645,33.823143,10.0136414,45.65342,17.98845,55,1125,7000.978,0,0,0,0,0.1328125,0.25,0,0,0,0,0,0,0,0,0,62.65625,6141,5921,220,3.58247828,590.006,1.781248E+08,5068800,0,16213.5352,15786.7578,426.777344,0.0848650858,0,0,0,0,0,0,0,0,0,0,0,0,90.74086,0,0.00691767829,0.003963253,0,4216.365,85.6235046,0,0.190246448,0.187189072,0,13176.126,0,0,0,0,0,0,0,0,0,0,0.005863729,0.122762278,189.434113,0,0.000174855522,90005,79522,11.6471329,79523,100.001259,16.887,0,0
03/13/2025 10:05:22,0.374752283,0,0,0,32.28733,0,32.26931,0,0,0,3.266573,0,0,0,0,0,0,0,0,0,2.823007,32.28733,57,54.2142868,53,56,57,55,56,54,53,53,53,53,54,54,54,54,59,47,44,43,45,44,46,47,47,47,47,46,46,46,46,2688.00122,1891.55627,696.88916,696.88916,696.88916,2488.89,3484.4458,3484.4458,3285.33472,3185.779,3285.33472,3285.33472,3484.4458,1991.11194,11.8382015,6.24170542,0,0.2047417,0.8078613,0.9046631,0.9046631,0.884643555,0.889648438,0.9156494,0.890625,0.785644531,0.8914795,0.8914795,0.876464844,0.7714844,0.876464844,0.876464844,0.876464844,99.5555954,10.7099075,20.9571533,33.820343,10.0147209,45.65234,17.9903946,55,1125,7000.978,0,0,0,0,0.0703125,0.25,0,0,0,0,0,0,0,0,0,62.625,6141,5921,220,3.58247828,590.006,1.84832E+08,4812800,0.000913528551,16213.5352,15786.7578,426.777344,0.161217257,0,0,0,0,0,0,0,0,0,0,0,0,90.74086,0,0.0183797851,0.0442332178,0,24515.45,85.6235046,0,0.163182959,0.135034546,0,5616.966,0,0,0,0,0,0,0,0,0,0,0.005863729,0.122762278,0,0,0,90005,79522,11.6471329,79523,100.001259,16.887,0,0
03/13/2025 10:05:23,0.780111551,0,0,0,39.1825333,0,36.6925774,5.36702871,0,0,0,0,2.659899,0,0,0,0,0,2.13330984,0,2.68211365,39.1825333,56,53.8571434,55,52,55,54,56,53,52,52,52,53,55,55,55,55,58,45,48,45,46,44,47,48,48,48,47,45,45,45,45,2986.6665,1194.66663,4479.99951,4380.44434,3783.11084,4380.44434,3086.222,3086.222,3086.222,2588.44434,796.4444,1095.11108,1791.99988,2986.6665,12.804553,7.34721136,0,0.20459573,1.2076416,1.26257324,1.3326416,1.317627,1.2064209,1.35144043,1.35644531,1.22143555,1.22644043,1.22644043,1.22644043,1.22644043,1.21521,1.21521,1.21521,99.55555,10.7094078,20.957653,33.8187561,10.0169754,45.6500854,17.9944382,55,1110,7000.978,0,0,0,0,0.06640625,0.25,0,0,0,0,0,0,0,0,0,62.6875,6141,5921,220,3.58247828,590.006,1.796608E+08,6348800,0.06936591,16213.5352,15786.7578,426.777344,0.178647891,0,0,0,0,0,0,0,0,0,0,0,0,90.74086,0,0.0338415019,0.139164448,0,49290.7344,85.6235046,0,0.173796028,0.20920755,0,10897.001,0,0,0,0,0,0,0,0,0,0,0.005863729,0.122762278,0,0,0,90005,79522,11.6471329,79523,100.001259,16.887,0,0
03/13/2025 10:05:24,1.02254152,0,0,0,33.7416763,0,40.1519051,0,0,0,19.2978439,0,0,0,0,0,0,0,0.474739075,0,4.24489975,40.1519051,73,55.2857132,54,56,57,73,55,55,52,52,52,52,54,54,54,54,71,46,44,43,27,45,45,48,48,48,48,46,46,46,46,4181.33545,1294.2229,4380.447,4480.00244,4280.891,4280.891,2289.779,796.4448,796.4448,896.0005,1095.11169,2090.66772,1692.44531,1493.33411,12.5637579,7.14629,0,0.207361072,0.7258301,0.705810547,0.705810547,0.7027588,0.7027588,0.7077637,0.7027588,0.7077637,0.714355469,0.714355469,0.714355469,0.714355469,0.714355469,0.714355469,0.714355469,99.5556,10.7082748,20.958786,33.8151855,10.0137177,45.6533432,17.9885864,55,1095,7000.978,0,0,0,0,0.078125,0.25,0,0,0,0,0,0,0,0,0,62.71875,6141,5921,220,3.58247828,590.006,1.862656E+08,4761600,0.000776628032,16213.5352,15786.7578,426.777344,0.102884836,0,0,0,0,0,0,0,0,0,0,0,0,90.74086,0,0.0607493147,0.08079913,0,147497.531,85.6235046,0,0,0,0,0,0,0,0,0,0,0,0,0,0,0,0.0058639003,0.122762278,167.262115,0,0.000154389854,90005,79522,11.6471329,79523,100.001259,16.892,0,0
03/13/2025 10:05:25,0.326967239,0.2390325,0.28808713,0.238907337,32.88925,0.233250856,32.92647,0.249987841,0.2488792,0.235199928,2.10180879,0.232088566,0.459897518,0.259059668,0.264841318,0.2682686,0.266391039,0.259119272,0.886672735,0.3714919,3.66228819,32.92647,57,54,54,54,57,54,57,55,52,52,52,53,54,54,54,54,57,46,46,43,46,43,45,48,48,48,47,46,46,46,46,2687.99951,1891.5553,796.444336,2787.55518,4380.444,4280.888,1095.111,3484.44385,3484.44385,3484.44385,2887.1106,995.5554,696.8888,796.444336,12.7461185,7.166849,0,0.204620451,0.6534424,0.6534424,0.658447266,0.657714844,0.657714844,0.6627197,0.6633301,0.668334961,0.668334961,0.668334961,0.668334961,0.6633301,0.66796875,0.672973633,0.672973633,99.55554,10.7085571,20.9585037,33.81608,10.0171814,45.64988,17.994812,55,1125,7000.978,0,0,0,0,0.07421875,0.25,0,0,0,0,0,0,0,0,0,62.59375,6141,5921,220,3.58247828,590.006,1.83296E+08,5017600,0.000845189265,16213.5352,15786.7578,426.777344,0.09502637,0,0,0,0,0,0,0,0,0,0,0,0,90.74086,0,0.0447916,0.107989833,0,100345.344,85.6235046,0,0.4364225,0.452059627,0,48536.6875,0,0,0,0,0,0,0,0,0,0,0.0058639003,0.122762278,0,0,0,90005,79522,11.6471329,79523,100.001259,16.892,0,0
03/13/2025 10:05:26,0.150239468,0,1.65090561,0,56.88996,0,18.4252968,0,0,0,4.6110034,0,1.85326934,0,0,0,0,1.18399858,8.26646,0,4.44126129,56.88996,72,55.2142868,53,55,72,54,61,54,52,52,52,52,54,54,54,54,63,47,45,28,46,39,46,48,48,48,48,46,46,46,46,2488.88843,895.9998,4181.33252,4081.777,4479.999,4479.999,3484.44385,3484.44385,3484.44385,796.4443,995.555359,1095.111,895.9998,995.555359,11.6571541,6.023673,0,0.2072524,0.6669922,0.6719971,0.66796875,0.673339844,0.673339844,0.671875,0.681884766,0.692749,0.6977539,0.712768555,0.712768555,0.7077637,0.7154541,0.7154541,0.7154541,99.5555344,10.7086334,20.9584274,33.8163147,10.0167007,45.65036,17.9939423,55,1110,7000.978,0,0,0,0,0.0703125,0.25,0,0,0,0,0,0,0,0,0,62.59375,6141,5921,220,3.58247828,590.006,1.775104E+08,6041600,0.0009578159,16213.5352,15786.7578,426.777344,0.124444351,0,0,0,0,0,0,0,0,0,0,0,0,90.74086,0,0.03488718,0.117755271,0,29623.9082,85.6235046,0,0.198181152,0.183851615,0,6024.03857,0,0,0,0,0,0,0,0,0,0,0.0058639003,0.122762278,0,0,0,90005,79522,11.6471329,79523,100.001259,16.892,0,0
03/13/2025 10:05:27,1.06676817,0,0.0161528587,0,34.16354,0,35.3436127,0,1.41458511,1.3356626,0,1.399523,1.41950846,0,0,0,0,0,1.89620256,0.0428915024,3.130275,35.3436127,71,55.8571434,54,61,57,71,56,55,53,53,53,53,54,54,54,54,61,46,39,43,29,44,45,47,47,47,47,46,46,46,46,1792.002,796.4453,796.4453,4380.449,4380.449,4181.338,995.556641,1393.7793,696.889648,696.889648,696.889648,696.889648,995.556641,1194.668,11.1465693,5.75101233,0,0.2070369,0.6813965,0.680664063,0.680664063,0.680664063,1.21069336,1.34570313,1.34570313,1.225708,1.20996094,1.20996094,1.20996094,1.20996094,1.20996094,1.20996094,1.20996094,99.5556641,10.708168,20.9588928,33.81485,10.0163116,45.65075,17.993248,55,1110,7000.978,0,0,0,0,0.0703125,0.25,0,0,0,0,0,0,0,0,0,62.625,6141,5921,220,3.58247828,590.006,1.828352E+08,5171200,0.000115445568,16213.5352,15786.7578,426.777344,0.159421727,0,0,0,0,0,0,0,0,0,0,0,0,90.74086,0,0.0199927352,0.0281260144,0,9686.85,85.6235046,0,0.1672902,0.206859544,0,27609.8223,0,0,0,0,0,0,0,0,0,0,0.0058639003,0.122762278,0,0,0,90005,79522,11.6471329,79523,100.001259,16.892,0,0
03/13/2025 10:05:28,0.6828129,2.14227438,0.6477177,2.13760138,13.92268,6.44346476,54.8334961,9.08851051,0.564658642,0.552821159,0.580698252,0.6133616,0,2.101791,2.11401582,2.1158874,2.11988688,0.5925,4.44397354,2.212894,5.37316227,54.8334961,73,56.2142868,54,56,60,73,57,55,52,52,52,52,56,56,56,56,74,46,44,40,27,43,45,48,48,48,48,44,44,44,44,4380.444,1493.33313,696.8888,1393.77759,1791.99976,4380.444,3484.44385,3484.44385,3484.44385,3484.44385,3484.44385,3484.44385,3484.44385,1692.44421,13.6025572,7.9565444,0,0.20545426,0.757202148,0.7423096,0.7423096,0.765869141,0.6813965,1.32092285,1.16589355,0.770874,1.2220459,1.2220459,1.2220459,1.177002,1.2220459,1.21203613,1.2220459,99.55554,10.7265053,20.9405556,33.87275,10.016655,45.6504059,17.993866,55,210,7000.978,0,0,0,0,0.0703125,0.25,0,0,0,0,0,0,0,0,0,62.53125,6141,5921,220,3.58247828,590.006,1.801728E+08,5632000,0.0006050126,16213.5352,15786.7578,426.777344,0.07653572,0,0,0,0,0,0,0,0,0,0,0,0,90.74086,0,0.187115461,0.218174711,0,3383109.75,85.6235046,0,0,0.0009912526,0,0,0,0,0,0,0,0,0,0,0,0,0.0058639003,0.122762278,0,0,0,90005,79522,11.6471329,79523,100.001259,16.892,0,0
03/13/2025 10:05:29,0,0,0,0,48.15128,0,30.427557,0,0,0,4.18061638,0,0,0,0,0,0,0,4.20109653,0.008678436,0,48.15128,69,55.2857132,51,54,57,69,56,55,53,53,53,53,55,55,55,55,69,49,46,43,31,44,45,47,47,47,47,45,45,45,45,2090.66577,796.4441,796.4441,4380.44238,4280.887,4380.44238,3484.44287,796.4441,1095.1106,1194.66614,3086.221,3086.221,3086.221,1095.1106,12.0052071,6.40569067,0,0.204909116,1.0970459,1.21203613,1.11193848,1.342041,1.3515625,1.36950684,1.36950684,1.22949219,1.17456055,1.17456055,1.17456055,1.1895752,1.1895752,1.1895752,1.17456055,99.55551,10.7091446,20.9579163,33.8179321,10.0133171,45.6537437,17.9878616,55,1110,7000.978,0,0,0,0,0.08984375,0.25,0,0,0,0,0,0,0,0,0,62.5625,6141,5921,220,3.58247828,590.006,1.823232E+08,5683200,0.00101672043,16213.5352,15786.7578,426.777344,0.166824445,0,0,0,0,0,0,0,0,0,0,0,0,90.74086,0,0.837385237,0.707335651,0,16670794,85.6235046,0,0.169254541,0.1744773,0,13044.835,0,0,0,0,0,0,0,0,0,0,0.0058639003,0.122762278,0,0,0,90005,79522,11.6471329,79523,100.001259,16.887,0,0
03/13/2025 10:05:30,0,1.25635862,1.29834414,1.256597,22.8473186,28.68148,46.463932,15.5513344,1.26226544,1.25303268,0.9177506,1.25586987,1.35288835,1.28470659,1.265043,1.26485825,1.25935078,1.26734972,2.33899355,0,6.58539534,46.463932,57,54.2142868,53,54,57,54,56,54,54,54,54,53,54,54,54,54,59,47,46,43,46,44,46,46,46,46,47,46,46,46,46,2986.66553,995.5552,4479.998,4380.443,3882.665,4479.998,3185.77661,3086.221,3086.221,3185.77661,3086.221,1095.11072,2986.66553,3285.332,12.2389555,6.78651142,0,0.204587951,1.22180176,1.2467041,1.2467041,1.22180176,1.18493652,1.31494141,1.36499023,1.22998047,1.22998047,1.22998047,1.20617676,1.20617676,1.20617676,1.20617676,1.20617676,99.55552,10.7076683,20.9593925,33.81327,10.0113449,45.6557159,17.9843216,55,1125,7000.978,0,0,0,0,0.05859375,0.25,0,0,0,0,0,0,0,0,0,62.71875,6141,5921,220,3.58247828,590.006,1.650176E+08,6963200,0.0671152845,16213.5352,15786.7578,426.777344,0.172818989,0,0,0,0,0,0,0,0,0,0,0,0,90.74086,0,0.009389986,0.04165777,0,16339.1221,85.6235046,0,0.3481811,0.346729368,0,27402.36,0,0,0,0,0,0,0,0,0,0,0.0058639003,0.122762278,0,0,0,90005,79522,11.6471329,79523,100.001259,16.887,0,0
03/13/2025 10:05:31,0.8139014,0,0,0,31.5435047,0,47.9906273,0,0,0,2.279526,0.215411186,0,0,0,0,0,0,4.247493,0,3.22400928,47.9906273,74,58.2142868,71,64,66,74,55,58,52,53,53,53,54,54,54,54,68,29,36,34,26,45,42,48,47,47,47,46,46,46,46,4480.00635,4380.45068,4480.00635,4480.00635,1592.89111,696.8899,696.8899,896.0013,3484.44922,1792.00256,1891.55823,1194.66833,796.445557,796.445557,12.3424149,6.71384,0,0.20515506,0.6484375,0.6534424,0.6533203,0.6533203,0.6533203,0.658569336,0.658569336,0.6635742,0.6627197,0.6627197,0.6627197,0.6627197,0.6677246,0.6677246,0.6677246,99.5556946,10.7079048,20.959156,33.81402,10.0172043,45.6498566,17.99485,55,1125,7000.978,0,0,0,0,0.06640625,0.25,0,0,0,0,0,0,0,0,0,62.6875,6141,5921,220,3.58247828,590.006,1.764352E+08,6092800,0.0129924724,16213.5352,15786.7578,426.777344,0.131931067,0,0,0,0,0,0,0,0,0,0,0,0,90.74086,0,0.0480950139,0.3109118,0,104618.055,85.6235046,0,0.163880363,0.162892044,0,10706.0215,0,0,0,0,0,0,0,0,0,0,0.0058639003,0.122762278,0,0,0,90005,79522,11.6471329,79523,100.001259,16.892,0,0
03/13/2025 10:05:32,1.056248,2.460879,3.35623622,2.45873332,40.272438,3.9287746,27.686327,3.9411366,2.48186,2.4507165,2.438432,0.989639759,6.177044,2.5072515,2.475965,2.50439048,2.48813033,2.48348713,7.261193,2.739507,6.10792065,40.272438,57,53.7857132,54,54,57,54,56,54,52,52,52,52,54,54,54,54,58,46,46,43,46,44,46,48,48,48,48,46,46,46,46,1891.55408,1991.10962,4479.99658,4081.77466,3882.66357,4479.99658,3185.77539,3086.22,3185.77539,3285.33081,1393.77673,796.443848,995.5548,1095.11023,12.2701855,7.01361942,0,0.203249246,0.679931641,0.6746826,0.6796875,0.6746826,0.6746826,0.6796875,0.6796875,0.693481445,0.6984863,0.6984863,0.6984863,0.688476563,0.693481445,0.713501,0.713501,99.55548,10.7078133,20.9592476,33.81373,10.0159,45.65116,17.9925079,55,1110,7000.978,0,0,0,0,0.07421875,0.25,0,0,0,0,0,0,0,0,0,62.65625,6141,5921,220,3.58247828,590.006,1.8432E+08,5068800,0.05267906,16213.5352,15786.7578,426.777344,0.156054512,0,0,0,0,0,0,0,0,0,0,0,0,90.74086,0,0.0105245607,0.0122686876,0,4082.32373,85.6235046,0,0,0.0110228825,0,0,0,0,0,0,0,0,0,0,0,0,0.0058639003,0.122762278,0,0,0,90005,79522,11.6471329,79523,100.001259,16.887,0,0
03/13/2025 10:05:33,0,0,0,0,25.2367382,0,40.3703575,0,0,0,2.41628885,0,0,0,0,0,0,0,2.0989,0,0.142622,40.3703575,72,55.3571434,53,54,57,72,56,55,52,52,52,52,55,55,55,55,72,47,46,43,28,44,45,48,48,48,48,45,45,45,45,2090.667,796.4445,696.889,4480.00049,4380.445,4480.00049,3484.44482,3484.44482,2190.22241,896.0001,696.889,696.889,796.4445,796.4445,12.3021955,6.750152,0,0.207476586,0.6542969,0.659301758,0.659301758,0.659301758,0.653198242,0.6582031,0.663208,0.6636963,0.6636963,0.6636963,0.6687012,0.6636963,0.6687012,0.6697998,0.6697998,99.5555649,10.7076378,20.9594231,33.81317,10.0166283,45.6504326,17.9938126,55,1140,7000.978,0,0,0,0,0.0703125,0.25,0,0,0,0,0,0,0,0,0,62.5625,6141,5921,220,3.58247828,590.006,1.575936E+08,6707200,0.00106089655,16213.5352,15786.7578,426.777344,0.124211773,0,0,0,0,0,0,0,0,0,0,0,0,90.74086,0,0.03587396,0.0373320952,0,16810.3145,85.6235046,0,0.163745552,0.165213346,0,13349.3643,0,0,0,0,0,0,0,0,0,0,0.0058639003,0.122762278,0,0,0,90005,79522,11.6471329,79523,100.001259,16.892,0,0
03/13/2025 10:05:34,0,0.9999633,1.05981827,1.00126266,28.1499023,11.846674,42.33889,16.4334469,1.023835,1.00548863,2.24791765,1.0022223,1.59571767,1.01800561,1.02069974,1.032567,1.04951262,1.04534626,0.312578678,1.17137432,5.746031,42.33889,64,54.7857132,53,57,55,64,56,54,53,53,53,53,54,54,54,54,70,47,43,45,36,44,46,47,47,47,47,46,46,46,46,1991.11157,696.889038,1692.44482,1393.77808,4380.44531,4280.88965,1294.22253,3484.44531,3484.44531,3285.334,3484.44531,1792.00037,1592.88928,2389.33374,13.5684633,7.856326,0,0.205663323,1.26330566,1.28833008,1.23327637,1.23327637,1.33410645,1.32409668,1.32409668,1.20471191,1.22460938,1.22460938,1.22460938,1.22460938,1.20959473,1.21960449,1.22460938,99.55558,10.7170868,20.9499741,33.84301,10.0202484,45.6468124,18.00032,55,1125,7000.978,0,0,0,0,0.0703125,0.25,0,0,0,0,0,0,0,0,0,62.625,6141,5921,220,3.58247828,590.006,1.718784E+08,6860800,0.00119174819,16213.5352,15786.7578,426.777344,0.135225639,0,0,0,0,0,0,0,0,0,0,0,0,90.74086,0,0.04452922,0.1634076,0,59419.49,85.6235046,0,0.185048461,0.171890378,0,7217.7417,0,0,0,0,0,0,0,0,0,0,0.0058639003,0.122762278,0,0,0,90005,79522,11.6471329,79523,100.001259,16.892,0,0
03/13/2025 10:05:35,5.554843,0,0,0,29.7856979,0,56.63486,0,0,0,9.079641,0.2265811,3.440708,0,0,0,0,0,5.78786755,3.99966836,5.01154661,56.63486,74,56.7142868,55,61,56,74,58,58,53,53,53,53,55,55,55,55,65,45,39,44,26,42,42,47,47,47,47,45,45,45,45,4380.447,4181.33545,4380.447,3086.22388,1095.11169,896.0005,796.4449,1194.66736,1194.66736,1194.66736,995.5561,796.4449,995.5561,1095.11169,13.4982109,8.291356,0,0.208626553,0.662597656,0.667602539,0.6687012,0.6636963,0.6687012,0.6687012,0.6687012,0.6743164,0.6793213,0.6793213,0.6793213,0.6793213,0.6793213,0.678833,0.678833,99.55561,10.7154083,20.9516525,33.8377075,10.0161667,45.6508942,17.9929886,55,1110,7000.978,0,0,0,0,0.109375,0.25,0,0,0,0,0,0,0,0,0,62.6875,6141,5921,220,3.58247828,590.006,1.860608E+08,4659200,0.0544038266,16213.5352,15786.7578,426.65625,0.172001511,0,0,0,0,0,0,0,0,0,0,0,0,90.74086,0,0.0294802655,0.0497616231,0,122748.742,85.6235046,0,0.160814419,0.177014768,0,11691.5127,0,0,0,0,0,0,0,0,0,0,0.00586400274,0.122762404,104.656662,125.58799,0.000212525352,90005,79522,11.6471329,79523,100.001259,16.888,0,0
03/13/2025 10:05:36,0,1.05827451,1.08221173,1.05791092,22.613102,1.04114413,45.8047943,1.0601759,1.06624961,1.03478432,0.5407095,0,0,1.08897686,1.06037259,1.05661154,1.0774076,1.07187033,0.666499138,0,4.05694246,45.8047943,74,55.3571434,54,54,57,54,56,74,53,53,52,52,54,54,54,54,70,46,46,43,46,44,26,47,47,48,48,46,46,46,46,1095.11023,696.888367,796.443848,696.888367,2588.44238,4081.77466,3484.44165,3484.44165,3484.44165,3484.44165,3484.44165,3185.77539,1095.11023,796.443848,11.8747149,6.278332,0,0.207372621,0.6578369,0.6578369,0.658081055,0.658081055,0.6530762,0.6530762,0.658569336,0.658569336,0.6635742,0.6635742,0.6633301,0.6583252,0.6633301,0.668334961,0.668334961,99.55548,10.7121544,20.9549065,33.82743,10.0130424,45.65402,17.9873734,55,1125,7000.978,0,0,0,0,0.0703125,0.25,0,0,0,0,0,0,0,0,0,62.59375,6141,5921,220,3.58247828,590.006,1.762816E+08,6041600,0.01401676,16213.5352,15786.8789,426.65625,0.168853089,0,0,0,0,0,0,0,0,0,0,0,0,90.74086,0,0,0.003324941,0,0,85.6235046,0,0.162333012,0.1739054,0,8691.777,0,0,0,0,0,0,0,0,0,0,0.00586504024,0.122762404,1112.39343,0,0.00102678523,90005,79522,11.6471329,79523,100.001259,16.887,0,0
03/13/2025 10:05:37,0.08237958,2.21140385,0,0,28.3028374,0,0,47.0344734,0,0,1.09652877,6.17647743,1.649642,0,0,0,0,0,0,7.791108,2.07187533,47.0344734,72,55.6428566,54,56,72,55,60,54,53,53,53,53,54,54,54,54,68,46,44,28,45,40,46,47,47,47,47,46,46,46,46,3783.111,4380.44434,4181.3335,2389.33325,4280.88867,4280.88867,3285.33325,3484.44434,3285.33325,3285.33325,796.444458,2289.77783,796.444458,696.8889,13.2291346,7.81021261,0,0.2048264,0.652709961,0.6525879,0.6525879,0.6525879,0.647583,0.651855469,0.651855469,0.656860352,0.6583252,0.6633301,0.6633301,0.6583252,0.6633301,0.6624756,0.6624756,99.55556,10.7148743,20.9521866,33.83602,10.0143547,45.6527061,17.98973,55,1125,7000.978,0,0,0,0,0.07421875,0.25,0,0,0,0,0,0,0,0,0,62.6875,6141,5921,220,3.58247828,590.006,1.742336E+08,5939200,0.0482860133,16213.5352,15786.8789,426.65625,0.145034984,0,0,0,0,0,0,0,0,0,0,0,0,90.74086,0,0.331710935,0.7155279,0,3499173,85.6235046,0,0.170963317,0.164758071,0,9704.311,0,0,0,0,0,0,0,0,0,0,0.005866681,0.122762404,1757.72375,0,0.00162245193,90005,79522,11.6471329,79523,100.001259,16.887,0,0
03/13/2025 10:05:38,0.128352642,0.908648968,0.136828423,0.09800196,35.4767151,25.659811,0.148797035,39.699585,0.119239092,0.09170771,0.119751692,0,0.5601704,0.208377838,0.100809336,0.106060505,1.91456079,0.104302168,0.111269951,3.0488193,5.406475,39.699585,57,54.5,54,56,57,55,56,57,53,53,53,53,54,54,54,54,64,46,44,43,45,44,43,47,47,47,47,46,46,46,46,4380.44629,1294.22278,796.444763,796.444763,796.444763,4081.7793,3285.33472,3484.4458,3484.4458,3484.4458,3484.4458,3285.33472,1692.44507,1493.334,12.4894686,6.91146946,0,0.20579122,0.7335205,0.7335205,0.707519531,0.6875,0.682373047,0.6875,0.6875,0.7128906,0.7128906,0.7128906,0.7128906,0.707885742,0.7128906,0.7128906,0.7298584,99.5555954,10.7272186,20.9398422,33.8750076,10.01379,45.65327,17.9887161,55,1140,7000.978,0,0,0,0,0.1328125,0.25,0,0,0,0,0,0,0,0,0,62.65625,6141,5921,220,3.58247828,590.006,1.788416E+08,5222400,0.00130259886,16213.5352,15786.8789,426.65625,0.116759859,0,0,0,0,0,0,0,0,0,0,0,0,90.74086,0,0.8234777,0.56782347,0,17259378,85.6235046,0,0.1758461,0.166435391,0,10923.82,0,0,0,0,0,0,0,0,0,0,0.00586693,0.122762531,271.211273,135.097748,0.00037504005,90005,79522,11.6471329,79523,100.001259,16.887,0,0
03/13/2025 10:05:39,5.70297241,0.7045984,0,0,19.4301243,0,0,42.05528,0,0,0,2.84205079,0,0,0,0,0,0,0,2.59134769,1.82349086,42.05528,57,53.8571434,54,54,57,55,56,52,52,52,52,52,54,54,55,55,58,46,46,43,45,44,48,48,48,48,48,46,46,45,45,4480.002,1692.44519,796.4448,796.4448,896.0004,796.4448,2190.22314,3484.446,3484.446,3484.446,3484.446,3484.446,3484.446,1692.44519,12.4675207,6.893352,0,0.205920741,0.7496338,0.8397217,0.8096924,0.8096924,0.813110352,0.7980957,0.7980957,0.658081055,0.7281494,0.723144531,0.7980957,0.6583252,0.708374,0.7783203,0.7783203,99.5556,10.710331,20.95673,33.82167,10.0139542,45.6531067,17.9890137,55,1140,7000.978,0,0,0,0,0.0703125,0.25,0,0,0,0,0,0,0,0,0,62.75,6141,5921,220,3.58247828,590.006,1.611776E+08,6809600,0.00191427208,16213.5352,15786.8789,426.65625,0.116115525,0,0,0,0,0,0,0,0,0,0,0,0,90.74086,0,0.00555436267,0,0,2590.01514,85.6235046,0,0,0,0,0,0,0,0,0,0,0,0,0,0,0,0.00586693,0.122762531,0,0,0,90005,79522,11.6471329,79523,100.001259,16.887,0,0
03/13/2025 10:05:40,0,1.94473267,1.1736393,0,38.97075,13.2286968,10.8222723,35.0394859,0,0,0,2.069813,4.672885,0.649791956,0.9443641,1.3122797,0.959521532,1.04773045,0,7.04278946,5.861264,38.97075,66,55.92857,54,58,64,56,57,66,52,52,52,52,55,55,55,55,66,46,42,36,44,43,34,48,48,48,48,45,45,45,45,4480.00146,1393.7782,796.444641,796.444641,696.8891,696.8891,696.8891,1692.445,3484.44531,3484.44531,3484.44531,3484.44531,3484.44531,1393.7782,12.8138819,7.11954927,0,0.203681737,0.713134766,1.36303711,1.35302734,1.35302734,1.322998,1.368042,1.322998,1.07800293,1.11303711,1.12792969,1.19299316,1.10705566,1.17211914,1.16210938,1.17211914,99.55558,10.7102928,20.956768,33.8215561,10.0166588,45.6504021,17.9938736,55,2355,8000.982,0,0,0,0,0,0.25,0,0,0,0,0,0,0,0,0,62.65625,6141,5921,220,3.58247828,590.006,1.498624E+08,6656000,5.98209044E-05,16213.5352,15786.8789,426.65625,0.121160671,0,0,0,0,0,0,0,0,0,0,0,0,90.74086,0,0.0246888623,0.135783851,0,44162.125,85.6235046,0,0.3625705,0.3938849,0,49186.0234,0,0,0,0,0,0,0,0,0,0,0.00586693,0.122762531,0,0,0,90005,79522,11.6471329,79523,100.001259,16.887,0,0
03/13/2025 10:05:41,0,0.965338945,0,0,10.511673,0,0,56.8378,0,0,0,3.57778072,0,0,0,0,0,0,0,0,3.26921344,56.8378,57,54.6428566,54,57,57,56,55,54,53,53,53,53,55,55,55,55,57,46,43,43,44,45,46,47,47,47,47,45,45,45,45,4380.444,1592.88867,895.9999,895.9999,895.9999,696.8888,995.5554,3484.444,3484.444,3484.444,3484.444,3484.444,3484.444,3484.444,12.5843477,7.01563263,0,0.204629987,1.19384766,1.38378906,1.38378906,1.19384766,1.3338623,1.29821777,1.29821777,1.07824707,1.16821289,1.15820313,1.11315918,1.10314941,1.11315918,1.16821289,1.16821289,99.55554,10.7092743,20.9577866,33.8183441,10.0154648,45.6515961,17.9917221,55,2355,8000.982,0,0,0,0,0,0.25,0,0,0,0,0,0,0,0,0,62.6875,6141,5921,220,3.58247828,590.006,1.867264E+08,5990400,0.000479831273,16213.5352,15786.8789,426.65625,0.093601644,0,0,0,0,0,0,0,0,0,0,0,0,90.74086,0,0.1834101,0.1965389,0,148941.109,85.6235046,0,0.158420175,0.166350514,0,6038.154,0,0,0,0,0,0,0,0,0,0,0.00586710125,0.122762531,180.819717,0,0.0001669041,90005,79522,11.6471329,79523,100.001259,16.887,0,0
03/13/2025 10:05:42,4.74457741,0,4.44154167,1.2740612,35.6563377,1.27928853,0,36.68657,1.30070448,1.27269626,1.30807161,6.194133,6.490034,1.96900368,1.33044124,1.29393339,1.97708607,1.29713416,1.28748417,24.9760323,6.52368641,36.68657,62,55.2142868,54,56,56,62,57,55,53,53,53,54,55,55,55,55,67,46,44,44,38,43,45,47,47,47,46,45,45,45,45,2787.55664,4181.335,4480.002,4280.89063,1991.11194,1891.5564,1792.00073,3484.446,3484.446,3484.446,3484.446,3484.446,3484.446,3484.446,14.3975534,8.630516,0,0.2035203,1.19384766,1.35888672,1.34509277,1.36499023,1.335083,1.31005859,1.2824707,1.14746094,1.16748047,1.09240723,1.102417,1.09240723,1.07751465,1.14746094,1.1574707,99.5555954,10.7363777,20.9306831,33.90393,10.03614,45.63092,18.02887,55,2355,8000.982,0,0,0,0,0,0.25,0,0,0,0,0,0,0,0,0,62.75,6141,5921,220,3.58247828,590.006,1.78688E+08,6246400,0.0620897971,16213.5352,15786.8789,426.65625,0.17717956,0,0,0,0,0,0,0,0,0,0,0,0,90.74086,0,0.03476047,0.182060033,0,198200.469,85.6235046,0,0.17995958,0.171495974,0,11594.7471,0,0,0,0,0,0,0,0,0,0,0.00587154645,0.122768767,4911.73242,6895.772,0.0108988155,90005,79522,11.6471329,79523,100.001259,16.887,0,0
03/13/2025 10:05:43,0.422769785,0.8038819,0.08085966,0,27.0410767,0,4.381919,51.2442932,0,0,0,4.27990532,0,0.144141912,4.78857136,0,1.04088187,0,0,7.25024939,4.37804461,51.2442932,78,56.7142868,54,56,78,62,62,54,53,53,53,53,54,54,54,54,73,46,44,22,38,38,46,47,47,47,47,46,46,46,46,4380.44434,4380.44434,4081.77759,4380.44434,4380.44434,4480,1891.55554,796.4444,2986.6665,2986.6665,2986.6665,2986.6665,2887.111,1891.55554,11.966938,6.40969133,0,0.205817178,1.21875,1.23376465,1.354126,1.354126,1.32409668,1.34912109,1.34912109,1.22412109,1.22412109,1.22412109,1.22412109,1.21826172,1.21826172,1.21826172,1.21826172,99.55555,10.731514,20.9355469,33.8885727,10.0324249,45.6346359,18.0221939,55,1110,7000.978,0,0,0,0,0.08203125,0.25,0,0,0,0,0,0,0,0,0,62.65625,6141,5921,220,3.58247828,590.006,1.800192E+08,6553600,0.00107906782,16213.5352,15786.8789,426.65625,0.100154065,0,0,0,0,0,0,0,0,0,0,0,0,90.74086,0,0.03411028,0.154242128,0,54324.06,85.6235046,0,0,0.0130385915,0,0,0,0,0,0,0,0,0,0,0,0,0.00587154645,0.122768767,0,0,0,90005,79522,11.6471329,79523,100.001259,16.887,0,0
03/13/2025 10:05:44,1.364243,1.0817647,1.8699348,0,12.2572184,0,0,59.71504,0,0,0,0,12.8129663,0,0,0,0,0,0,2.75799036,3.84260416,59.71504,71,57.42857,71,56,71,58,61,55,54,54,54,54,54,54,54,54,73,29,44,29,42,39,45,46,46,46,46,46,46,46,46,4480.002,4480.002,4380.44629,2090.66748,1294.22278,1194.66711,995.555969,1095.11157,995.555969,896.000366,1095.11157,1095.11157,1194.66711,1294.22278,11.6787758,6.39180756,0,0.210766837,0.701416,0.6813965,0.6813965,0.676635742,0.671630859,0.676635742,0.6816406,0.6966553,0.6966553,0.6965332,0.6965332,0.6965332,0.711547852,0.711547852,0.711547852,99.5555954,10.7324944,20.9345665,33.89167,10.0317039,45.6353569,18.0208969,55,1110,7000.978,0,0,0,0,0.0703125,0.25,0,0,0,0,0,0,0,0,0,62.625,6141,5921,220,3.58247828,590.006,1.644032E+08,6963200,0.00216213334,16213.5352,15786.8789,426.65625,0.149045855,0,0,0,0,0,0,0,0,0,0,0,0,90.74086,0,0.0463423729,0.01723987,0,184126.2,85.6235046,0,0.176041067,0.184661,0,29295.35,0,0,0,0,0,0,0,0,0,0,0.005871718,0.122768767,167.131271,0,0.000154269088,90005,79522,11.6471329,79523,100.001259,16.887,0,0
03/13/2025 10:05:45,0.7356703,0,0,2.22626328,30.1528816,0.7080972,2.26229429,33.7501831,2.166313,2.147615,0.645828247,2.510488,1.31155252,2.16642022,2.16863751,2.17975974,2.17711329,2.17545629,2.16799378,3.99150252,4.733479,33.7501831,75,58.7857132,54,60,66,69,61,75,53,55,55,55,55,55,55,55,71,46,40,34,31,39,25,47,45,45,45,45,45,45,45,4380.443,4479.99854,1393.77734,4380.443,4380.443,2488.88818,1493.33289,796.4442,796.4442,796.4442,2389.33252,2389.33252,1891.55493,1891.55493,12.5698633,7.048592,0,0.205531761,0.7960205,0.7910156,0.7910156,0.781494141,0.786499,0.7915039,0.7915039,0.8015137,0.7915039,0.7965088,0.7915039,0.7965088,0.7965088,0.7965088,0.7906494,99.55553,10.7327271,20.9343338,33.8924026,10.033329,45.63373,18.023819,55,1125,7000.978,0,0,0,0,0.0546875,0.25,0,0,0,0,0,0,0,0,0,62.59375,6141,5921,220,3.58247828,590.006,1.850368E+08,4864000,0.0004887042,16213.5352,15786.8789,426.65625,0.142993748,0,0,0,0,0,0,0,0,0,0,0,0,90.74086,0,0.0707111955,0.200163215,0,164990.109,85.6235046,0,0.344708323,0.35824,0,26644.3945,0,0,0,0,0,0,0,0,0,0,0.005871718,0.122768767,0,0,0,90005,79522,11.6471329,79523,100.001259,16.887,0,0
03/13/2025 10:05:46,0.6071329,2.191329,0,0,22.0015888,0,0,52.02747,0,0,0,7.028347,11.4967289,0,0,0,4.213619,0,0,10.2781181,4.68610525,52.02747,73,56.7142868,54,57,73,55,62,55,55,55,54,54,55,55,55,55,73,46,43,27,45,38,45,45,45,46,46,45,45,45,45,4081.77954,4181.335,4380.44629,2588.44556,2289.77881,1592.88953,1393.77844,1194.66724,1194.66724,1095.11157,995.555969,1294.22278,995.555969,1095.11157,12.1313848,6.508406,0,0.209785819,0.6743164,0.6793213,0.675415039,0.6804199,0.6760254,0.6845703,0.684082031,0.7241211,0.7248535,0.7248535,0.7248535,0.7261963,0.7261963,0.7261963,0.7261963,99.5555954,10.72168,20.9453812,33.8575134,10.02351,45.64355,18.00618,55,1110,7000.978,0,0,0,0,0.05859375,0.25,0,0,0,0,0,0,0,0,0,62.625,6141,5921,220,3.58247828,590.006,1.65888E+08,6912000,0.00193932874,16213.5352,15786.8789,426.65625,0.112653144,0,0,0,0,0,0,0,0,0,0,0,0,90.74086,0,0.0121415053,0.04042996,0,5423.22461,85.6235046,0,0.157194465,0.165619373,0,6901.018,0,0,0,0,0,0,0,0,0,0,0.005871718,0.122768767,0,0,0,90005,79522,11.6471329,79523,100.001259,16.892,0,0
03/13/2025 10:05:47,1.70350075,0.03156066,0.9034455,0.8116603,47.99807,0.8172691,0.948274136,14.0118656,0.894254446,0.812995434,0.902742147,0,1.01249218,2.40018368,2.34749913,0.820755959,1.18023753,0.8237481,0.821936131,3.11591029,4.048431,47.99807,74,58.1428566,56,64,69,74,62,57,54,54,54,54,54,54,54,54,68,44,36,31,26,38,43,46,46,46,46,46,46,46,46,4380.44531,2887.11157,1095.11133,796.4446,1194.66687,1194.66687,796.4446,995.5557,3484.445,3484.445,1991.11145,3484.445,3484.445,1991.11145,12.3830767,6.757037,0,0.206196934,1.21984863,1.34985352,1.3548584,1.32446289,1.3494873,1.18945313,1.319458,1.09448242,1.21948242,1.21948242,1.21948242,1.12768555,1.22277832,1.22277832,1.22277832,99.55557,10.7176514,20.94941,33.8447952,10.0201607,45.6469,18.00016,55,1095,7000.978,0,0,0,0,0.0234375,0.25,0,0,0,0,0,0,0,0,0,62.65625,6141,5921,220,3.58247828,590.006,1.741824E+08,6553600,0.00042441237,16213.5352,15786.8789,426.65625,0.11246907,0,0,0,0,0,0,0,0,0,0,0,0,90.74086,0,0,0,0,0,85.6235046,0,0,0,0,0,0,0,0,0,0,0,0,0,0,0,0.005871718,0.122768767,0,0,0,90005,79522,11.6471329,79523,100.001259,16.887,0,0
03/13/2025 10:05:48,2.82354951,1.67646408,0.856173038,0.838291645,38.64442,0.831007957,0.8723676,35.90549,0.8576572,0.8382201,0.8564472,6.49750233,1.64554715,0,0,0.885826349,0,0.878983736,0.873214,3.36420536,4.902303,38.64442,72,57.1428566,54,58,57,62,53,72,54,54,54,54,57,57,57,57,72,46,42,43,38,47,28,46,46,46,46,43,43,43,43,4480.00049,4280.889,4480.00049,4380.445,1393.77783,796.4445,696.8889,995.555664,3484.44482,3484.44482,1991.11133,3484.44482,3086.22241,1991.11133,13.8137131,8.373718,0,0.205278262,1.21984863,1.34985352,1.3548584,1.3548584,1.3248291,1.34301758,1.34802246,1.21801758,1.21801758,1.21801758,1.21801758,1.21679688,1.21679688,1.21679688,1.21679688,99.5555649,10.71735,20.94971,33.84384,10.0209351,45.6461258,18.0015488,55,2355,8000.982,0,0,0,0,0,0.25,0,0,0,0,0,0,0,0,0,62.5,6141,5921,220,3.58247828,590.006,1.614848E+08,6809600,0.0590940975,16213.5352,15786.8789,426.65625,0.171614289,0,0,0,0,0,0,0,0,0,0,0,0,90.74086,0,0.04848933,0.283418775,0,50332.2461,85.6235046,0,0.161038592,0.177224874,0,17797.873,0,0,0,0,0,0,0,0,0,0,0.005871718,0.122768767,0,0,0,90005,79522,11.6471329,79523,100.001259,16.887,0,0
03/13/2025 10:05:49,0.773108,1.50706172,0,0,12.8461,0,0,55.1247253,0,0,0,2.23611,1.320821,0.6095171,0,0,0,0,0,0.216531754,3.126967,55.1247253,58,54.8571434,54,56,58,55,56,54,53,54,54,54,55,55,55,55,58,46,44,42,45,44,46,47,46,46,46,45,45,45,45,4479.999,1592.88855,796.4443,796.4443,696.888733,696.888733,895.9998,3484.44385,3484.44385,3484.44385,3484.44385,3484.44385,3484.44385,1095.111,13.7361536,8.019178,0,0.20521988,1.18737793,1.352417,1.352417,1.352417,1.3223877,1.352417,1.352417,1.227417,1.227417,1.227417,1.227417,1.220459,1.25537109,1.28039551,1.25036621,99.5555344,10.718235,20.9488258,33.8466339,10.0221405,45.64492,18.0037155,55,2355,8000.982,0,0,0,0,0,0.25,0,0,0,0,0,0,0,0,0,62.625,6141,5921,220,3.58247828,590.006,1.623552E+08,6912000,0.00102731935,16213.5352,15786.8789,426.65625,0.129939944,0,0,0,0,0,0,0,0,0,0,0,0,90.74086,0,0.8446097,0.794728756,0,19882522,85.6235046,0,0.172197163,0.168583319,0,6589.828,0,0,0,0,0,0,0,0,0,0,0.005871718,0.122768767,0,0,0,90005,79522,11.6471329,79523,100.001259,16.887,0,0
03/13/2025 10:05:50,0,2.05649734,0,0,35.6479836,0,0,32.18366,0,0,0,4.80355644,0,0,0,0,0,1.04324818,0,1.93994045,3.52543,35.6479836,64,55.7142868,54,56,63,64,57,54,54,54,54,54,54,54,54,54,65,46,44,37,36,43,46,46,46,46,46,46,46,46,46,3384.89,1294.22266,796.4447,896.0003,696.8891,796.4447,995.555847,3285.33447,3484.44556,3484.44556,3285.33447,3484.44556,3285.33447,1095.11145,11.9402666,6.355927,0,0.204052642,0.7077637,0.712768555,1.135498,1.35058594,1.32055664,1.31213379,1.31213379,1.17211914,1.24707031,1.24707031,1.24707031,1.24707031,1.25024414,1.255249,1.255249,99.55559,10.7177162,20.9493446,33.8449936,10.0212326,45.64583,18.0020828,55,1125,7000.978,0,0,0,0,0,0.25,0,0,0,0,0,0,0,0,0,62.5,6141,5921,220,3.58247828,590.006,1.645056E+08,6553600,0.001643046,16213.5352,15786.8789,426.65625,0.129453689,0,0,0,0,0,0,0,0,0,0,0,0,90.74086,0,0.0164209958,0.0356735438,0,21949.8438,85.6235046,0,0.338200748,0.355209976,0,15821.2,0,0,0,0,0,0,0,0,0,0,0.00587353762,0.122776136,1947.71606,7886.55566,0.00907744,90005,79522,11.6471329,79523,100.001259,16.887,0,0
03/13/2025 10:05:51,0.4490435,0.898641348,1.55818462,1.46433115,32.973938,0,0.0567615032,46.5954247,1.58302784,1.46976113,1.5709877,2.73373723,0.6785393,1.50057673,1.50001645,1.49180293,1.600641,0.01078248,1.53515339,2.636081,5.11338139,46.5954247,56,54.42857,53,56,54,55,56,54,54,54,54,54,55,55,54,54,58,47,44,46,45,44,46,46,46,46,46,45,45,46,46,4380.444,1891.5553,1791.99976,1692.44421,796.444336,796.444336,3086.22168,3484.44385,3484.44385,3484.44385,3484.44385,3484.44385,3484.44385,2389.333,13.3773832,7.622164,0,0.205511421,0.892944336,1.01171875,1.01171875,1.01171875,1.001709,1.02172852,1.01171875,0.8618164,0.8618164,0.8618164,0.865356445,0.865356445,0.865356445,0.865356445,0.865356445,99.55554,10.7181587,20.9489021,33.8463974,10.02446,45.6426,18.0078812,55,2355,8000.982,0,0,0,0,0,0.25,0,0,0,0,0,0,0,0,0,62.59375,6141,5921,220,3.58247828,590.006,1.670144E+08,6860800,0.00188984221,16213.5352,15786.8789,426.65625,0.128017738,0,0,0,0,0,0,0,0,0,0,0,0,90.74086,0,0.0477032624,0.183002338,0,57296.4023,85.6235046,0,0,0.0274074022,0,0,0,0,0,0,0,0,0,0,0,0,0.00587353762,0.122776136,0,0,0,90005,79522,11.6471329,79523,100.001259,16.887,0,0
03/13/2025 10:05:52,0.179260969,0,0.1643002,0,11.2348442,0.139844418,0.164055824,60.200573,0,0,0,0.215482712,0.160312653,0,0,0,0,0.161498785,0,0,2.96033621,60.200573,56,53.57143,53,56,55,55,56,51,52,52,52,52,54,54,54,54,58,47,44,45,45,44,49,48,48,48,48,46,46,46,46,4380.442,1592.88782,696.8884,696.8884,696.8884,1891.55432,3484.44214,3484.44214,3484.44214,3484.44214,3484.44214,3484.44214,1592.88782,796.4439,12.7617025,7.18225241,0,0.204591259,0.6525879,0.6575928,0.654052734,0.654052734,0.654052734,0.6639404,0.6639404,0.6639404,0.664306641,0.6693115,0.6693115,0.664306641,0.6693115,0.6693115,0.6693115,99.55549,10.7176132,20.9494476,33.8446732,10.0197792,45.64728,17.9994812,55,1125,7000.978,0,0,0,0,0.0703125,0.25,0,0,0,0,0,0,0,0,0,62.6875,6141,5921,220,3.58247828,590.006,1.622528E+08,7014400,0.00115512859,16213.5352,15786.8789,426.65625,0.09636133,0,0,0,0,0,0,0,0,0,0,0,0,90.74086,0,0.0204496384,0,0,14784.8145,85.6235046,0,0.185431316,0.159971356,0,13766.3848,0,0,0,0,0,0,0,0,0,0,0.00587353762,0.122776136,0,0,0,90005,79522,11.6471329,79523,100.001259,16.887,0,0
03/13/2025 10:05:53,0,1.671505,0,0.6172776,18.3855171,0.6339371,0.6815791,45.40206,0.664114952,0.6186664,0.6568432,0,0.6553769,0.6455302,0.6447196,0.6468296,0.6530404,0,0.6463826,1.5976727,3.52249146,45.40206,57,53.92857,53,53,57,54,56,53,54,53,53,53,54,54,54,54,57,47,47,43,46,44,47,46,47,47,47,46,46,46,46,3484.4436,1991.1106,696.888733,796.4442,4380.44336,4280.8877,3484.4436,2389.33276,3484.4436,3484.4436,796.4442,796.4442,2986.666,3484.4436,12.17937,6.788816,0,0.204350665,1.25915527,1.34924316,1.34655762,1.34655762,1.31652832,1.34655762,1.34655762,1.2421875,1.2421875,1.24719238,1.24719238,1.2421875,1.2421875,1.2421875,1.24719238,99.55553,10.7175217,20.94954,33.8443832,10.02092,45.64614,18.0015259,55,1110,7000.978,0,0,0,0,0.06640625,0.25,0,0,0,0,0,0,0,0,0,62.65625,6141,5921,220,3.58247828,590.006,1.833472E+08,5632000,0.00179900136,16213.5352,15786.8789,426.65625,0.105912931,0,0,0,0,0,0,0,0,0,0,0,0,90.74095,0,0.0185495,0.535459638,0,23648.041,85.62351,0,0.169755429,0.1754932,0,6539.858,0,0,0,0,0,0,0,0,0,0,0.00587353762,0.122776173,0,41.2568436,3.80817764E-05,90005,79522,11.6471329,79523,100.001259,16.887,0,0
03/13/2025 10:05:54,0.119060278,0,0.118422508,0.08497238,17.2742,0.0741601,0.130581856,58.106266,0.09536147,0.07867813,0.0924706459,6.83188438,2.44650841,0.5994022,0.09691119,0.09768009,0.9165287,0.117260218,0.0965476,0,3.94698381,58.106266,66,55.07143,53,56,56,56,56,66,53,53,53,53,54,54,54,54,71,47,44,44,44,44,34,47,47,47,47,46,46,46,46,4081.77954,1891.55627,4480.002,4081.77954,3982.22388,4480.002,3185.779,3185.779,3185.779,3285.33472,3185.779,1493.334,696.88916,796.444763,14.1018019,8.555981,0,0.206235737,0.653930664,0.658935547,0.6628418,0.6627197,0.663085938,0.672119141,0.677124,0.6779785,0.6829834,0.6829834,0.697998047,0.693115234,0.693115234,0.693115234,0.693115234,99.5555954,10.7174034,20.9496574,33.84401,10.0202942,45.6467667,18.0003967,55,1095,7000.978,0,0,0,0,0.0703125,0.25,0,0,0,0,0,0,0,0,0,62.6875,6141,5921,220,3.58247828,590.006,1.842176E+08,5068800,0.0629632547,16213.5352,15786.8789,426.65625,0.147511467,0,0,0,0,0,0,0,0,0,0,0,0,90.74095,0,0.02700569,0.13778393,0,43675.3633,85.62351,0,0,0.02382855,0,0,0,0,0,0,0,0,0,0,0,0,0.00587353762,0.122776173,0,0,0,90005,79522,11.6471329,79523,100.001259,16.888,0,0
03/13/2025 10:05:55,1.12130046,3.24895978,0.985962152,0,15.7263041,0,0,52.8752136,0,0,0,2.52780318,0,0,0,0,0,0.9167969,0,2.61093974,1.37568712,52.8752136,57,53.8571434,53,56,57,54,56,53,52,52,52,53,54,54,54,54,57,47,44,43,46,44,47,48,48,48,47,46,46,46,46,3185.77759,2488.88867,995.5555,1393.77771,2687.99976,2389.333,3484.444,3484.444,3484.444,3484.444,1393.77771,1991.111,995.5555,696.888855,13.1257086,7.458643,0,0.205922946,0.657714844,0.6777344,0.6727295,0.6727295,0.6727295,0.6739502,0.6739502,0.6639404,0.6689453,0.6689453,0.668823242,0.6588135,0.668823242,0.6738281,0.6738281,99.55555,10.7167244,20.9503365,33.8418655,10.0189934,45.6480675,17.99807,55,1110,7000.978,0,0,0,0,0.09765625,0.25,0,0,0,0,0,0,0,0,0,62.71875,6141,5921,220,3.58247828,590.006,1.703936E+08,5785600,0.000486257748,16213.5352,15786.8789,426.65625,0.102931663,0,0,0,0,0,0,0,0,0,0,0,0,90.74095,0,0.0259918384,0.0608567521,0,134641.172,85.62351,0,0.3352947,0.3543056,0,44375.3164,0,0,0,0,0,0,0,0,0,0,0.0058736233,0.122776173,91.64274,0,8.459004E-05,90005,79522,11.6471329,79523,100.001259,16.887,0,0
03/13/2025 10:05:56,2.91336775,0,0.1429081,0.0982523,23.2529526,7.24045658,20.8500137,58.9346466,0.147247314,0.114017725,0.151216984,0,0.887846947,0.145494938,0.14372468,0.146955252,0.1675129,0.149679184,0.153434277,10.2353935,5.941409,58.9346466,56,54.1428566,54,55,55,55,56,54,53,52,52,52,55,55,55,55,58,46,45,45,45,44,46,47,48,48,48,45,45,45,45,3882.66772,1792.00049,995.5558,4480.001,4380.446,4380.446,3484.44531,3484.44531,3484.44531,3484.44531,3484.44531,1891.556,1891.556,1194.667,12.4668741,6.810004,0,0.205946863,0.6719971,0.6669922,0.6669922,0.6669922,0.6669922,0.669555664,0.6795654,0.6795654,0.6795654,0.6795654,0.680297852,0.675292969,0.6953125,0.6953125,0.6953125,99.55558,10.7166061,20.9504547,33.84149,10.0209579,45.6461029,18.0015945,55,1110,7000.978,0,0,0,0,0.0703125,0.25,0,0,0,0,0,0,0,0,0,62.6875,6141,5921,220,3.58247828,590.006,1.832448E+08,5068800,0.000359440135,16213.5352,15786.8789,426.65625,0.117800973,0,0,0,0,0,0,0,0,0,0,0,0,90.74095,0,0.0348829068,0.3148786,0,45220.55,85.62351,0,0.184190392,0.176564053,0,14069.8652,0,0,0,0,0,0,0,0,0,0,0.0058736233,0.122776173,0,0,0,90005,79522,11.6471329,79523,100.001259,16.887,0,0
03/13/2025 10:05:57,1.518029,1.97821856,0,0,36.65335,0,0,31.80108,0,0,0,12.9943132,3.014028,0,0,0,0,0,0,4.82609272,3.48369479,36.65335,57,54.57143,52,54,57,55,56,54,55,55,55,55,54,54,54,54,58,48,46,43,45,44,46,45,45,45,45,46,46,46,46,4480.002,1891.55627,796.444763,2986.668,4480.002,4480.002,3484.4458,3484.4458,3484.4458,3484.4458,1393.77832,896.000366,796.444763,796.444763,12.3924522,6.81168842,0,0.206523627,0.6534424,0.658447266,0.6530762,0.658081055,0.6530762,0.658081055,0.663085938,0.658081055,0.663085938,0.6680908,0.6680908,0.662963867,0.66796875,0.66796875,0.662963867,99.5555954,10.7165718,20.950489,33.8413849,10.0208435,45.6462173,18.0013885,55,1110,7000.978,0,0,0,0,0.11328125,0.25,0,0,0,0,0,0,0,0,0,62.625,6141,5921,220,3.58247828,590.006,1.828352E+08,4505600,0.00201135315,16213.5352,15786.8789,426.65625,0.11952319,0,0,0,0,0,0,0,0,0,0,0,0,90.74095,0,0.0612045825,0.055592414,0,161579.234,85.62351,0,0.171530619,0.179459542,0,7158.58,0,0,0,0,0,0,0,0,0,0,0.005873666,0.122776173,45.9387627,0,4.24033824E-05,90005,79522,11.6471329,79523,100.001259,16.892,0,0
03/13/2025 10:05:58,0,0.493407249,0,1.1577785,14.4663219,13.1751719,1.19497776,43.9448,1.18384957,1.15509033,1.18236542,11.8370829,5.584204,1.20766759,1.16591454,1.16624832,1.214081,0,1.17992163,2.975428,5.166948,43.9448,68,55.57143,54,57,57,60,56,68,54,52,52,52,54,54,54,54,71,46,43,43,40,44,32,46,48,48,48,46,46,46,46,3982.22168,1294.222,1393.77759,2190.222,4380.444,4479.99951,3484.44385,3484.44385,3285.33276,3484.44385,1592.88867,796.444336,995.5554,995.5554,12.3233118,6.84061575,0,0.207285881,0.662231445,0.662231445,0.6723633,0.6726074,0.6726074,0.6784668,0.682739258,0.7071533,0.7121582,0.7121582,0.7130127,0.723022461,0.728027344,0.728027344,0.728027344,99.55554,10.7151375,20.9519234,33.836853,10.0196648,45.6473961,17.9992676,55,1095,7000.978,0,0,0,0,0.06640625,0.25,0,0,0,0,0,0,0,0,0,62.6875,6141,5921,220,3.58247828,590.006,1.808896E+08,5478400,0.0003634821,16213.5352,15786.8789,426.65625,0.135165244,0,0,0,0,0,0,0,0,0,0,0,0,90.74095,0,0.874852061,0.6774044,0,19881326,85.62351,0,0,0,0,0,0,0,0,0,0,0,0,0,0,0,0.00587383751,0.122776173,182.562378,0,0.000168512634,90005,79522,11.6471329,79523,100.001259,16.887,0,0
03/13/2025 10:05:59,2.53834128,1.37599111,0.6988406,0.5751729,24.74106,0,0,45.0427933,0.6447017,0.567311049,0.6558478,1.78604126,3.18226218,0.6052077,0.6015897,0.606781244,3.59513164,0.6334305,0.609231,1.00564361,1.77592039,45.0427933,73,55.7142868,55,54,73,55,61,54,53,53,53,53,54,54,54,54,70,45,46,27,45,39,46,47,47,47,47,46,46,46,46,2289.77832,4380.44531,4280.89,4480.001,4181.33447,4480.001,3285.33423,3285.33423,3285.33423,3285.33423,1891.556,796.444641,696.889038,896.000244,13.0837021,7.52121353,0,0.2057121,0.7219238,0.7269287,0.7269287,0.686889648,0.7363281,0.741333,0.7462158,0.761230469,0.761230469,0.761230469,0.761230469,0.7755127,0.7755127,0.7755127,0.7755127,99.55558,10.7162628,20.950798,33.84041,10.0214233,45.6456375,18.0024261,55,1110,7000.978,0,0,0,0,0.0703125,0.25,0,0,0,0,0,0,0,0,0,62.71875,6141,5921,220,3.58247828,590.006,1.786368E+08,5785600,0.0613137744,16213.5352,15786.8789,426.65625,0.1425313,0,0,0,0,0,0,0,0,0,0,0,0,90.74095,0,0.03134559,0.2776324,0,44648.31,85.62351,0,0.184041426,0.200506777,0,13192.5869,0,0,0,0,0,0,0,0,0,0,0.00587383751,0.122776173,0,0,0,90005,79522,11.6471329,79523,100.001259,16.887,0,0
03/13/2025 10:06:00,0,0,0,0,31.54645,23.7731762,4.476142,52.1641121,0,0,0,5.45215034,6.02703667,0,0,0,3.41331959,0,0,9.715247,6.139767,52.1641121,60,54,54,54,60,54,56,54,52,52,52,52,54,54,54,54,63,46,46,40,46,44,46,48,48,48,48,46,46,46,46,4380.448,1294.22339,995.556458,696.8895,2588.44678,4280.89258,1991.11292,3484.44775,3484.44775,3484.44775,3484.44775,2588.44678,896.0008,796.4452,11.8454647,6.14939833,0,0.204986185,0.653198242,0.657714844,0.657714844,0.657714844,0.653198242,0.6582031,0.6582031,0.663085938,0.663085938,0.6647949,0.6647949,0.6647949,0.6697998,0.6697998,0.6682129,99.55565,10.7152786,20.9517822,33.8373032,10.0191727,45.64789,17.9983826,55,1110,7000.978,0,0,0,0,0.05859375,0.25,0,0,0,0,0,0,0,0,0,62.75,6141,5921,220,3.58247828,590.006,1.881088E+08,4659200,0.0138042932,16213.5352,15786.8789,426.65625,0.123946995,0,0,0,0,0,0,0,0,0,0,0,0,90.74095,0,0.0320998468,0.05908806,0,85675.89,85.62351,0,0.3548022,0.401628435,0,55564.8242,0,0,0,0,0,0,0,0,0,0,0.00587383751,0.122776173,0,0,0,90005,79522,11.6471329,79523,100.001259,16.887,0,0
03/13/2025 10:06:01,2.728802,1.80505514,0,0.895077,27.1375179,0,0,39.62198,0.9148836,0.8897841,0.9099543,5.665505,1.04038119,1.37502551,0.935018063,0.920122862,0.358581543,0,0.9226918,0.656670332,4.215926,39.62198,56,54.07143,54,56,55,55,56,54,52,52,52,52,54,55,55,55,57,46,44,45,45,44,46,48,48,48,48,46,45,45,45,4081.774,2289.77563,4380.44043,4380.44043,4181.32959,4181.32959,3484.44116,3285.33032,3285.33032,3484.44116,1692.44287,796.443665,696.888245,895.999146,12.7550507,7.40303946,0,0.205958664,0.662597656,0.6690674,0.6640625,0.6640625,0.6640625,0.673584,0.673584,0.673584,0.678588867,0.678588867,0.673584,0.6746826,0.6796875,0.6796875,0.6796875,99.55546,10.7158585,20.9512024,33.8391342,10.0186539,45.648407,17.9974518,55,1095,7000.978,0,0,0,0,0.0546875,0.25,0,0,0,0,0,0,0,0,0,62.71875,6141,5921,220,3.58247828,590.006,1.61024E+08,6604800,0.0474315472,16213.5352,15786.8789,426.65625,0.240633875,0,0,0,0,0,0,0,0,0,0,0,0,90.74095,0,0.005214475,0,0,10864.5,85.62351,0,0.1749982,0.165792018,0,7760.36475,0,0,0,0,0,0,0,0,0,0,0.005874009,0.122776173,185.972824,0,0.00017166062,90005,79522,11.6471329,79523,100.001259,16.892,0,0
03/13/2025 10:06:02,0,2.01836228,1.33291483,1.2827754,21.6111012,2.79667377,2.82720923,53.72752,1.32065415,1.28641129,0,1.65550113,4.89874458,1.3091743,1.31285787,1.31626129,1.32808089,1.32977962,1.3250947,3.66407037,5.13653755,53.72752,65,55,54,56,62,65,55,54,52,52,52,52,54,54,54,54,59,46,44,38,35,45,46,48,48,48,48,46,46,46,46,4380.445,1692.4447,796.4445,796.4445,3783.11157,1592.889,3285.33374,3484.44482,3484.44482,3484.44482,3285.33374,2588.44482,896.0001,1095.11121,13.1146832,7.484691,0,0.206890434,0.6723633,0.6723633,0.676635742,0.677124,0.677124,0.6871338,0.7059326,0.720947266,0.720947266,0.7208252,0.7208252,0.740722656,0.740722656,0.7606201,0.7606201,99.5555649,10.7149391,20.9521217,33.8362274,10.0175743,45.6494865,17.9955139,55,1095,7000.978,0,0,0,0,0.08203125,0.25,0,0,0,0,0,0,0,0,0,62.71875,6141,5921,220,3.58247828,590.006,1.570304E+08,7014400,0.000927981338,16213.5352,15786.8789,426.65625,0.104492337,0,0,0,0,0,0,0,0,0,0,0,0,90.74095,0,0.04218616,0.170194089,0,45664.1836,85.62351,0,0,0,0,0,0,0,0,0,0,0,0,0,0,0,0.005874009,0.122776173,0,0,0,90005,79522,11.6471329,79523,100.001259,16.887,0,0
03/13/2025 10:06:03,0,0.3087163,0,0,10.2410851,0,0,56.84792,0,0,4.05968428,4.46355343,0,0,0,0,0,0,0,0.213605165,3.44564319,56.84792,55,53.42857,51,54,55,55,55,54,52,52,52,52,54,54,54,54,58,49,46,45,45,45,46,48,48,48,48,46,46,46,46,4181.3335,1891.55554,696.8889,796.444458,696.8889,4380.44434,3484.44434,3484.44434,3484.44434,3484.44434,3484.44434,3484.44434,1692.44446,3484.44434,12.6715851,7.14509249,0,0.205396727,1.22338867,1.23828125,1.23339844,1.34338379,1.31835938,1.34338379,1.34338379,1.21838379,1.21838379,1.21838379,1.217041,1.21203613,1.21203613,1.21203613,1.21203613,99.55556,10.7143555,20.9527054,33.83439,10.016613,45.6504478,17.993782,55,1095,7000.978,0,0,0,0,0.07421875,0.25,0,0,0,0,0,0,0,0,0,62.6875,6141,5921,220,3.58247828,590.006,1.653248E+08,7014400,0.0009842373,16213.5352,15786.8789,426.65625,0.106107391,0,0,0,0,0,0,0,0,0,0,0,0,90.74095,0,0.0229892638,0,0,7222.71875,85.62351,0,0.21372658,0.179852441,0,13930.2178,0,0,0,0,0,0,0,0,0,0,0.005874009,0.122776173,0,0,0,90005,79522,11.6471329,79523,100.001259,16.887,0,0
03/13/2025 10:06:04,4.24582958,0.370687246,1.16608739,1.10926032,10.9466372,1.05523467,1.11009479,63.41865,1.1022985,1.0650754,1.08504891,3.37890387,3.27133536,1.54956579,1.08073354,1.0861516,1.32021308,1.08801723,1.08469129,5.374956,5.29546738,63.41865,77,59.7857132,68,62,66,72,60,77,53,53,53,53,55,55,55,55,72,32,38,34,28,40,23,47,47,47,47,45,45,45,45,4081.78223,4380.449,1393.7793,2588.44727,4380.449,4380.449,1792.002,3484.44824,1592.89063,1493.335,896.001,696.889648,1393.7793,2090.669,13.5272846,7.83142042,0,0.205232024,0.9564209,0.951416,0.951416,0.947998047,0.947998047,0.9630127,0.9630127,0.6968994,0.6968994,0.8269043,0.6968994,0.697509766,0.697143555,0.8121338,0.8071289,99.5556641,10.7159691,20.9510918,33.8394852,10.018795,45.6482658,17.9977036,55,1110,7000.978,0,0,0,0,0.06640625,0.25,0,0,0,0,0,0,0,0,0,62.6875,6141,5921,220,3.58247828,590.006,1.757184E+08,6195200,0.00171241839,16213.5352,15786.8789,426.65625,0.116259351,0,0,0,0,0,0,0,0,0,0,0,0,90.74095,0,0.0298654083,0.104059711,0,28246.3867,85.62351,0,0.1711819,0.225349844,0,10407.7373,0,0,0,0,0,0,0,0,0,0,0.00587418023,0.122776173,178.143173,0,0.000164433528,90005,79522,11.6471329,79523,100.001259,16.887,0,0
03/13/2025 10:06:05,11.0810223,0.7588327,0,0,42.3197327,0,0.00436306,30.5227051,0,0,0,3.68859172,9.556657,0.761389732,0,0,2.84798145,0.0290572643,0,17.22799,5.46220541,42.3197327,71,55.92857,54,62,57,71,56,55,52,52,54,54,54,54,54,54,62,46,38,43,29,44,45,48,48,46,46,46,46,46,46,4380.44531,1991.11145,796.4446,995.5557,796.4446,4181.334,1891.55579,3484.445,3484.445,3484.445,3484.445,3285.33374,2289.778,896.0001,14.4732542,8.597366,0,0.20371066,0.657226563,0.6722412,0.6722412,0.6743164,0.6743164,0.6793213,0.6793213,0.658081055,0.6730957,0.6730957,0.6781006,0.6781006,0.659667969,0.6796875,0.6796875,99.55557,10.7208061,20.9462547,33.85475,10.0168953,45.6501656,17.9942932,55,1095,7000.978,0,0,0,0,0.0703125,0.25,0,0,0,0,0,0,0,0,0,62.6875,6141,5921,220,3.58247828,590.006,1.8432E+08,5068800,0.000298310479,16213.5352,15786.8789,426.65625,0.111279026,0,0,0,0,0,0,0,0,0,0,0,0,90.74095,0,0.03704739,0.2923909,0,32027.0762,85.62351,0,0.332879126,0.344970852,0,11509.7188,0,0,0,0,0,0,0,0,0,0,0.00587423146,0.12277624,53.73525,64.4823,0.0001091197,90005,79522,11.6471329,79523,100.001259,16.887,0,0
03/13/2025 10:06:06,0,1.01444721,0.221717358,0,25.0546227,0.183278322,0,43.20376,0.222361088,0,0.19878149,4.57130051,0.365299,0.206822157,0.201821327,0.201922655,0.294142962,0,0.20378828,1.73329711,3.46966982,43.20376,65,55,54,56,65,54,59,55,52,53,53,53,54,54,54,54,61,46,44,35,46,41,45,48,47,47,47,46,46,46,46,1991.1106,4380.44336,1393.77747,3285.33252,4181.33252,3982.22119,1991.1106,1991.1106,3185.777,3185.777,1791.99963,1393.77747,796.4443,696.888733,13.0544863,7.67799664,0,0.204804167,0.6477051,0.652832031,0.6520996,0.6525879,0.657714844,0.6677246,0.6678467,0.672851563,0.677856445,0.672851563,0.672851563,0.677856445,0.6783447,0.6783447,0.6783447,99.5555344,10.7201118,20.946949,33.85257,10.0194435,45.6476173,17.99887,55,1080,7000.978,0,0,0,0,0.1171875,0.25,0,0,0,0,0,0,0,0,0,62.75,6141,5921,220,3.58247828,590.006,1.786368E+08,5427200,0.0632267743,16213.5352,15786.8789,426.65625,0.157348365,0,0,0,0,0,0,0,0,0,0,0,0,90.74095,0,0,0.009323167,0,0,85.62351,0,0,0,0,0,0,0,0,0,0,0,0,0,0,0,0.00587423146,0.12277624,0,0,0,90005,79522,11.6471329,79523,100.001259,16.892,0,0
03/13/2025 10:06:07,8.403892,0.4924059,1.51600242,1.2714088,37.1228333,1.29165649,32.88272,0.322186947,1.3609767,1.27601624,1.36159062,1.65852308,1.783371,1.35754943,1.30397081,1.30451322,1.94653869,1.31325126,1.326108,1.54563785,5.042064,37.1228333,77,56.5,55,58,64,77,57,52,53,53,53,53,54,54,54,54,74,45,42,36,23,43,48,47,47,47,47,46,46,46,46,4081.777,1294.222,796.444336,796.444336,895.9999,3185.77734,3484.44385,3484.44385,3484.44385,3484.44385,3484.44385,3484.44385,1991.11084,796.444336,12.1574841,6.63542461,0,0.20645541,0.6678467,0.6669922,0.6669922,0.6669922,0.661865234,0.667602539,0.667602539,0.6726074,0.6776123,0.6776123,0.6776123,0.668457031,0.6734619,0.6734619,0.6784668,99.55554,10.7241287,20.9429321,33.86525,10.0212708,45.64579,18.0021515,55,1110,7000.978,0,0,0,0,0.0546875,0.25,0,0,0,0,0,0,0,0,0,62.71875,6141,5921,220,3.58247828,590.006,1.878528E+08,4761600,0.0004859562,16213.5352,15786.8789,426.65625,0.128744021,0,0,0,0,0,0,0,0,0,0,0,0,90.74095,0,0.0479704849,0.138785973,0,126391.391,85.62351,0,0.173509836,0.179063275,0,17839.4863,0,0,0,0,0,0,0,0,0,0,0.00587423146,0.12277624,0,0,0,90005,79522,11.6471329,79523,100.001259,16.887,0,0
03/13/2025 10:06:08,2.54858136,0,0,0,39.49654,0,32.05083,0,0,0,0,0,0.111675262,0,0,0,0.4306972,0,0,0,2.70054936,39.49654,76,55.8571434,53,56,58,76,56,55,53,53,53,53,54,54,54,54,73,47,44,42,24,44,45,47,47,47,47,46,46,46,46,3882.66626,1194.6665,696.8888,597.333252,796.444336,4479.99951,3484.444,3484.444,3484.444,3484.444,3484.444,3484.444,2488.88867,796.444336,12.6302662,7.09022045,0,0.204975188,0.6673584,0.6723633,0.677368164,0.677368164,0.677368164,0.6760254,0.6760254,0.6710205,0.672851563,0.672851563,0.672851563,0.672851563,0.672851563,0.672973633,0.66796875,99.55554,10.7201462,20.9469147,33.8526764,10.0225372,45.6445236,18.0044327,55,2355,8000.982,0,0,0,0,0,0.25,0,0,0,0,0,0,0,0,0,62.6875,6141,5921,220,3.58247828,590.006,1.542144E+08,6860800,0.000864672766,16213.5352,15786.8789,426.65625,0.107536122,0,0,0,0,0,0,0,0,0,0,0,0,90.74095,0,0.008712581,0.0179311186,0,8290.356,85.62351,0,0.1625033,0.182002887,0,7254.815,0,0,0,0,0,0,0,0,0,0,0.00587423146,0.12277624,0,0,0,90005,79522,11.6471329,79523,100.001259,16.887,0,0
03/13/2025 10:06:09,1.8486917,1.52665377,0.9823382,0.9417236,31.7078114,0.9512186,33.72651,0.93883276,0.9765923,0.938606262,0.9594202,1.0025084,1.311171,0.961130857,0.9600878,0.961494446,0.988543034,0.9653151,0.961357355,1.30406618,4.24569845,33.72651,71,56.3571434,53,56,55,71,56,55,55,56,56,56,55,55,55,55,61,47,44,45,29,44,45,45,44,44,44,45,45,45,45,4280.8877,1493.33289,4479.999,4380.44336,4280.8877,1791.99951,3086.22144,3086.22144,3086.22144,2986.66577,2986.66577,2986.66577,2986.66577,2986.66577,12.5824757,7.10364151,0,0.205721021,1.19372559,1.21374512,1.19873047,1.34875488,1.25488281,1.244873,1.24291992,1.21777344,1.21777344,1.21777344,1.21777344,1.20776367,1.21081543,1.21582031,1.21582031,99.55553,10.7190857,20.9479752,33.84932,10.0190086,45.6480522,17.9980927,55,210,7000.978,0,0,0,0,0.06640625,0.25,0,0,0,0,0,0,0,0,0,62.53125,6141,5921,220,3.58247828,590.006,1.751552E+08,6451200,0.00148323772,16213.5352,15786.8789,426.65625,0.1276328,0,0,0,0,0,0,0,0,0,0,0,0,90.74095,0,0.8636402,0.684670746,0,20288624,85.62351,0,0,0.01663631,0,0,0,0,0,0,0,0,0,0,0,0,0.00587423146,0.12277624,0,0,0,90005,79522,11.6471329,79523,100.001259,16.887,0,0
03/13/2025 10:06:10,9.371549,0.914442539,4.18064,0.401210785,34.041935,0,42.6926842,0,0.365597,0,0,1.17695928,10.4952221,0.5253315,0.331699848,0.08955002,2.52996683,0,0,0,5.275488,42.6926842,70,56.8571434,56,61,70,67,60,54,53,53,53,53,54,54,54,54,64,44,39,30,33,40,46,47,47,47,47,46,46,46,46,1393.77954,1792.0022,1891.55786,1095.11243,896.0011,896.0011,995.556763,1194.66809,1095.11243,995.556763,796.445435,796.445435,1095.11243,1095.11243,14.145421,8.812474,0,0.2085804,0.6717529,0.6689453,0.6677246,0.6678467,0.672851563,0.6777344,0.6777344,0.6972656,0.6972656,0.6972656,0.6972656,0.709106445,0.7141113,0.7141113,0.7141113,99.55568,10.7194176,20.9476433,33.8503723,10.0197144,45.6473465,17.99936,55,1125,7000.978,0,0,0,0,0.06640625,0.25,0,0,0,0,0,0,0,0,0,62.65625,6141,5921,220,3.58247828,590.006,1.876992E+08,4659200,0.05600322,16213.5352,15786.8789,426.65625,0.13685669,0,0,0,0,0,0,0,0,0,0,0,0,90.74095,0,0.03485619,0.271721065,0,123506.078,85.62351,0,0.308862031,0.29025498,0,41158.7,0,0,0,0,0,0,0,0,0,0,0.00587427057,0.122776277,38.3605576,38.3605576,7.08167645E-05,90005,79522,11.6471329,79523,100.001259,16.892,0,0
03/13/2025 10:06:11,3.80653739,0.18209219,3.33454013,0,31.55676,0.03787875,32.43741,0.348782539,0.6235421,0.339990854,0.470638275,0,3.52306366,0.416922569,0.3896773,0.388062,1.54504776,0.396978855,0.387328863,0.520890951,3.95271182,32.43741,58,54.7142868,55,56,58,54,56,54,54,53,53,53,55,55,55,55,58,45,44,42,46,44,46,46,47,47,47,45,45,45,45,4479.997,1493.33228,796.4439,796.4439,895.9994,4380.44141,1991.10974,3484.44214,3484.44214,3484.44214,1991.10974,1095.11035,796.4439,796.4439,12.6446285,7.004376,0,0.205864474,0.6546631,0.6571045,0.6520996,0.652709961,0.652709961,0.6627197,0.6627197,0.6636963,0.6636963,0.6636963,0.6687012,0.6636963,0.6636963,0.663818359,0.668823242,99.55549,10.7209167,20.9461441,33.8551025,10.0184937,45.6485672,17.9971619,55,1095,7000.978,0,0,0,0,0.07421875,0.25,0,0,0,0,0,0,0,0,0,62.78125,6141,5921,220,3.58247828,590.006,1.686016E+08,6041600,0.0137609094,16213.5352,15786.8789,426.65625,0.122704856,0,0,0,0,0,0,0,0,0,0,0,0,90.74095,0,0.0288948771,0.03063899,0,13616.4277,85.62351,0,0.193937048,0.212377876,0,10895.1553,0,0,0,0,0,0,0,0,0,0,0.00587427057,0.122776277,0,0,0,90005,79522,11.6471329,79523,100.001259,16.892,0,0
03/13/2025 10:06:12,0,1.29325986,0,0,27.849411,0,41.62768,0,0,0,0,0,1.883173,0,0,0,0,0,0,0,3.216046,41.62768,64,54.8571434,54,53,55,64,55,55,53,53,53,53,55,55,55,55,67,46,47,45,36,45,45,47,47,47,47,45,45,45,45,3086.22119,4081.77637,4280.887,3086.22119,4081.77637,4380.443,3484.443,3185.77661,3185.77661,3484.443,1493.33276,3185.77661,3185.77661,2986.66553,11.4731464,6.17354155,0,0.204850689,1.22424316,1.34423828,1.34924316,1.35144043,1.35095215,1.35095215,1.34594727,1.21594238,1.21594238,1.21594238,1.20556641,1.20556641,1.20556641,1.20556641,1.20556641,99.55552,10.7223549,20.944706,33.859642,10.0205612,45.6465,18.000885,55,1110,7000.978,0,0,0,0,0.0625,0.25,0,0,0,0,0,0,0,0,0,62.75,6141,5921,220,3.58247828,590.006,1.608704E+08,6912000,0.04856167,16213.5352,15786.8789,426.65625,0.134883314,0,0,0,0,0,0,0,0,0,0,0,0,90.74095,0,0.004433688,0,0,1554.00952,85.62351,0,0.172873348,0.129558846,0,11397.125,0,0,0,0,0,0,0,0,0,0,0.00587427057,0.122776277,0,0,0,90005,79522,11.6471329,79523,100.001259,16.887,0,0
03/13/2025 10:06:13,2.726698,0,2.88113356,0,40.3571358,0,43.02904,0,0,0,0,0,1.121223,0,0,0,2.71157026,0,0,0,0,43.02904,78,57.5,78,54,71,55,61,54,53,53,53,53,55,55,55,55,71,22,46,29,45,39,46,47,47,47,47,45,45,45,45,4380.44971,4380.44971,4480.00537,3285.33716,1294.22375,1194.66809,1792.0022,1891.55786,1891.55786,1692.44641,1592.89075,1493.33508,1294.22375,1095.11243,11.27963,5.83855534,0,0.2083565,0.6732178,0.6732178,0.6682129,0.6682129,0.6730957,0.6730957,0.683105469,0.683105469,0.6781006,0.6838379,0.6838379,0.678833,0.678833,0.693847656,0.693847656,99.55567,10.7243195,20.9427414,33.8658524,10.0219727,45.64509,18.003418,55,1110,7000.978,0,0,0,0,0.06640625,0.25,0,0,0,0,0,0,0,0,0,62.625,6141,5921,220,3.58247828,590.006,1.672704E+08,6809600,0.00187954935,16213.5352,15786.8789,426.65625,0.120127559,0,0,0,0,0,0,0,0,0,0,0,0,90.74095,0,0.08809162,0.496754348,0,202050.141,85.62351,0,0,0.01870768,0,0,0,0,0,0,0,0,0,0,0,0,0.00587427057,0.122776277,0,0,0,90005,79522,11.6471329,79523,100.001259,16.888,0,0
03/13/2025 10:06:14,4.03601551,0.9336412,0,0.687891245,18.6748333,26.9438438,42.8579025,26.9394035,0.7120192,2.22936869,0.713688135,0.6824374,3.96479964,0.72286725,0.702351332,0.708770752,0.866740942,0.710082054,0.702679157,0.7939279,6.608069,42.8579025,68,54.92857,54,54,58,68,56,55,52,52,52,52,54,54,54,54,62,46,46,42,32,44,45,48,48,48,48,46,46,46,46,1393.77722,796.444153,796.444153,796.444153,796.444153,2488.888,3484.443,3285.332,3484.443,3484.443,3285.332,3484.443,3484.443,1592.88831,12.1674871,6.61227465,0,0.205844417,0.7429199,0.732910156,0.7084961,0.7034912,0.6824951,0.6875,0.6878662,0.7089844,0.713989258,0.7147217,0.7297363,0.724731445,0.7297363,0.7297363,0.7297363,99.55552,10.7204094,20.9466515,33.853508,10.0215187,45.6455421,18.0026016,55,210,7000.978,0,0,0,0,0.13671875,0.25,0,0,0,0,0,0,0,0,0,62.65625,6141,5921,220,3.58247828,590.006,1.762816E+08,5888000,0.000492972438,16213.5352,15786.8789,426.65625,0.108593382,0,0,0,0,0,0,0,0,0,0,0,0,90.74095,0,0.011761928,0.0450385921,0,4135.909,85.62351,0,0.181860611,0.195136949,0,13439.2725,0,0,0,0,0,0,0,0,0,0,0.005874348,0.122776404,83.81021,134.2983,0.000201323171,90005,79522,11.6471329,79523,100.001259,16.888,0,0
03/13/2025 10:06:15,1.1584878,0.5668819,2.87159085,0,47.2542839,0,15.7045546,0,0,0,0,0,0.431478024,0,0,0,0,0,0,0,2.30428576,47.2542839,57,54,53,54,57,54,56,54,53,53,53,53,54,54,54,54,57,47,46,43,46,44,46,47,47,47,47,46,46,46,46,4081.77832,4181.334,4480.00049,4380.445,2090.667,3882.66724,3185.77832,3185.77832,3185.77832,3185.77832,3185.77832,1692.4447,796.4446,796.4446,11.6967087,6.442083,0,0.207080632,0.658081055,0.658081055,0.6567383,0.657226563,0.667114258,0.667602539,0.667602539,0.667602539,0.6685791,0.678588867,0.6779785,0.672973633,0.672973633,0.672973633,0.672973633,99.55557,10.7189751,20.9480858,33.8489761,10.0183563,45.6487045,17.9969177,55,1110,7000.978,0,0,0,0,0.06640625,0.25,0,0,0,0,0,0,0,0,0,62.75,6141,5921,220,3.58247828,590.006,1.615872E+08,6963200,0.0585282,16213.5352,15786.8789,426.65625,0.1529093,0,0,0,0,0,0,0,0,0,0,0,0,90.74095,0,0.0238384418,0.03816745,0,19415.3086,85.62351,0,0.18410182,0.181467518,0,10730.4121,0,0,0,0,0,0,0,0,0,0,0.005874348,0.122776404,0,0,0,90005,79522,11.6471329,79523,100.001259,16.89,0,0
03/13/2025 10:06:16,8.744269,1.06898546,0,0.8765638,42.66497,0.9055972,32.5430031,0.871866941,0.904583931,0.871807337,0.8996427,0.8746445,4.7871294,2.02161074,0.9027958,0.9021163,1.491034,0,0.913774967,1.09344721,5.1027894,42.66497,69,54.92857,55,56,55,69,55,54,53,52,52,52,54,54,54,54,68,45,44,45,31,45,46,47,48,48,48,46,46,46,46,1991.11011,796.444031,696.88855,995.555054,2588.443,4380.44238,1991.11011,1991.11011,3484.44263,3484.44263,1891.55457,3484.44263,1692.4436,1791.999,11.99074,6.38837528,0,0.207285941,1.2479248,1.34802246,1.32800293,1.3449707,1.37988281,1.37976074,1.37976074,1.199707,1.17480469,1.17480469,1.244751,1.244751,1.244751,1.244751,1.244751,99.5555038,10.71648,20.95058,33.841095,10.0180092,45.64905,17.9962921,55,1110,7000.978,0,0,0,0,0.1328125,0.25,0,0,0,0,0,0,0,0,0,62.75,6141,5921,220,3.58247828,590.006,1.593344E+08,6707200,0.00219456921,16213.5352,15786.8789,426.65625,0.109445527,0,0,0,0,0,0,0,0,0,0,0,0,90.74095,0,0.0419484563,0.252779424,0,133984.672,85.62351,0,0.9933295,0.379693478,0,32732.2441,0,0,0,0,0,0,0,0,0,0,0.005874348,0.122776404,0,0,0,90005,79522,11.6471329,79523,100.001259,16.887,0,0
03/13/2025 10:06:17,9.244198,0,0,0,48.09429,0,11.1399412,0,0.210112333,0,0,0,0,0.216549635,0,0.0290691853,0.430881977,0,0,0.312012434,1.92141533,48.09429,59,54.2857132,55,54,59,54,57,53,53,53,53,53,54,54,54,54,58,45,46,41,46,43,47,47,47,47,47,46,46,46,46,2190.22266,2090.667,1393.77808,1792.00037,4380.44531,4380.44531,3484.445,3484.445,3484.445,3484.445,3484.445,1592.88916,2986.66724,2986.66724,12.4385481,6.93100929,0,0.205219835,1.21569824,1.34069824,1.34069824,0.674194336,1.35559082,1.35058594,1.35058594,1.236084,1.236084,1.236084,1.236084,1.236084,1.236084,1.24108887,1.24108887,99.55557,10.7172089,20.949852,33.8434,10.0179253,45.6491356,17.9961472,55,1125,7000.978,0,0,0,0,0.0703125,0.25,0,0,0,0,0,0,0,0,0,62.6875,6141,5921,220,3.58247828,590.006,1.885184E+08,4608000,0,16213.5352,15786.8789,426.65625,0.11191912,0,0,0,0,0,0,0,0,0,0,0,0,90.74095,0,0,0,0,0,85.62351,0,0,0,0,0,0,0,0,0,0,0,0,0,0,0,0.005874348,0.122776404,0,0,0,90005,79522,11.6471329,79523,100.001259,16.887,0,0
03/13/2025 10:06:18,1.21874213,1.50905848,1.04926825,0.986522436,27.002739,9.512175,40.91065,14.3970671,1.03417039,1.02162957,1.03232861,1.02235079,2.95426846,1.03499889,1.03517175,1.04107857,1.34677291,1.047802,1.03902221,1.12668872,5.56612,40.91065,76,56.3571434,54,57,61,76,57,57,53,53,53,52,54,54,54,54,66,46,43,39,24,43,43,47,47,47,48,46,46,46,46,1393.7793,1194.668,1393.7793,1393.7793,3584.004,1692.44629,3484.44824,3484.44824,3484.44824,3484.44824,3484.44824,3484.44824,3484.44824,1095.1123,12.64817,7.02480936,0,0.204371288,0.6677246,0.682373047,0.6873779,0.682739258,0.677001953,0.682006836,0.682739258,0.6783447,0.6783447,0.6779785,0.6829834,0.672973633,0.6795654,0.6795654,0.6795654,99.5556641,10.7172928,20.9497681,33.84366,10.0207253,45.6463356,18.0011749,55,1110,7000.978,0,0,0,0,0.09375,0.25,0,0,0,0,0,0,0,0,0,62.6875,6141,5921,220,3.58247828,590.006,1.82016E+08,4454400,0.00078988343,16213.5352,15786.8789,426.65625,0.0724422559,0,0,0,0,0,0,0,0,0,0,0,0,90.74095,0,0.0173514988,0.06599144,0,20386.7246,85.62351,0,0.187770486,0.18280296,0,13758.52,0,0,0,0,0,0,0,0,0,0,0.00587451924,0.122776404,183.099991,0,0.000169008868,90005,79522,11.6471329,79523,100.001259,16.892,0,0
03/13/2025 10:06:19,4.07418,1.4878571,1.96060538,0,53.4399757,0,18.2578316,0,0,0,0,0,0.258517265,0,0,0,0.504219532,0,0,0,0.315362215,53.4399757,73,55.5,54,54,73,58,62,52,52,52,52,52,54,54,54,54,61,46,46,27,42,38,48,48,48,48,48,46,46,46,46,1592.88879,796.4444,696.888855,696.888855,4380.44434,4380.44434,3484.444,3484.444,3484.444,3484.444,3285.333,1095.11108,1692.44434,3484.444,11.9662342,6.353881,0,0.204253361,1.2545166,1.34460449,1.33959961,1.32910156,1.35339355,1.38330078,1.35339355,1.21838379,1.21838379,1.21838379,1.21838379,1.2121582,1.2121582,1.21716309,1.21716309,99.55555,10.7162247,20.9508362,33.8402939,10.0215149,45.645546,18.002594,55,1110,7000.978,0,0,0,0,0.0859375,0.25,0,0,0,0,0,0,0,0,0,62.6875,6141,5921,220,3.58247828,590.006,1.803264E+08,5683200,0.0007373161,16213.5352,15786.8789,426.65625,0.117399283,0,0,0,0,0,0,0,0,0,0,0,0,90.74095,0,0.0435893424,0.1406033,0,38664.1758,85.62351,0,0.175313711,0.185521469,0,10826.9736,0,0,0,0,0,0,0,0,0,0,0.00587451924,0.122776404,0,0,0,90005,79522,11.6471329,79523,100.001259,16.892,0,0
03/13/2025 10:06:20,1.33089423,0,2.57914066,0,46.864254,28.7458782,25.9050426,0,0,0,0,0,3.94532084,0,0,0,0,0,0,0,5.26664829,46.864254,70,56.8571434,58,64,70,59,62,55,53,53,53,53,54,54,54,54,74,42,36,30,41,38,45,47,47,47,47,46,46,46,46,4480.00146,4380.446,1393.77832,2588.44531,995.5559,796.4447,796.4447,796.4447,1194.66711,1294.22266,1194.66711,1194.66711,1095.11145,995.5559,11.052021,5.721087,0,0.206347972,0.670043945,0.665039063,0.667480469,0.662597656,0.662597656,0.662597656,0.662597656,0.662597656,0.662597656,0.667602539,0.667602539,0.667602539,0.667602539,0.667602539,0.667602539,99.55559,10.7147713,20.95229,33.8356934,10.0173988,45.649662,17.9952011,55,1110,7000.978,0,0,0,0,0.06640625,0.25,0,0,0,0,0,0,0,0,0,62.6875,6141,5921,220,3.58247828,590.006,1.746432E+08,6246400,0.00127360085,16213.5352,15786.8789,426.65625,0.112945631,0,0,0,0,0,0,0,0,0,0,0,0,90.74095,0,0.121491484,0.113932051,0,2958201.75,85.62351,0,0.160938978,0.162352234,0,7284.4707,0,0,0,0,0,0,0,0,0,0,0.00587457046,0.122776464,52.17646,62.61175,0.000105954277,90005,79522,11.6471329,79523,100.001259,16.892,0,0
03/13/2025 10:06:21,3.63944173,0,0,0.7074237,53.2740822,0.7135689,7.625842,0,0.7307589,0.7015109,0.734865665,0.7012427,1.12712979,0.737369061,0.730675459,0.7273257,0.756925344,0.76105,0.728219748,0.8272052,3.4203887,53.2740822,57,53.92857,54,56,57,55,56,53,52,52,52,52,54,54,54,54,58,46,44,43,45,44,47,48,48,48,48,46,46,46,46,4380.43848,2887.10718,1991.10828,1294.22046,796.443359,3783.10571,1891.55286,3484.4397,3484.4397,3484.4397,3484.4397,3484.4397,1493.3313,796.443359,13.550972,7.9051013,0,0.205181375,0.6866455,0.6866455,0.6566162,0.6516113,0.652709961,0.657714844,0.6627197,0.658569336,0.6635742,0.6685791,0.6685791,0.6635742,0.668334961,0.668334961,0.668334961,99.55542,10.7300491,20.9370117,33.88394,10.018959,45.6481,17.9980011,55,1140,7000.978,0,0,0,0,0.140625,0.25,0,0,0,0,0,0,0,0,0,62.625,6141,5921,220,3.58247828,590.006,1.816064E+08,4505600,0.00142307847,16213.5352,15786.8789,426.65625,0.143553868,0,0,0,0,0,0,0,0,0,0,0,0,90.74095,0,0.0134318816,0.07911125,0,20756.8164,85.62351,0,0.17637834,0.172140956,0,37362.2227,0,0,0,0,0,0,0,0,0,0,0.00587535,0.122778133,848.2684,1821.19275,0.00246402319,90005,79522,11.6471329,79523,100.001259,16.892,0,0
03/13/2025 10:06:22,13.31731,1.2430191,4.241544,0,41.49791,0,26.6462021,4.1669426,0,0,0,0,3.426832,0,0,0,0.472968817,0,0,0,4.57961,41.49791,63,54.57143,54,56,63,55,60,52,52,52,52,52,54,54,54,54,58,46,44,37,45,40,48,48,48,48,48,46,46,46,46,1393.77893,4380.448,4380.448,1891.55713,4081.78125,4181.337,3285.33618,3185.78052,3285.33618,3185.78052,3285.33618,1095.112,696.889465,896.000732,12.7459059,7.295242,0,0.205763236,0.6586914,0.6586914,0.6673584,0.6623535,0.6677246,0.6732178,0.677368164,0.6783447,0.698364258,0.698364258,0.698364258,0.693847656,0.698852539,0.7138672,0.7138672,99.55564,10.7138405,20.95322,33.832756,10.018383,45.6486778,17.9969711,55,1110,7000.978,0,0,0,0,0.0703125,0.25,0,0,0,0,0,0,0,0,0,62.65625,6141,5921,220,3.58247828,590.006,1.862656E+08,4710400,0.0589003265,16213.5352,15786.8789,426.65625,0.182834581,0,0,0,0,0,0,0,0,0,0,0,0,90.74095,0,0.8171214,0.734917939,0,16691081,85.62351,0,0.198986948,0.191955224,0,10039.2227,0,0,0,0,0,0,0,0,0,0,0.00587535,0.122778133,0,0,0,90005,79522,11.6471329,79523,100.001259,16.887,0,0
03/13/2025 10:06:23,5.362767,1.57972574,0,0,31.2522049,0,35.8198929,0,0,0,0,0,4.620963,0,0,0,0,0,0,0,0,35.8198929,76,55.6428566,54,53,57,76,56,55,53,53,53,53,54,54,54,54,73,46,47,43,24,44,45,47,47,47,47,46,46,46,46,4280.88867,1294.22217,696.888855,696.888855,995.5555,4380.44434,3484.44434,3484.44434,3484.44434,3484.44434,3484.44434,3484.44434,1294.22217,796.4444,12.1280031,6.62730837,0,0.205575109,0.6635742,0.6623535,0.6623535,0.657348633,0.657348633,0.662597656,0.667602539,0.662597656,0.667602539,0.667602539,0.667602539,0.6690674,0.674072266,0.674072266,0.674072266,99.55555,10.7136688,20.953392,33.832222,10.0175934,45.6494675,17.9955521,55,2355,8000.982,0,0,0,0,0,0.25,0,0,0,0,0,0,0,0,0,62.71875,6141,5921,220,3.58247828,1.2,1.772032E+08,6912000,0.00119030965,16213.5352,15786.8789,426.65625,0.113963723,0,0,0,0,0,0,0,0,0,0,0,0,90.74095,0,0.009812602,0,0,14717.1465,85.62351,0,0.2132496,0.220065042,0,11565.5283,0,0,0,0,0,0,0,0,0,0,0.00587535,0.122778133,0,0,0,90005,79522,11.6471329,79523,100.001259,16.887,0,0
03/13/2025 10:06:24,0.426977873,0,4.29245853,1.29586458,23.0961018,29.5010738,45.69167,29.4999714,1.32968426,1.30527616,1.31798387,1.30305886,1.612097,1.383996,1.32049918,1.32457614,4.80400944,1.32672787,1.32287145,1.68215632,7.689953,45.69167,71,55.3571434,54,54,58,71,56,54,52,52,52,52,55,55,55,55,71,46,46,42,29,44,46,48,48,48,48,45,45,45,45,1493.33386,796.4447,796.4447,796.4447,3384.89,4380.446,3484.44556,3484.44556,3484.44556,3285.33447,3484.44556,3484.44556,1592.8894,2986.66772,12.4745007,6.921469,0,0.206378415,1.21057129,1.36547852,1.34057617,1.21850586,1.19763184,1.21765137,1.26257324,1.22363281,1.25854492,1.23352051,1.23352051,1.25390625,1.22900391,1.22900391,1.22900391,99.55559,10.7141,20.952961,33.83358,10.0194664,45.6475945,17.9989166,55,1095,7000.978,0,0,0,0,0.09375,0.25,0,0,0,0,0,0,0,0,0,62.625,6141,5921,220,3.58247828,590.006,1.5616E+08,6912000,0.0008550227,16213.5352,15786.8789,426.65625,0.113100164,0,0,0,0,0,0,0,0,0,0,0,0,90.74095,0,0.0157497711,0.0544437766,0,20493.1836,85.62351,0,0.170575827,0.182443187,0,8198.064,0,0,0,0,0,0,0,0,0,0,0.00587552134,0.122778133,184.113068,0,0.000169943989,90005,79522,11.6471329,79523,100.001259,16.892,0,0
03/13/2025 10:06:25,12.8392162,0,0,0,46.6411476,0,18.7531414,0.161832571,0,0,0,0,0,0,0.369733572,0.177919865,0.7816076,0,0,0,3.15210223,46.6411476,73,56.1428566,73,54,63,54,56,54,53,53,53,53,55,55,55,55,67,27,46,37,46,44,46,47,47,47,47,45,45,45,45,4380.44775,4280.892,2488.89087,4480.00342,4181.33643,3982.22534,1991.11267,2887.11328,1792.00134,1592.89014,1493.33447,1294.22327,1095.11194,995.556335,12.6146755,7.37671375,0,0.208877236,0.6665039,0.667602539,0.667602539,0.662597656,0.667602539,0.6680908,0.6730957,0.6730957,0.683105469,0.683105469,0.6781006,0.6784668,0.6784668,0.6784668,0.6784668,99.55563,10.7201309,20.94693,33.85263,10.0246162,45.6424446,18.0081635,55,1140,7000.978,0,0,0,0,0.08203125,0.25,0,0,0,0,0,0,0,0,0,62.59375,6141,5921,220,3.58247828,590.006,1.744384E+08,6400000,0.0586333349,16213.5352,15786.8789,426.65625,0.131677344,0,0,0,0,0,0,0,0,0,0,0,0,90.74095,0,0.0105689857,0.141579986,0,26536.2188,85.62351,0,0,0.00318365241,0,0,0,0,0,0,0,0,0,0,0,0,0.00587552134,0.122778133,0,0,0,90005,79522,11.6471329,79523,100.001259,16.892,0,0
03/13/2025 10:06:26,1.77565813,0,1.74865723,1.02511048,47.9989166,1.04128122,19.4457474,1.01636648,1.02675557,1.00855827,1.02680326,1.00849271,1.96063519,1.04808211,0,0,1.34638548,1.0525167,1.03716254,1.1249125,4.232788,47.9989166,76,56.1428566,54,56,61,76,56,55,52,52,52,52,55,55,55,55,64,46,44,39,24,44,45,48,48,48,48,45,45,45,45,1393.77661,895.9992,696.8883,696.8883,2787.55322,4380.441,3484.44141,3285.33057,3285.33057,3484.44141,3484.44141,1493.332,796.4438,696.8883,11.8500471,6.30240726,0,0.204146177,0.6542969,0.657959,0.667602539,0.662597656,0.6722412,0.6722412,0.673584,0.6810303,0.6760254,0.6810303,0.6810303,0.691040039,0.6936035,0.6936035,0.6936035,99.55547,10.7179947,20.9490662,33.84587,10.02039,45.64667,18.0005722,55,1110,7000.978,0,0,0,0,0.140625,0.25,0,0,0,0,0,0,0,0,0,62.65625,6141,5921,220,3.58247828,590.006,1.764352E+08,5273600,0.00125313993,16213.5352,15786.8789,426.65625,0.139921784,0,0,0,0,0,0,0,0,0,0,0,0,90.74095,0,0.0394306369,0.0834192559,0,92499.1641,85.62351,0,0.167793229,0.176950246,0,18916.127,0,0,0,0,0,0,0,0,0,0,0.00587552134,0.122778133,0,0,0,90005,79522,11.6471329,79523,100.001259,16.892,0,0
03/13/2025 10:06:27,0.4686296,1.38177276,0,0,34.0165977,0,38.4915161,0,0,0,0,0,0.495582819,0,0,0,0,0,0,0,3.47388387,38.4915161,77,55.7857132,54,54,57,77,56,55,52,52,52,52,55,55,55,55,77,46,46,43,23,44,45,48,48,48,48,45,45,45,45,3783.1106,1194.6665,696.8888,796.444336,696.8888,4380.444,3484.44385,3484.44385,3484.44385,3484.44385,2389.333,3484.44385,3285.33276,1095.111,12.4795628,6.92640448,0,0.205391377,0.667602539,0.7076416,0.7026367,0.7026367,0.684814453,0.709838867,0.704834,0.6697998,0.684814453,0.684814453,0.684814453,0.6706543,0.685668945,0.685668945,0.685668945,99.55554,10.7151947,20.9518661,33.8370361,10.0195427,45.64752,17.9990463,55,1110,7000.978,0,0,0,0,0.0546875,0.25,0,0,0,0,0,0,0,0,0,62.75,6141,5921,220,3.58247828,590.006,1.898496E+08,4454400,0.0146461474,16213.5352,15786.8789,426.65625,0.124871612,0,0,0,0,0,0,0,0,0,0,0,0,90.74095,0,0.039072372,0.117348738,0,54440.9375,85.62351,0,0.176336989,0.183890238,0,11408.1221,0,0,0,0,0,0,0,0,0,0,0.00587552134,0.122778133,0,0,0,90005,79522,11.6471329,79523,100.001259,16.892,0,0
03/13/2025 10:06:28,2.98118,0.029271841,0.0974595547,0,33.31712,0,42.1995049,0,0,0,0,0,3.97356749,4.88839149,0,0,3.5380125,0,0,0,4.18936,42.1995049,57,53.6428566,53,53,57,55,56,53,52,52,52,52,54,54,54,54,69,47,47,43,45,44,47,48,48,48,48,46,46,46,46,3185.77783,1095.11108,1393.77783,4480,3285.33325,3882.66675,3086.22217,3185.77783,3484.44458,3484.44458,1493.33337,2986.66675,1095.11108,3185.77783,12.0721369,6.74095869,0,0.205113262,1.25244141,1.34753418,1.34753418,1.32275391,1.35046387,1.35046387,1.35046387,1.2097168,1.2097168,1.2097168,1.2097168,1.2097168,1.2097168,1.2097168,1.2097168,99.55556,10.7162247,20.9508362,33.8402939,10.0190506,45.64801,17.9981689,55,1095,7000.978,0,0,0,0,0.06640625,0.25,0,0,0,0,0,0,0,0,0,62.65625,6141,5921,220,3.58247828,590.006,1.70752E+08,6963200,0.05414007,16213.5352,15786.8789,426.65625,0.13953203,0,0,0,0,0,0,0,0,0,0,0,0,90.74095,0,0.009355082,0,0,9503.4,85.62351,0,0,0,0,0,0,0,0,0,0,0,0,0,0,0,0.00587552134,0.122778133,0,0,0,90005,79522,11.6471329,79523,100.001259,16.892,0,0
03/13/2025 10:06:29,2.445799,1.424259,0,1.03411674,50.5665665,5.32693863,22.68325,0,1.08145475,1.05779767,1.0776341,0,0.144070387,1.07685328,1.07777715,1.08339787,0,0,1.08650923,0,4.44588661,50.5665665,68,58.2142868,58,64,68,67,61,57,55,55,55,55,55,55,55,55,67,42,36,32,33,39,43,45,45,45,45,45,45,45,45,4380.44971,1792.0022,796.4454,796.4454,796.4454,796.4454,796.4454,995.556763,1095.11243,995.556763,1194.66809,1294.22375,1095.11243,995.556763,11.7672272,6.54756165,0,0.20918709,0.6672363,0.6672363,0.6672363,0.662231445,0.667602539,0.6627197,0.6727295,0.6727295,0.6777344,0.682739258,0.682739258,0.6795654,0.6795654,0.6795654,0.6795654,99.55567,10.7144775,20.9525833,33.83477,10.0176048,45.649456,17.9955673,55,1110,7000.978,0,0,0,0,0.0546875,0.25,0,0,0,0,0,0,0,0,0,62.65625,6141,5921,220,3.58247828,590.006,1.861632E+08,4812800,0.000908785441,16213.5352,15786.8789,426.65625,0.1079864,0,0,0,0,0,0,0,0,0,0,0,0,90.74095,0,0.007602972,0.0215712227,0,3812.256,85.62351,0,0.158340961,0.172402278,0,7624.5166,0,0,0,0,0,0,0,0,0,0,0.00587552134,0.122778133,0,0,0,90005,79522,11.6471329,79523,100.001259,16.892,0,0
03/13/2025 10:06:30,3.50722075,1.95921659,0.22804141,0,40.0010719,0,23.52432,0.0615477562,0,0,0,0.06123185,1.00721121,0,0,0,0.25048852,0.09059906,0,0.194501877,1.027906,40.0010719,76,56.2857132,54,56,60,76,56,55,53,53,53,53,54,55,55,55,64,46,44,40,24,44,45,47,47,47,47,46,45,45,45,1294.2218,696.8887,4380.44336,4380.44336,4380.44336,4380.44336,1692.444,1692.444,1095.11084,1592.88843,2389.33252,1791.99951,1692.444,1493.33289,12.8261032,7.283712,0,0.207578465,0.723022461,0.723022461,0.708618164,0.68359375,0.688964844,0.688964844,0.7081299,0.723144531,0.743164063,0.743164063,0.743164063,0.7381592,0.743164063,0.743164063,0.7459717,99.55553,10.71402,20.9530411,33.83332,10.0187149,45.6483459,17.9975662,55,1110,7000.978,0,0,0,0,0.08203125,0.25,0,0,0,0,0,0,0,0,0,62.625,6141,5921,220,3.58247828,590.006,1.788416E+08,5632000,0.0114710825,16213.5352,15786.8789,426.65625,0.111313052,0,0,0,0,0,0,0,0,0,0,0,0,90.74095,0,0.105940558,0.327313721,0,129266.32,85.62351,0,0.182294458,0.176229045,0,17491.43,0,0,0,0,0,0,0,0,0,0,0.00587552134,0.122778133,0,0,0,90005,79522,11.6471329,79523,100.001259,16.892,0,0
03/13/2025 10:06:31,13.8939323,0,1.85064077,0.09031892,42.3485222,9.950667,17.1703987,0,0.146901608,0.08568168,0.156492,0.08562803,1.14350915,0.149011612,0.143182278,0.122082233,2.722478,0.120311975,0.1205802,0.222969055,4.30001,42.3485222,69,54.7857132,54,52,58,69,55,55,52,52,52,52,54,54,54,54,64,46,48,42,31,45,45,48,48,48,48,46,46,46,46,2289.77661,4380.44238,1393.7771,4380.44238,4081.77563,3882.66479,3185.77612,3185.77612,995.555054,796.444031,1393.7771,1393.7771,1294.22156,1294.22156,13.0866871,7.876894,0,0.2076349,0.6843262,0.689331055,0.689331055,0.6816406,0.6866455,0.6834717,0.688476563,0.723510742,0.7285156,0.7285156,0.7285156,0.723510742,0.730102539,0.7451172,0.7451172,99.5555038,10.7136307,20.95343,33.8321,10.0185432,45.6485176,17.997261,55,1110,7000.978,0,0,0,0,0.07421875,0.25,0,0,0,0,0,0,0,0,0,62.5625,6141,5921,220,3.58247828,590.006,1.827328E+08,5273600,0.0480363034,16213.5352,15786.8789,426.65625,0.140824109,0,0,0,0,0,0,0,0,0,0,0,0,90.74095,0,0.180621132,0.195034757,0,3192137.75,85.62351,0,0.33588925,0.35111323,0,36826.17,0,0,0,0,0,0,0,0,0,0,0.00587552134,0.122778133,0,0,0,90005,79522,11.6471329,79523,100.001259,16.892,0,0
03/13/2025 10:06:32,7.895488,0.0324189663,4.015231,1.242882,26.1232147,14.6124477,37.6655769,2.7605772,1.26039982,1.24232769,1.26045942,1.24214292,2.08439827,1.25561953,1.26240253,1.26553774,1.2781322,2.79091,1.26017928,1.6048491,5.60776,37.6655769,73,55.92857,54,54,57,73,56,54,54,54,54,54,55,55,55,54,65,46,46,43,27,44,46,46,46,46,46,45,45,45,46,1891.55566,796.444458,995.5556,796.444458,4380.445,4480,3484.44458,3484.44458,3484.44458,3484.44458,3484.44458,1393.77783,796.444458,1095.11121,11.863739,6.315872,0,0.205969021,0.672485352,0.672485352,0.6669922,0.6669922,0.677001953,0.677001953,0.677001953,0.678710938,0.6837158,0.6837158,0.6937256,0.6937256,0.6937256,0.6948242,0.6948242,99.55556,10.7253342,20.9417267,33.8690567,10.0169487,45.6501122,17.9943924,55,1125,7000.978,0,0,0,0,0.0703125,0.25,0,0,0,0,0,0,0,0,0,62.625,6141,5921,220,3.58247828,590.006,1.849344E+08,4864000,0.000766730751,16213.5352,15786.8789,426.65625,0.1313474,0,0,0,0,0,0,0,0,0,0,0,0,90.74095,0,0.9017925,0.580024362,0,1.778109E+07,85.62351,0,0,0,0,0,0,0,0,0,0,0,0,0,0,0,0.00587552134,0.122778133,0,0,0,90005,79522,11.6471329,79523,100.001259,16.891,0,0
03/13/2025 10:06:33,1.404649,1.01874471,0,0,37.72381,0,33.090847,0,0,0,0,0,3.88582945,0,0,0,2.79505253,0,0,0,0,37.72381,57,54.07143,54,53,57,53,56,54,54,54,54,52,54,54,54,54,71,46,47,43,47,44,46,46,46,46,48,46,46,46,46,1095.11121,696.8889,796.444458,696.8889,4380.445,4081.778,2389.3335,3484.44458,3484.44458,3484.44458,696.8889,796.444458,1294.22229,1792.00012,12.6844358,7.053102,0,0.2037754,1.21630859,1.34631348,1.34631348,1.35302734,1.34680176,1.34680176,1.34680176,1.251709,1.251709,1.251709,1.251709,1.2467041,1.2467041,1.2467041,1.2467041,99.55556,10.7097969,20.9572639,33.8199921,10.017704,45.6493568,17.99575,55,1125,7000.978,0,0,0,0,0.0703125,0.25,0,0,0,0,0,0,0,0,0,62.6875,6141,5921,220,3.58247828,590.006,1.560576E+08,6604800,0.0008755658,16213.5352,15786.8789,426.65625,0.122846752,0,0,0,0,0,0,0,0,0,0,0,0,90.74095,0,0.0204932429,0.141177952,0,41977.7266,85.62351,0,0.199501723,0.231081814,0,32532.7031,0,0,0,0,0,0,0,0,0,0,0.00587552134,0.122778133,0,0,0,90005,79522,11.6471329,79523,100.001259,16.891,0,0
03/13/2025 10:06:34,9.851813,0,2.695316,0.692147,61.963707,24.08256,16.5653763,24.0702858,0.719851255,0,0.7190943,0.704109669,6.445903,1.45551562,0.7282734,0,3.12256813,0.7666707,0.7331848,0.827074051,7.60293,61.963707,69,56,55,58,61,69,56,55,54,54,53,53,54,54,54,54,62,45,42,39,31,44,45,46,46,47,47,46,46,46,46,3584.0022,1393.77869,4280.8916,4480.003,3982.22485,4181.336,1991.11243,3285.33545,3185.77979,3185.77979,1393.77869,796.444946,796.444946,696.889343,13.5862389,8.101076,0,0.205196247,0.6483154,0.6541748,0.652832031,0.6522217,0.6627197,0.667602539,0.667480469,0.672119141,0.672119141,0.672119141,0.677368164,0.6723633,0.677368164,0.677368164,0.677368164,99.55562,10.7111931,20.9558678,33.8244,10.0167122,45.65035,17.9939728,55,1110,7000.978,0,0,0,0,0.078125,0.25,0,0,0,0,0,0,0,0,0,62.6875,6141,5921,220,3.58247828,590.006,1.79456E+08,5580800,0.0578234419,16213.5352,15786.8789,426.65625,0.136601329,0,0,0,0,0,0,0,0,0,0,0,0,90.74095,0,0.01971625,0.005755377,0,19180.25,85.62351,0,0.164724842,0.135457933,0,10325.9229,0,0,0,0,0,0,0,0,0,0,0.00587552134,0.122778133,0,0,0,90005,79522,11.6471329,79523,100.001259,16.889,0,0
03/13/2025 10:06:35,2.76162028,2.88556814,0.131201744,0,42.70969,4.1969595,25.3842525,0,0,1.27651691,0,0,2.66187787,0,0,1.32133961,0.0336527824,0,0,0,3.661412,42.70969,57,54.6428566,53,55,57,54,56,54,54,54,54,54,55,55,55,55,58,47,45,43,46,44,46,46,46,46,46,45,45,45,45,1194.66638,796.4442,696.888733,4280.8877,4380.44336,4181.332,3285.33252,3484.4436,1393.77747,796.4442,796.4442,696.888733,3484.4436,1891.555,11.8101835,6.350875,0,0.20666191,0.792480469,0.9934082,0.9934082,0.973510742,0.684082031,0.894042969,0.929077148,0.934082031,0.774047852,0.772583,0.772583,0.772583,0.772583,0.772583,0.772583,99.55553,10.7104645,20.9565964,33.8220978,10.0146065,45.6524544,17.990181,55,1095,7000.978,0,0,0,0,0.0703125,0.25,0,0,0,0,0,0,0,0,0,62.625,6141,5921,220,3.58247828,590.006,1.848832E+08,5017600,0.00166579755,16213.5352,15786.8789,426.65625,0.2043544,0,0,0,0,0,0,0,0,0,0,0,0,90.74095,0,0.0254196022,0.03233682,0,141653.891,85.62351,0,0.158465475,0.133685842,0,7227.304,0,0,0,0,0,0,0,0,0,0,0.00587552134,0.122778133,0,0,0,90005,79522,11.6471329,79523,100.001259,16.892,0,0
03/13/2025 10:06:36,13.728529,2.26255059,5.014622,0,47.9134979,7.458109,14.1567593,10.014492,0.30015707,0.161111355,0.1793623,0.163960457,2.918291,0.317949057,0.192797184,0.215941668,1.074779,0.216317177,0.1899302,0.317710638,5.101764,47.9134979,59,54.1428566,54,56,59,54,56,54,54,53,53,53,53,53,53,53,58,46,44,41,46,44,46,46,47,47,47,47,47,47,47,4480.00244,1692.44531,796.4449,896.0005,796.4449,4181.33545,3484.44629,1991.11218,3484.44629,3484.44629,3484.44629,1393.77844,796.4449,995.5561,14.6059618,8.934777,0,0.2072122,0.667602539,0.667602539,0.66796875,0.66796875,0.66796875,0.672973633,0.6779785,0.6791992,0.6791992,0.6791992,0.6791992,0.694213867,0.69921875,0.694213867,0.6994629,99.55561,10.7165527,20.9505081,33.8413239,10.0162849,45.6507759,17.9931946,55,1110,7000.978,0,0,0,0,0.09765625,0.25,0,0,0,0,0,0,0,0,0,62.71875,6141,5921,220,3.58247828,590.006,1.813504E+08,5478400,0.01333927,16213.5352,15786.8789,426.65625,0.137279049,0,0,0,0,0,0,0,0,0,0,0,0,90.74095,0,0.04894906,0.168231681,0,40168.96,85.62351,0,0.2078322,0.2920526,0,21427.5566,0,0,0,0,0,0,0,0,0,0,0.00587557256,0.1227782,57.55162,69.06194,0.000116869567,90005,79522,11.6471329,79523,100.001259,16.892,0,0
03/13/2025 10:06:37,0,5.380291,0,0,0,44.0384369,25.39177,1.25025511,0,0,0,0,0,2.47418284,0,0,0.829398632,0,0,0,0,44.0384369,76,55.57143,54,53,56,76,56,55,53,53,53,53,54,54,54,54,76,46,47,44,24,44,45,47,47,47,47,46,46,46,46,4380.44336,4081.77686,4380.44336,4181.33252,4081.77686,4280.888,3185.777,3185.777,3185.777,3484.4436,1393.77747,796.4443,796.4443,796.4443,12.7101774,7.344981,0,0.205871224,0.6538086,0.6588135,0.6588135,0.6530762,0.6530762,0.6530762,0.663452148,0.658447266,0.663208,0.663208,0.663208,0.6582031,0.6682129,0.668457031,0.668457031,99.5555344,10.7187805,20.94828,33.84836,10.0161781,45.6508827,17.9930038,55,1110,7000.978,0,0,0,0,0.0546875,0.25,0,0,0,0,0,0,0,0,0,62.75,6141,5921,220,3.58247828,590.006,1.888256E+08,4659200,0.0472107679,16213.5352,15786.8789,426.65625,0.1907576,0,0,0,0,0,0,0,0,0,0,0,0,90.74095,0,0,0,0,0,85.62351,0,0.162996188,0.1591779,0,14107.4912,0,0,0,0,0,0,0,0,0,0,0.00587557256,0.1227782,0,0,0,90005,79522,11.6471329,79523,100.001259,16.892,0,0
03/13/2025 10:06:38,0,4.65971851,0,27.1351223,25.48631,46.76648,26.7794781,0,0,0,0,0,0,0.0818491,0,0,0,0,0,0,5.56724644,46.76648,69,56,55,56,57,69,56,55,54,54,54,54,55,55,55,55,60,45,44,43,31,44,45,46,46,46,46,45,45,45,45,2190.223,796.4447,1792.00049,1393.7782,4380.446,4480.00146,3484.44556,3484.44556,3484.44556,3484.44556,3484.44556,1991.11169,796.4447,1294.22266,12.1332254,6.59684563,0,0.205287546,0.6982422,0.682006836,0.682006836,0.6813965,0.686401367,0.7010498,0.7059326,0.7454834,0.7454834,0.7454834,0.7406006,0.7406006,0.7406006,0.741943359,0.741943359,99.55559,10.7185364,20.9485245,33.8475876,10.01601,45.65105,17.9927063,55,1110,7000.978,0,0,0,0,0.06640625,0.25,0,0,0,0,0,0,0,0,0,62.71875,6141,5921,220,3.58247828,590.006,1.852416E+08,5427200,0.00100758963,16213.5352,15786.8789,426.65625,0.116476715,0,0,0,0,0,0,0,0,0,0,0,0,90.74095,0,0.0223481767,0.06274204,0,38033.01,85.62351,0,0.182272792,0.176556781,0,7393.92529,0,0,0,0,0,0,0,0,0,0,0.005875744,0.1227782,189.8014,0,0.000175194567,90005,79522,11.6471329,79523,100.001259,16.892,0,0
03/13/2025 10:06:39,0.13076067,12.9363174,0.7862389,0,0,50.22706,17.7566166,0,0.0274121761,0,0.0244617462,0,0,3.26033235,0.1475215,0,5.04303,0,0.007402897,0.127571821,0,50.22706,67,54.92857,54,56,57,67,56,55,52,52,52,52,54,54,54,54,60,46,44,43,33,44,45,48,48,48,48,46,46,46,46,1592.88818,696.88855,696.88855,597.333069,2488.8877,4380.44238,3484.44287,3484.44287,3484.44287,3484.44287,3484.44287,796.4441,796.4441,796.4441,12.6594648,7.2017355,0,0.20640929,0.657348633,0.657348633,0.657348633,0.65234375,0.65234375,0.651489258,0.656494141,0.651489258,0.909301758,0.694702148,0.694702148,0.689697266,0.689697266,0.694213867,0.694213867,99.55551,10.7191048,20.9479561,33.84938,10.0157738,45.6512871,17.99228,55,1095,7000.978,0,0,0,0,0.0546875,0.25,0,0,0,0,0,0,0,0,0,62.625,6141,5921,220,3.58247828,590.006,1.892864E+08,4608000,0.0009420563,16213.5352,15786.8789,426.65625,0.113213159,0,0,0,0,0,0,0,0,0,0,0,0,90.74095,0,0.01595557,1.44794381,0,28153.6953,85.62351,0,0.163694113,0.1568064,0,11855.08,0,0,0,0,0,0,0,0,0,0,0.005875744,0.1227782,0,0,0,90005,79522,11.6471329,79523,100.001259,16.888,0,0
03/13/2025 10:06:40,1.145184,5.950129,2.70015,39.32794,30.8896179,27.9776573,44.94003,30.8382511,1.10325217,1.04568,1.06387734,1.04102492,1.06751919,2.537471,2.780664,2.78612971,3.08253765,0,1.084286,1.513499,10.1434822,44.94003,57,54.3571434,53,54,57,54,56,53,54,54,54,52,55,55,55,55,56,47,46,43,46,44,47,46,46,46,48,45,45,45,45,4380.44629,1493.334,696.8892,696.8892,696.8892,4280.891,3484.446,3484.446,3484.446,3484.446,3285.335,3285.335,1393.77844,796.4448,12.5573578,7.02184439,0,0.20647946,0.6595459,0.654541,0.6575928,0.6575928,0.6575928,0.6575928,0.663452148,0.668457031,0.668457031,0.668457031,0.668457031,0.664672852,0.6746826,0.6746826,0.6746826,99.5556,10.7184181,20.9486427,33.8472137,10.0141068,45.6529541,17.9892883,55,1110,7000.978,0,0,0,0,0.0703125,0.25,0,0,0,0,0,0,0,0,0,62.65625,6141,5921,220,3.58247828,590.006,1.813504E+08,5478400,0.00169878954,16213.5352,15786.8789,426.65625,0.1306191,0,0,0,0,0,0,0,0,0,0,0,0,90.74095,0,0.137855664,0.145865366,0,3150134.75,85.62351,0,0,0.0186996311,0,0,0,0,0,0,0,0,0,0,0,0,0.005875744,0.1227782,0,0,0,90005,79522,11.6471329,79523,100.001259,16.888,0,0
03/13/2025 10:06:41,0,2.170837,0.1345694,0,14.5879745,59.62907,15.638423,14.53334,0,0,0,0,0,0.8429408,0,0,0,0,0,0,4.42842245,59.62907,58,53.8571434,54,52,58,54,55,53,53,53,53,53,54,54,54,54,58,46,48,42,46,45,47,47,47,47,47,46,46,46,46,2787.55469,2090.666,796.444153,696.8887,696.8887,2986.66577,3484.44336,3484.44336,3484.44336,3484.44336,1493.33289,3484.44336,2090.666,796.444153,13.149848,7.423016,0,0.206274509,0.6680908,0.6730957,0.683105469,0.688110352,0.667480469,0.667480469,0.667480469,0.6524658,0.6574707,0.6636963,0.6636963,0.6536865,0.6636963,0.663818359,0.663818359,99.55552,10.7170105,20.95005,33.8427658,10.0197792,45.64728,17.9994812,55,1095,7000.978,0,0,0,0,0.0859375,0.25,0,0,0,0,0,0,0,0,0,62.625,6141,5921,220,3.58247828,590.006,1.785856E+08,5734400,0.000670118257,16213.5352,15786.8789,426.65625,0.118515663,0,0,0,0,0,0,0,0,0,0,0,0,90.74095,0,0.7933383,0.9776294,0,17166778,85.62351,0,0.2676733,0.307288349,0,22485.6777,0,0,0,0,0,0,0,0,0,0,0.00587599259,0.122778319,266.405762,132.704,0.000368394831,90005,79522,11.6471329,79523,100.001259,16.888,0,0
03/13/2025 10:06:42,0,2.77956724,1.49548054,1.37900114,1.4326632,35.0255623,39.5867271,1.40203238,1.437676,1.39076114,1.42464042,1.45282149,1.4344275,6.692791,1.72973275,1.5984714,2.02814937,1.47078633,1.4247179,1.54639482,5.33345938,39.5867271,59,53.7857132,54,54,59,56,56,54,52,52,52,52,53,53,53,53,63,46,46,41,44,44,46,48,48,48,48,47,47,47,47,4380.44727,2289.7793,4380.44727,4380.44727,1991.1123,398.222473,3185.77979,3185.77979,3185.77979,3185.77979,3185.77979,3185.77979,1194.66736,796.444946,12.203124,6.781833,0,0.204823941,0.6513672,0.6563721,0.6628418,0.656860352,0.6678467,0.6723633,0.6726074,0.6726074,0.6826172,0.6834717,0.6834717,0.6734619,0.6784668,0.6984863,0.6984863,99.55562,10.7172279,20.9498329,33.8434525,10.0172691,45.64979,17.9949722,55,1110,7000.978,0,0,0,0,0.140625,0.25,0,0,0,0,0,0,0,0,0,62.75,6141,5921,220,3.58247828,590.006,1.809408E+08,4710400,0.0610735975,16213.5352,15786.8789,426.65625,0.2006663,0,0,0,0,0,0,0,0,0,0,0,0,90.74095,0,0.00394248124,0.003632286,0,2048.89917,85.62351,0,0.178752512,0.159620464,0,11266.8574,0,0,0,0,0,0,0,0,0,0,0.00587599259,0.122778319,0,0,0,90005,79522,11.6471329,79523,100.001259,16.887,0,0
03/13/2025 10:06:43,0,2.77112126,0,0,0,37.0635643,31.4073334,0,0,0,0,0,0,1.80230737,0,0,0.0508785248,0,0,0,2.487123,37.0635643,58,54.57143,54,53,58,55,56,53,54,54,54,54,54,55,55,55,57,46,47,42,45,44,47,46,46,46,46,46,45,45,45,4480.001,1294.22253,696.889038,597.333435,696.889038,1792.00037,3484.445,3484.445,3484.445,3484.445,3484.445,3484.445,796.4446,796.4446,11.2787943,5.840746,0,0.206336483,0.66796875,0.6719971,0.6619873,0.6619873,0.6669922,0.669555664,0.669555664,0.669555664,0.669555664,0.6682129,0.6682129,0.663208,0.6682129,0.6732178,0.6732178,99.55557,10.7183228,20.9487381,33.8469162,10.017231,45.64983,17.9948959,55,1140,7000.978,0,0,0,0,0,0.25,0,0,0,0,0,0,0,0,0,62.6875,6141,5921,220,3.58247828,590.006,1.659392E+08,6246400,0.0139060682,16213.5352,15786.8789,426.65625,0.1328814,0,0,0,0,0,0,0,0,0,0,0,0,90.74095,0,0.0156864785,0.045627892,0,51625.04,85.62351,0,0.1656355,0.172652081,0,8260.702,0,0,0,0,0,0,0,0,0,0,0.00587623,0.122778855,257.2208,575.972839,0.0007690722,90005,79522,11.6471329,79523,100.001259,16.887,0,0
03/13/2025 10:06:44,0.6391704,9.454471,0,0.571095943,0.6251693,30.7358437,43.52454,0.589579344,0.6262839,0.5906999,0.621676445,0.823611,0.6250024,1.9831717,0.6104529,0.611710548,0.6650865,0,0.627493858,1.06010437,4.689151,43.52454,58,53.7857132,54,53,58,55,55,54,52,52,52,52,54,54,54,54,57,46,47,42,45,45,46,48,48,48,48,46,46,46,46,4380.444,1592.88867,4479.99951,4479.99951,4081.777,4380.444,3086.22168,3086.22168,3086.22168,3086.22168,3185.77734,3484.44385,3086.22168,3185.77734,13.420537,8.045096,0,0.204749748,1.23474121,1.23474121,1.20776367,1.27270508,1.35205078,1.35205078,1.34387207,1.21386719,1.21386719,1.2088623,1.21386719,1.2088623,1.2088623,1.2088623,1.21386719,99.55554,10.717598,20.9494629,33.8446274,10.01667,45.65039,17.9938889,55,1125,7000.978,0,0,0,0,0.1015625,0.25,0,0,0,0,0,0,0,0,0,62.6875,6141,5921,220,3.58247828,590.006,1.690624E+08,6707200,0.0496027842,16213.5352,15786.8789,426.65625,0.20816873,0,0,0,0,0,0,0,0,0,0,0,0,90.74095,0,0.0247252937,0.330903471,0,45658.1,85.62351,0,0,0.0133962454,0,0,0,0,0,0,0,0,0,0,0,0,0.0058769593,0.1227789,793.513,54.7250366,0.0007829589,90005,79522,11.6471329,79523,100.001259,16.887,0,0
03/13/2025 10:06:45,0.5477786,3.56276035,0.529682636,0.5003989,0.5371392,48.08852,25.78836,0.5116224,0.5100012,0.4936099,0.50830245,0.496470928,0.518959761,1.47063732,0.525927544,0.51229,0,0.5228579,0.546568632,0.5776584,4.28645039,48.08852,78,57.42857,55,56,69,78,61,57,53,53,53,53,54,54,54,54,76,45,44,31,22,39,43,47,47,47,47,46,46,46,46,4480.00342,4380.44775,4380.44775,4480.00342,3683.55859,1294.22327,1095.11194,1194.6676,1194.6676,1194.6676,1095.11194,1194.6676,1194.6676,995.556335,12.1108713,6.863412,0,0.21149388,0.66796875,0.66796875,0.663452148,0.658447266,0.6578369,0.6628418,0.6628418,0.6678467,0.669677734,0.669677734,0.6796875,0.669677734,0.675415039,0.675415039,0.675415039,99.55563,10.715416,20.9516449,33.83773,10.014637,45.6524239,17.990242,55,1125,7000.978,0,0,0,0,0.07421875,0.25,0,0,0,0,0,0,0,0,0,62.6875,6141,5921,220,3.58247828,590.006,1.835008E+08,4659200,0.00136062,16213.5352,15786.8789,426.65625,0.132959619,0,0,0,0,0,0,0,0,0,0,0,0,90.74095,0,0.00759880058,0.00896542147,0,6947.579,85.62351,0,0.200282663,0.201823756,0,14391.4219,0,0,0,0,0,0,0,0,0,0,0.00587700959,0.122780524,52.3079224,1688.38354,0.00160673028,90005,79522,11.6471329,79523,100.001259,16.887,0,0
03/13/2025 10:06:46,0,4.013878,3.97352576,1.4502883,0,39.04354,27.0213013,0,1.46818757,1.44804716,1.47458911,1.44725442,1.48348808,2.24975944,1.47742629,1.48255229,1.14750266,1.48884654,1.474756,1.58010125,1.05798841,39.04354,70,55.7857132,62,52,70,60,61,54,52,52,53,53,53,53,53,53,74,38,48,30,40,39,46,48,48,47,47,47,47,47,47,2488.889,2289.77783,2190.22217,796.4444,1493.33325,1393.77771,1592.88879,1493.33325,1095.11108,2389.33325,3484.44434,3484.44434,3484.44434,3484.44434,11.4163761,5.66182852,0,0.205726281,1.19030762,0.8902588,1.322998,1.31799316,1.31298828,1.34802246,1.31176758,1.17675781,1.25671387,1.17675781,1.25671387,1.17675781,1.251709,1.251709,1.251709,99.55555,10.7123489,20.9547119,33.82805,10.0107765,45.6562843,17.9833069,55,2355,8000.982,0,0,0,0,0,0.25,0,0,0,0,0,0,0,0,0,62.71875,6141,5921,220,3.58247828,590.006,1.956352E+08,4710400,0.0007282331,16213.5352,15786.8789,426.65625,0.115644813,0,0,0,0,0,0,0,0,0,0,0,0,90.74095,0,0.0752074048,0.135460824,0,131834.75,85.62351,0,0.3507823,0.357046276,0,40204.7422,0,0,0,0,0,0,0,0,0,0,0.00587700959,0.122780524,0,0,0,90005,79522,11.6471329,79523,100.001259,16.888,0,0
03/13/2025 10:06:47,0,6.15044832,1.93983912,0,17.733366,23.05131,53.2049637,21.6838188,0,0,0,0,0,9.984332,0,0,4.0591774,0,0,0,6.662589,53.2049637,57,53.92857,54,54,57,55,57,54,52,52,52,52,54,54,54,54,59,46,46,43,45,43,46,48,48,48,48,46,46,46,46,4479.99951,2190.22217,1991.111,1393.77771,1194.66663,796.4444,3484.44434,1891.55542,1991.111,1991.111,1891.55542,3484.44434,3484.44434,1692.44434,13.4502411,7.784144,0,0.205164611,0.7536621,0.858764648,0.6837158,0.853759766,0.6837158,0.8574219,0.852417,0.752319336,0.7623291,0.7623291,0.7623291,0.752319336,0.7573242,0.759643555,0.7546387,99.55555,10.7163582,20.9507027,33.8407059,10.0155373,45.6515236,17.99186,55,2355,8000.982,0,0,0,0,0,0.25,0,0,0,0,0,0,0,0,0,62.75,6141,5921,220,3.58247828,590.006,6.99904E+07,2816000,0.001831163,16213.5352,15786.8789,426.65625,0.114722908,0,0,0,0,0,0,0,0,0,0,0,0,90.74095,0,0.04696729,1.14107382,0,50047.19,85.62351,0,0.170197144,0.15436396,0,8423.867,0,0,0,0,0,0,0,0,0,0,0.00587700959,0.122780524,0,0,0,90005,79522,11.6471329,79523,100.001259,16.887,0,0
03/13/2025 10:06:48,0,5.943078,0,0,5.715889,36.02244,27.58649,0,0,0,0,0,0,3.68132,1.35734081,0,2.65515447,0,0,0,4.0225687,36.02244,71,55.1428566,55,54,57,71,56,55,52,52,52,52,54,54,54,54,67,45,46,43,29,44,45,48,48,48,48,46,46,46,46,1692.44421,3583.99951,995.5554,796.444336,4280.888,4181.33252,3484.44385,3484.44385,3484.44385,3484.44385,3484.44385,1493.33313,796.444336,696.8888,11.4969435,5.89652443,0,0.204533368,0.6468506,0.6468506,0.651855469,0.6529541,0.657959,0.657959,0.6575928,0.663818359,0.663818359,0.663818359,0.663818359,0.6588135,0.668823242,0.667480469,0.667480469,99.55554,10.7149544,20.9521065,33.8362732,10.0141792,45.65288,17.989418,55,1125,7000.978,0,0,0,0,0.12109375,0.25,0,0,0,0,0,0,0,0,0,62.78125,6141,5921,220,3.58247828,590.006,1.789952E+08,5273600,0.00103290321,16213.5352,15786.8789,426.65625,0.127371117,0,0,0,0,0,0,0,0,0,0,0,0,90.74095,0,0,0.005256112,0,0,85.62351,0,0,0.0226470735,0,0,0,0,0,0,0,0,0,0,0,0,0.00587700959,0.122780524,0,0,0,90005,79522,11.6471329,79523,100.001259,16.887,0,0
03/13/2025 10:06:49,0,1.52823329,0,0,0,39.96599,28.97724,0,0,0,0,0,0,0,0,0,0,0,0,0,3.22213173,39.96599,74,55.7857132,54,54,57,74,56,54,54,54,54,54,54,54,54,54,74,46,46,43,26,44,46,46,46,46,46,46,46,46,46,3285.335,2688.00122,4480.002,4280.89063,2190.22314,4081.77954,3185.7793,3185.7793,3185.7793,3484.446,3185.7793,3185.7793,3185.7793,1592.88965,12.6004419,7.13570833,0,0.2043492,1.0222168,1.012085,1.0020752,0.7171631,0.7171631,1.02709961,1.02209473,1.0020752,1.02709961,1.02709961,1.03063965,1.03063965,1.03063965,1.03063965,1.03063965,99.5556,10.7158279,20.9512329,33.839035,10.0147285,45.6523323,17.9904022,55,1140,7000.978,0,0,0,0,0.07421875,0.25,0,0,0,0,0,0,0,0,0,62.8125,6141,5921,220,3.58247828,590.006,1.665024E+08,6707200,0.06614041,16213.5352,15786.8789,426.65625,0.19571653,0,0,0,0,0,0,0,0,0,0,0,0,90.74095,0,0.174693823,0.199101627,0,3168700,85.62351,0,0.205644771,0.214922845,0,30646.1152,0,0,0,0,0,0,0,0,0,0,0.00587704871,0.122780561,43.2942657,43.2942657,7.99248E-05,90005,79522,11.6471329,79523,100.001259,16.887,0,0
03/13/2025 10:06:50,0.141692162,5.587232,0.137197971,0,0,55.9460869,25.94446,0,0,0,0,0,0,2.52408981,0,0,0.339001417,0.152587891,0,0,3.66476178,55.9460869,74,55.57143,54,56,59,74,56,55,52,52,52,52,54,54,54,54,64,46,44,41,26,44,45,48,48,48,48,46,46,46,46,3285.334,1095.11133,696.889038,2588.445,1493.33362,1095.11133,2389.33374,3484.445,3484.445,3185.77832,1692.44482,3285.334,3484.445,696.889038,11.7977819,6.05831242,0,0.20380117,0.6488037,0.9638672,0.939697266,0.939697266,0.919677734,0.928833,0.928833,0.7988281,0.803833,0.803833,0.8054199,0.7854004,0.7854004,0.7854004,0.7854004,99.55557,10.7300949,20.9369659,33.8840866,10.0150337,45.6520271,17.9909515,55,2355,8000.982,0,0,0,0,0,0.25,0,0,0,0,0,0,0,0,0,62.71875,6141,5921,220,3.58247828,590.006,1.682432E+08,6963200,0,16213.5352,15786.8789,426.65625,0.12546739,0,0,0,0,0,0,0,0,0,0,0,0,90.74095,0,1.4805212,1.04544151,0,17018624,85.62351,0,0.175182208,0.155866444,0,11775.3887,0,0,0,0,0,0,0,0,0,0,0.00587819237,0.122786321,1229.22485,6187.165,0.006845635,90005,79522,11.6471329,79523,100.001259,16.888,0,0
03/13/2025 10:06:51,1.27775669,9.072417,3.24233174,1.179254,1.33100152,43.01366,31.9054375,1.16383433,1.38967633,1.16733909,1.24790072,1.23018622,1.197511,10.1093,1.22119784,1.20640993,4.86112833,0,1.19583607,1.28577948,5.89820147,43.01366,57,54.5,54,54,57,55,56,54,55,54,54,54,54,54,54,54,58,46,46,43,45,44,46,45,46,46,46,46,46,46,46,4479.99854,2090.666,796.4442,696.8887,597.3332,696.8887,2787.55469,3285.33228,3484.44336,3484.44336,3484.44336,3484.44336,3484.44336,696.8887,13.3315105,7.49695539,0,0.204233453,0.6484375,1.1184082,1.1184082,1.09851074,1.1184082,1.1003418,1.1003418,1.090332,0.965332031,1.07531738,1.07531738,1.07531738,1.07531738,1.07531738,1.07531738,99.55553,10.7110443,20.9560165,33.82393,10.0108681,45.6561928,17.9834671,55,2355,8000.982,0,0,0,0,0,0.25,0,0,0,0,0,0,0,0,0,62.65625,6141,5921,220,3.58247828,590.006,1.7152E+08,7116800,0.00162642391,16213.5352,15786.8789,426.65625,0.124827936,0,0,0,0,0,0,0,0,0,0,0,0,90.74095,0,0.06442732,0.05121222,0,113664.617,85.62351,0,0.20026949,0.195048586,0,20208.61,0,0,0,0,0,0,0,0,0,0,0.00587819237,0.122786321,0,0,0,90005,79522,11.6471329,79523,100.001259,16.887,0,0
03/13/2025 10:06:52,0,3.06175947,0.5094409,0,0,38.6281357,29.1117077,0,0,0,0,0,0,4.31109667,0,0,0,0,0,0,3.48801613,38.6281357,57,54.2142868,53,56,57,53,56,53,52,53,53,53,55,55,55,55,59,47,44,43,47,44,47,48,47,47,47,45,45,45,45,1792.00049,1692.445,1194.667,796.4447,4380.446,4380.446,3484.44556,3484.44556,3484.44556,3185.77881,3484.44556,796.4447,796.4447,796.4447,12.5804348,6.97738266,0,0.204864129,0.6522217,0.6522217,0.6533203,0.6533203,0.6533203,0.658081055,0.663085938,0.663085938,0.663085938,0.6635742,0.6685791,0.6635742,0.6715088,0.6715088,0.6715088,99.55559,10.7136688,20.953392,33.832222,10.0122871,45.6547737,17.9860153,55,1110,7000.978,0,0,0,0,0.0703125,0.25,0,0,0,0,0,0,0,0,0,62.8125,6141,5921,220,3.58247828,590.006,1.859584E+08,4915200,0.000950510032,16213.5352,15786.8789,426.65625,0.107153043,0,0,0,0,0,0,0,0,0,0,0,0,90.74095,0,0.0238561276,0.23540771,0,39886.68,85.62351,0,0.166243434,0.222589061,0,13462.7891,0,0,0,0,0,0,0,0,0,0,0.00587819237,0.122786321,0,0,0,90005,79522,11.6471329,79523,100.001259,16.887,0,0
03/13/2025 10:06:53,0,5.804968,1.45368576,0,0,41.0585861,29.6263866,0,0,0,0,0,0,0.59235096,0,0,0,1.45925879,0,0,0,41.0585861,72,55.92857,54,54,57,72,56,55,54,54,54,54,54,55,55,55,65,46,46,43,28,44,45,46,46,46,46,46,45,45,45,3882.66553,1194.66638,796.4442,696.888733,597.3332,2389.33276,3484.4436,3484.4436,3484.4436,3484.4436,3484.4436,3484.4436,2488.88818,796.4442,12.9473743,7.41574669,0,0.2056956,0.678710938,0.6781006,0.6781006,0.6699219,0.6699219,0.6699219,0.6699219,0.649902344,0.6682129,0.6682129,0.6682129,0.6582031,0.663208,0.6639404,0.6639404,99.55553,10.7102509,20.95681,33.8214264,10.0120506,45.65501,17.9855957,55,1140,7000.978,0,0,0,0,0.06640625,0.25,0,0,0,0,0,0,0,0,0,62.8125,6141,5921,220,3.58247828,590.006,1.872896E+08,4505600,0.0009867352,16213.5352,15786.8789,426.65625,0.120158777,0,0,0,0,0,0,0,0,0,0,0,0,90.741,0,0.0111550028,0.009679793,0,12416.0068,85.62353,0,0.190301925,0.173862427,0,6724.22852,0,0,0,0,0,0,0,0,0,0,0.00587819237,0.122786321,0,0,0,90005,79522,11.6471329,79523,100.001259,16.887,0,0
03/13/2025 10:06:54,0,0,0,0.870448351,39.23875,34.14363,34.8004532,28.4042664,0.9086728,0.878196955,0.88956356,0.8726835,0.896257162,3.19010615,0.8932233,0.91573,13.119257,0,0.8851707,0.97399354,7.89009333,39.23875,76,56.3571434,54,57,56,76,56,55,54,54,54,54,54,55,55,55,65,46,43,44,24,44,45,46,46,46,46,46,45,45,45,4280.888,4081.77734,3882.66626,1791.99976,3882.66626,4181.333,3285.333,3285.333,3285.333,3285.333,1393.77759,796.444336,796.444336,796.444336,11.7597456,6.356558,0,0.20634599,0.6530762,0.657226563,0.6623535,0.6627197,0.667602539,0.672485352,0.677856445,0.677856445,0.6779785,0.6779785,0.697998047,0.692993164,0.692993164,0.694458,0.694458,99.55554,10.7093773,20.9576836,33.8186646,10.0112381,45.6558228,17.9841385,55,1125,7000.978,0,0,0,0,0.0703125,0.25,0,0,0,0,0,0,0,0,0,62.75,6141,5921,220,3.58247828,590.006,1.82272E+08,5273600,0.05831604,16213.5352,15786.8789,426.65625,0.187352568,0,0,0,0,0,0,0,0,0,0,0,0,90.741,0,0.004934203,0.00719039934,0,1506.51135,85.62353,0,0.167125285,0.1674588,0,11549.6621,0,0,0,0,0,0,0,0,0,0,0.00587819237,0.122786321,0,0,0,90005,79522,11.6471329,79523,100.001259,16.887,0,0
03/13/2025 10:06:55,1.30510926,3.25081944,0,0,4.19111824,42.3665543,27.3127785,0,0,0,0,0,0,2.90498137,0,0,2.07310319,0,0,0,3.77023816,42.3665543,71,55.57143,53,54,57,71,56,55,54,54,54,54,54,54,54,54,67,47,46,43,29,44,45,46,46,46,46,46,46,46,46,1791.99988,796.4444,796.4444,796.4444,1891.55542,4480,3484.44434,1592.88879,3484.44434,3484.44434,696.888855,796.4444,3484.44434,1891.55542,12.574626,6.98733664,0,0.204397961,1.24291992,1.3729248,1.37792969,1.34802246,1.34802246,1.34802246,1.34802246,1.206665,1.206665,1.206665,1.206665,1.206665,1.206665,1.206665,1.206665,99.55555,10.7090034,20.9580574,33.81749,10.0118332,45.6552277,17.985199,55,1110,7000.978,0,0,0,0,0.0703125,0.25,0,0,0,0,0,0,0,0,0,62.78125,6141,5921,220,3.58247828,590.006,1.746432E+08,6707200,0.00185692578,16213.5352,15786.8789,426.65625,0.132495955,0,0,0,0,0,0,0,0,0,0,0,0,90.741,0,0.0221790019,0.119788922,0,41542.15,85.62353,0,0,0,0,0,0,0,0,0,0,0,0,0,0,0,0.00587819237,0.122786321,0,0,0,90005,79522,11.6471329,79523,100.001259,16.887,0,0
03/13/2025 10:06:56,0,6.054759,1.46380663,1.42142773,4.39482927,49.6944122,25.5733719,4.362506,1.43506527,1.42299533,1.43151283,1.422298,1.43731236,3.5872817,1.50557756,1.43142343,0.188070536,1.46360993,1.43572688,1.76433921,5.57228947,49.6944122,67,54.92857,54,56,58,67,56,54,52,52,52,52,54,54,54,54,67,46,44,42,33,44,46,48,48,48,48,46,46,46,46,1891.55554,696.8889,796.444458,696.8889,2289.77783,4380.44434,3484.44458,3484.44458,3484.44458,3484.44458,3484.44458,1891.55554,1393.77783,1294.22229,12.92221,7.3540535,0,0.20656994,0.6960449,0.6760254,0.6810303,0.6760254,0.679443359,0.6744385,0.6744385,0.679443359,0.679443359,0.679443359,0.6795654,0.6795654,0.6795654,0.699584961,0.699584961,99.55556,10.7086067,20.9584541,33.81623,10.0124817,45.65458,17.9863663,55,1110,7000.978,0,0,0,0,0.0546875,0.25,0,0,0,0,0,0,0,0,0,62.75,6141,5921,220,3.58247828,590.006,1.859584E+08,5017600,0.00179608539,16213.5352,15786.8789,426.65625,0.117776915,0,0,0,0,0,0,0,0,0,0,0,0,90.741,0,0.0125849741,0.0222076233,0,4018.157,85.62353,0,0.351928055,0.4017775,0,30138.7617,0,0,0,0,0,0,0,0,0,0,0.00587819237,0.122786321,0,0,0,90005,79522,11.6471329,79523,100.001259,16.887,0,0
03/13/2025 10:06:57,0,6.73895454,0,0,0,48.714035,12.6025314,0,0,0,0,0,0,0,0,0,0.0248789787,0,0,0,1.97170973,48.714035,58,54.2142868,54,54,58,55,56,54,53,53,53,53,54,54,54,54,58,46,46,42,45,44,46,47,47,47,47,46,46,46,46,4480.00439,1891.5575,696.8896,696.8896,696.8896,597.3339,3484.448,3484.448,3484.448,3484.448,3484.448,3484.448,3484.448,1294.22351,12.4333477,6.87284327,0,0.204373464,0.687744141,0.742797852,0.758789063,0.758789063,0.763793945,0.763793945,0.7487793,0.693847656,0.693847656,0.7388916,0.7393799,0.694335938,0.7393799,0.7393799,0.7393799,99.55566,10.7077866,20.9592743,33.8136368,10.0103493,45.65671,17.9825287,55,1125,7000.978,0,0,0,0,0,0.25,0,0,0,0,0,0,0,0,0,62.8125,6141,5921,220,3.58247828,590.006,1.885184E+08,4761600,6.170287E-05,16213.5352,15786.8789,426.65625,0.116460264,0,0,0,0,0,0,0,0,0,0,0,0,90.741,0,0,0.0005256887,0,0,85.62353,0,0.17535761,0.176085487,0,7246.47266,0,0,0,0,0,0,0,0,0,0,0.00587819237,0.122786321,0,0,0,90005,79522,11.6471329,79523,100.001259,16.887,0,0
03/13/2025 10:06:58,0,12.1294384,2.651,1.31694078,1.35614276,43.24522,14.7358894,1.30704045,1.34250522,1.30746961,1.34194493,1.308918,1.33184791,8.412152,2.93016434,1.32593513,7.71243572,1.3353467,1.32511258,1.37999058,5.380374,43.24522,73,57,54,58,65,73,57,57,54,54,55,55,54,54,54,54,58,46,42,35,27,43,43,46,46,45,45,46,46,46,46,1792.00024,796.4445,796.4445,796.4445,3185.778,4480.00049,3484.44482,3484.44482,3484.44482,3285.33374,3484.44482,1493.3335,796.4445,796.4445,12.7271433,7.08614445,0,0.204100937,0.65234375,0.6594238,0.6677246,0.657714844,0.6677246,0.6682129,0.672851563,0.6829834,0.6829834,0.6829834,0.6829834,0.674194336,0.694213867,0.694335938,0.694335938,99.5555649,10.7075157,20.9595451,33.8127823,10.011734,45.6553268,17.9850235,55,1125,7000.978,0,0,0,0,0.07421875,0.25,0,0,0,0,0,0,0,0,0,62.8125,6141,5921,220,3.58247828,590.006,1.880064E+08,4403200,0.0006576061,16213.5352,15786.8789,426.65625,0.12143524,0,0,0,0,0,0,0,0,0,0,0,0,90.741,0,0.1554034,0.4161395,0,3032344.75,85.62353,0,0.168401033,0.145833954,0,12030.0693,0,0,0,0,0,0,0,0,0,0,0.00587836374,0.122786321,180.113327,0,0.000166252066,90005,79522,11.6471329,79523,100.001259,16.887,0,0
03/13/2025 10:06:59,0,3.99637818,0,0,0,35.0613174,33.6749077,0,0,0,0,0,0,5.3940115,0,0,0,0,0,0,3.05374265,35.0613174,59,53.92857,53,54,59,55,56,53,53,53,53,54,53,53,53,53,59,47,46,41,45,44,47,47,47,47,46,47,47,47,47,4480.00049,4380.445,4480.00049,4081.778,1592.889,3683.55566,3285.3335,3484.44458,3285.3335,3285.3335,3285.3335,3285.3335,2588.44458,896.000061,11.842063,6.35602427,0,0.205054954,0.6784668,0.6816406,0.671630859,0.671630859,0.6717529,0.6717529,0.6717529,0.661743164,0.6717529,0.6746826,0.6746826,0.6746826,0.6746826,0.669677734,0.6680908,99.5555649,10.7234077,20.9436531,33.8629761,10.0106087,45.6564522,17.98301,55,2355,8000.982,0,0,0,0,0,0.25,0,0,0,0,0,0,0,0,0,62.65625,6141,5921,220,3.58247828,590.006,1.759744E+08,6912000,0.06255774,16213.5352,15786.8789,426.65625,0.19662483,0,0,0,0,0,0,0,0,0,0,0,0,90.741,0,0,0,0,0,85.62353,0,0,0.00557282241,0,0,0,0,0,0,0,0,0,0,0,0,0.00587836374,0.122786321,0,0,0,90005,79522,11.6471329,79523,100.001259,16.887,0,0
03/13/2025 10:07:00,1.22668147,13.4480114,3.14663649,0,8.259887,36.933918,25.6479321,0,0,0,0,0,0,5.88550568,0,0,0.470232964,0,0,0,4.541588,36.933918,58,54.2142868,54,57,58,55,53,54,52,52,52,52,55,55,55,55,58,46,43,42,45,47,46,48,48,48,48,45,45,45,45,4380.444,2090.6665,796.444336,796.444336,696.8888,696.8888,2289.77759,1891.5553,3484.444,3484.444,3484.444,3484.444,3484.444,2787.55518,12.5452633,6.870293,0,0.204643875,1.098877,1.10888672,1.10888672,1.08886719,1.10888672,1.10888672,1.10888672,1.095581,1.08056641,1.08056641,1.08056641,1.08056641,1.08056641,1.08056641,1.08056641,99.55554,10.7087593,20.9583015,33.81672,10.0141678,45.6528931,17.9894028,55,2355,8000.982,0,0,0,0,0,0.25,0,0,0,0,0,0,0,0,0,62.75,6141,5921,220,3.58247828,590.006,1.832448E+08,6809600,0.000792495033,16213.5352,15786.8789,426.65625,0.13556543,0,0,0,0,0,0,0,0,0,0,0,0,90.741,0,0.8503378,0.6258702,0,16959518,85.62353,0,0.190318972,0.196891,0,14319.5557,0,0,0,0,0,0,0,0,0,0,0.005878415,0.122787423,54.9614677,1181.17188,0.00114100229,90005,79522,11.6471329,79523,100.001259,16.888,0,0
03/13/2025 10:07:01,0.0175476074,9.066558,1.02056861,1.49931312,1.53748393,60.2527161,10.0106716,1.506412,1.5402317,1.50926709,1.53457522,1.50956511,1.52893066,2.87987,1.60036683,1.54621,2.43775845,1.53010488,1.52143836,1.58683658,5.28183,60.2527161,58,53.8571434,54,56,58,53,56,53,52,52,52,52,54,54,54,54,59,46,44,42,47,44,47,48,48,48,48,46,46,46,46,3783.112,896.0002,995.5558,696.889038,597.333435,696.889038,2787.55615,3484.44531,3484.44531,3484.44531,3484.44531,3484.44531,1792.00037,3285.334,12.56524,6.869519,0,0.206631437,1.23071289,1.20068359,1.33068848,1.32568359,0.6813965,1.3314209,1.32922363,1.189209,1.189209,1.189209,1.189209,1.18151855,1.18151855,1.18151855,1.18151855,99.55558,10.7090149,20.958046,33.81752,10.01474,45.65232,17.9904251,55,2355,8000.982,0,0,0,0,0,0.25,0,0,0,0,0,0,0,0,0,62.5625,6141,5921,220,3.58247828,1.2,1.8944E+08,6707200,0.00158479309,16213.5352,15786.8789,426.65625,0.212225959,0,0,0,0,0,0,0,0,0,0,0,0,90.741,0,0.0509218462,0.133930743,0,141021.125,85.62353,0,0.339765251,0.292139,0,23503.5664,0,0,0,0,0,0,0,0,0,0,0.00587858632,0.122787423,183.6146,0,0.000169483872,90005,79522,11.6471329,79523,100.001259,16.888,0,0
03/13/2025 10:07:02,0,2.73370147,0,0,0,49.343544,21.22444,0,0,0,0,0,0,0,0,0,0,0,0,0,3.3138454,49.343544,74,56.2857132,55,57,62,74,57,55,52,52,52,52,55,55,55,55,65,45,43,38,26,43,45,48,48,48,48,45,45,45,45,4480.001,1493.33362,696.889038,995.5557,696.889038,696.889038,696.889038,3484.445,3484.445,3484.445,3285.334,3484.445,3484.445,3484.445,12.3101892,6.7066474,0,0.204548478,1.20275879,1.34277344,1.32739258,1.18737793,1.1973877,1.35742188,1.0123291,1.0690918,1.09912109,1.09912109,1.17907715,1.11401367,1.12402344,1.17907715,1.17907715,99.55557,10.7081566,20.9589043,33.81481,10.0131989,45.653862,17.9876556,55,2355,8000.982,0,0,0,0,0,0.25,0,0,0,0,0,0,0,0,0,62.65625,6141,5921,220,3.58247828,590.006,1.79968E+08,6502400,0.0009103203,16213.5352,15786.8789,426.65625,0.127331659,0,0,0,0,0,0,0,0,0,0,0,0,90.741,0,0.0467028581,0.167651042,0,104431.305,85.62353,0,0.266346484,0.331633061,0,12223.7637,0,0,0,0,0,0,0,0,0,0,0.00587858632,0.122787423,0,0,0,90005,79522,11.6471329,79523,100.001259,16.887,0,0
03/13/2025 10:07:03,0,2.23538876,0,0,0,25.1636925,40.54907,0,0,0,0,0,0,0,0,0,0,0,0,0,3.060627,40.54907,60,55.3571434,54,60,58,59,57,55,53,53,53,53,55,55,55,55,61,46,40,42,41,43,45,47,47,47,47,45,45,45,45,3185.77856,4181.33447,4380.44531,3683.5564,1393.77808,796.444641,995.5558,3185.77856,3185.77856,3185.77856,3185.77856,3185.77856,3185.77856,3185.77856,11.4721994,6.13830757,0,0.206115142,1.10400391,1.33398438,1.33398438,1.32397461,0.683959961,1.33398438,1.158081,1.1730957,1.18310547,1.118042,1.18310547,1.1730957,1.18310547,1.18310547,1.18310547,99.55558,10.7078705,20.95919,33.81391,10.01239,45.65467,17.9861984,55,1125,7000.978,0,0,0,0,0,0.25,0,0,0,0,0,0,0,0,0,62.625,6141,5921,220,3.58247828,590.006,1.706496E+08,6502400,0.059192054,16213.5352,15786.8789,426.65625,0.197757989,0,0,0,0,0,0,0,0,0,0,0,0,90.741,0,0.009757829,0.0355727151,0,16332.2432,85.62353,0,0,0.009837566,0,0,0,0,0,0,0,0,0,0,0,0,0.00587858632,0.122787423,0,0,0,90005,79522,11.6471329,79523,100.001259,16.887,0,0
03/13/2025 10:07:04,1.19204521,9.252548,6.310087,0,0,41.2091064,40.5723877,0,0,0,0.368481874,0,0,18.782526,2.32273936,0,6.923592,1.934129,0,0,5.557537,41.2091064,72,56.07143,55,54,60,72,56,55,55,54,54,54,54,54,54,54,62,45,46,40,28,44,45,45,46,46,46,46,46,46,46,1294.22229,796.444458,796.444458,4380.44434,4480,4480,3484.44458,2389.33325,896,3086.22217,2986.66675,2986.66675,2986.66675,2986.66675,13.3193436,7.62401,0,0.2050919,1.22473145,1.34973145,1.3347168,1.31970215,1.348877,1.33886719,1.33886719,1.21887207,1.21386719,1.21887207,1.21887207,1.21887207,1.21887207,1.21887207,1.21887207,99.55556,10.7184677,20.9485931,33.8473663,10.0163231,45.6507378,17.99327,55,1110,7000.978,0,0,0,0,0.22265625,0.25,0,0,0,0,0,0,0,0,0,62.6875,6141,5921,220,3.58247828,590.006,1.5872E+08,5683200,0.00128095935,16213.5352,15786.8789,426.65625,0.117948279,0,0,0,0,0,0,0,0,0,0,0,0,90.741,0,0.02624404,0.470194072,0,32744.457,85.62353,0,0.179680735,0.1715257,0,14326.1289,0,0,0,0,0,0,0,0,0,0,0.00587875769,0.122787423,183.939667,0,0.000169783933,90005,79522,11.6471329,79523,100.001259,16.888,0,0
03/13/2025 10:07:05,0,5.55161858,1.44857764,2.69606113,4.18783426,40.1958542,25.07198,6.927329,1.21142268,0,1.20589733,0,1.21585131,1.76895857,1.24884844,1.22364163,1.717633,1.22716427,1.21737123,0,4.843104,40.1958542,58,54.7142868,54,56,58,55,56,55,54,54,54,54,54,54,54,54,59,46,44,42,45,44,45,46,46,46,46,46,46,46,46,4480.00049,1692.4447,796.4445,696.889,696.889,896.0001,696.889,3285.33374,3285.33374,3484.44482,3484.44482,3484.44482,3484.44482,3484.44482,12.0571384,6.42538452,0,0.205226183,1.2154541,1.32543945,1.32543945,1.19543457,0.676269531,1.31628418,1.31628418,1.17626953,1.20629883,1.19128418,1.12121582,1.17626953,1.20629883,1.20629883,1.20629883,99.5555649,10.7144852,20.9525757,33.8347931,10.0133018,45.65376,17.9878387,55,2355,8000.982,0,0,0,0,0,0.25,0,0,0,0,0,0,0,0,0,62.75,6141,5921,220,3.58247828,590.006,1.82784E+08,6195200,0,16213.5352,15786.8789,426.65625,0.119352013,0,0,0,0,0,0,0,0,0,0,0,0,90.741,0,0.0120966248,0.02718966,0,8266.103,85.62353,0,0.181045815,0.220342189,0,27381.502,0,0,0,0,0,0,0,0,0,0,0.00587875769,0.122787423,0,0,0,90005,79522,11.6471329,79523,100.001259,16.888,0,0
03/13/2025 10:07:06,0,2.09921,0,0.862294436,1.97477341,41.9223061,23.0962982,0.8685887,0,0,0,2.36904025,0,0.9824872,0,0,0.0501215458,0,0,0.9236276,3.31023932,41.9223061,73,57.2142868,54,65,58,73,57,58,54,54,54,54,55,55,55,55,73,46,35,42,27,43,42,46,46,46,46,45,45,45,45,4480.001,4280.88965,1393.77808,2588.44482,1095.11133,3982.223,3086.223,3086.223,1493.33362,1592.88916,1792.00037,3484.445,1891.55591,3484.445,13.4667158,8.013854,0,0.206103861,1.21142578,1.35644531,1.21240234,1.21240234,1.35168457,1.35168457,1.35168457,1.21069336,1.21069336,1.21069336,1.21069336,1.21069336,1.21069336,1.20568848,1.20568848,99.55557,10.7134552,20.9536057,33.831543,10.0124207,45.65464,17.98626,55,210,7000.978,0,0,0,0,0.0703125,0.25,0,0,0,0,0,0,0,0,0,62.78125,6141,5921,220,3.58247828,590.006,1.677824E+08,6912000,0.00144716538,16213.5352,15786.8789,426.65625,0.09682858,0,0,0,0,0,0,0,0,0,0,0,0,90.741,0,0.04293833,0.139484644,0,119640.336,85.62353,0,0.208154351,0.219151437,0,27736.791,0,0,0,0,0,0,0,0,0,0,0.00587875769,0.122787423,0,0,0,90005,79522,11.6471329,79523,100.001259,16.888,0,0
