,/intelcpu/0/load/2,/intelcpu/0/load/3,/intelcpu/0/load/4,/intelcpu/0/load/5,/intelcpu/0/load/6,/intelcpu/0/load/7,/intelcpu/0/load/8,/intelcpu/0/load/9,/intelcpu/0/load/10,/intelcpu/0/load/11,/intelcpu/0/load/12,/intelcpu/0/load/13,/intelcpu/0/load/14,/intelcpu/0/load/15,/intelcpu/0/load/16,/intelcpu/0/load/17,/intelcpu/0/load/18,/intelcpu/0/load/19,/intelcpu/0/load/20,/intelcpu/0/load/21,/intelcpu/0/load/0,/intelcpu/0/load/1,/intelcpu/0/temperature/0,/intelcpu/0/temperature/1,/intelcpu/0/temperature/2,/intelcpu/0/temperature/3,/intelcpu/0/temperature/4,/intelcpu/0/temperature/5,/intelcpu/0/temperature/6,/intelcpu/0/temperature/7,/intelcpu/0/temperature/8,/intelcpu/0/temperature/9,/intelcpu/0/temperature/10,/intelcpu/0/temperature/11,/intelcpu/0/temperature/12,/intelcpu/0/temperature/13,/intelcpu/0/temperature/14,/intelcpu/0/temperature/15,/intelcpu/0/temperature/16,/intelcpu/0/temperature/17,/intelcpu/0/temperature/18,/intelcpu/0/temperature/19,/intelcpu/0/temperature/20,/intelcpu/0/temperature/21,/intelcpu/0/temperature/22,/intelcpu/0/temperature/23,/intelcpu/0/temperature/24,/intelcpu/0/temperature/25,/intelcpu/0/temperature/26,/intelcpu/0/temperature/27,/intelcpu/0/temperature/28,/intelcpu/0/temperature/29,/intelcpu/0/temperature/30,/intelcpu/0/clock/1,/intelcpu/0/clock/2,/intelcpu/0/clock/3,/intelcpu/0/clock/4,/intelcpu/0/clock/5,/intelcpu/0/clock/6,/intelcpu/0/clock/7,/intelcpu/0/clock/8,/intelcpu/0/clock/9,/intelcpu/0/clock/10,/intelcpu/0/clock/11,/intelcpu/0/clock/12,/intelcpu/0/clock/13,/intelcpu/0/clock/14,/intelcpu/0/power/0,/intelcpu/0/power/1,/intelcpu/0/power/3,/intelcpu/0/power/4,/intelcpu/0/voltage/0,/intelcpu/0/voltage/1,/intelcpu/0/voltage/2,/intelcpu/0/voltage/3,/intelcpu/0/voltage/4,/intelcpu/0/voltage/5,/intelcpu/0/voltage/6,/intelcpu/0/voltage/7,/intelcpu/0/voltage/8,/intelcpu/0/voltage/9,/intelcpu/0/voltage/10,/intelcpu/0/voltage/11,/intelcpu/0/voltage/12,/intelcpu/0/voltage/13,/intelcpu/0/voltage/14,/intelcpu/0/clock/0,/ram/data/0,/ram/data/1,/ram/load/0,/ram/data/2,/ram/data/3,/ram/load/1,/gpu-nvidia/0/temperature/0,/gpu-nvidia/0/clock/0,/gpu-nvidia/0/clock/4,/gpu-nvidia/0/load/0,/gpu-nvidia/0/load/1,/gpu-nvidia/0/load/2,/gpu-nvidia/0/load/3,/gpu-nvidia/0/smalldata/3,/gpu-nvidia/0/smalldata/4,/gpu-nvidia/0/load/5,/gpu-nvidia/0/load/8,/gpu-nvidia/0/load/10,/gpu-nvidia/0/load/6,/gpu-nvidia/0/load/7,/gpu-nvidia/0/load/9,/gpu-nvidia/0/load/11,/gpu-nvidia/0/load/12,/gpu-nvidia/0/load/13,/gpu-nvidia/0/temperature/2,/gpu-nvidia/0/smalldata/2,/gpu-nvidia/0/smalldata/0,/gpu-nvidia/0/smalldata/1,/gpu-nvidia/0/load/3,/gpu-nvidia/0/power/0,/gpu-nvidia/0/throughput/0,/gpu-nvidia/0/throughput/1,/gpu-intel-integrated/%5C%5C%3F%5CPCI%23VEN_8086%26DEV_46A6%26SUBSYS_278D1043%26REV_0C%233%2611583659%260%2610%23%7B1ca05180-a699-450a-9a0c-de4fbe3ddd89%7D/power/0,/gpu-intel-integrated/%5C%5C%3F%5CPCI%23VEN_8086%26DEV_46A6%26SUBSYS_278D1043%26REV_0C%233%2611583659%260%2610%23%7B1ca05180-a699-450a-9a0c-de4fbe3ddd89%7D/smalldata/2,/gpu-intel-integrated/%5C%5C%3F%5CPCI%23VEN_8086%26DEV_46A6%26SUBSYS_278D1043%26REV_0C%233%2611583659%260%2610%23%7B1ca05180-a699-450a-9a0c-de4fbe3ddd89%7D/smalldata/1,/gpu-intel-integrated/%5C%5C%3F%5CPCI%23VEN_8086%26DEV_46A6%26SUBSYS_278D1043%26REV_0C%233%2611583659%260%2610%23%7B1ca05180-a699-450a-9a0c-de4fbe3ddd89%7D/smalldata/0,/gpu-intel-integrated/%5C%5C%3F%5CPCI%23VEN_8086%26DEV_46A6%26SUBSYS_278D1043%26REV_0C%233%2611583659%260%2610%23%7B1ca05180-a699-450a-9a0c-de4fbe3ddd89%7D/load/0,/gpu-intel-integrated/%5C%5C%3F%5CPCI%23VEN_8086%26DEV_46A6%26SUBSYS_278D1043%26REV_0C%233%2611583659%260%2610%23%7B1ca05180-a699-450a-9a0c-de4fbe3ddd89%7D/load/9,/gpu-intel-integrated/%5C%5C%3F%5CPCI%23VEN_8086%26DEV_46A6%26SUBSYS_278D1043%26REV_0C%233%2611583659%260%2610%23%7B1ca05180-a699-450a-9a0c-de4fbe3ddd89%7D/load/1,/gpu-intel-integrated/%5C%5C%3F%5CPCI%23VEN_8086%26DEV_46A6%26SUBSYS_278D1043%26REV_0C%233%2611583659%260%2610%23%7B1ca05180-a699-450a-9a0c-de4fbe3ddd89%7D/load/11,/gpu-intel-integrated/%5C%5C%3F%5CPCI%23VEN_8086%26DEV_46A6%26SUBSYS_278D1043%26REV_0C%233%2611583659%260%2610%23%7B1ca05180-a699-450a-9a0c-de4fbe3ddd89%7D/load/10,/gpu-intel-integrated/%5C%5C%3F%5CPCI%23VEN_8086%26DEV_46A6%26SUBSYS_278D1043%26REV_0C%233%2611583659%260%2610%23%7B1ca05180-a699-450a-9a0c-de4fbe3ddd89%7D/load/3,/gpu-intel-integrated/%5C%5C%3F%5CPCI%23VEN_8086%26DEV_46A6%26SUBSYS_278D1043%26REV_0C%233%2611583659%260%2610%23%7B1ca05180-a699-450a-9a0c-de4fbe3ddd89%7D/load/4,/gpu-intel-integrated/%5C%5C%3F%5CPCI%23VEN_8086%26DEV_46A6%26SUBSYS_278D1043%26REV_0C%233%2611583659%260%2610%23%7B1ca05180-a699-450a-9a0c-de4fbe3ddd89%7D/load/5,/gpu-intel-integrated/%5C%5C%3F%5CPCI%23VEN_8086%26DEV_46A6%26SUBSYS_278D1043%26REV_0C%233%2611583659%260%2610%23%7B1ca05180-a699-450a-9a0c-de4fbe3ddd89%7D/load/6,/gpu-intel-integrated/%5C%5C%3F%5CPCI%23VEN_8086%26DEV_46A6%26SUBSYS_278D1043%26REV_0C%233%2611583659%260%2610%23%7B1ca05180-a699-450a-9a0c-de4fbe3ddd89%7D/load/7,/gpu-intel-integrated/%5C%5C%3F%5CPCI%23VEN_8086%26DEV_46A6%26SUBSYS_278D1043%26REV_0C%233%2611583659%260%2610%23%7B1ca05180-a699-450a-9a0c-de4fbe3ddd89%7D/load/2,/gpu-intel-integrated/%5C%5C%3F%5CPCI%23VEN_8086%26DEV_46A6%26SUBSYS_278D1043%26REV_0C%233%2611583659%260%2610%23%7B1ca05180-a699-450a-9a0c-de4fbe3ddd89%7D/load/12,/gpu-intel-integrated/%5C%5C%3F%5CPCI%23VEN_8086%26DEV_46A6%26SUBSYS_278D1043%26REV_0C%233%2611583659%260%2610%23%7B1ca05180-a699-450a-9a0c-de4fbe3ddd89%7D/load/8,/hdd/1/load/0,/hdd/1/load/31,/hdd/1/load/32,/hdd/1/load/33,/hdd/1/throughput/34,/hdd/1/throughput/35,/hdd/0/load/0,/hdd/0/load/31,/hdd/0/load/32,/hdd/0/load/33,/hdd/0/throughput/34,/hdd/0/throughput/35,/nic/%7B6B9C28EA-F1B2-4518-875F-2744DB97822F%7D/data/2,/nic/%7B6B9C28EA-F1B2-4518-875F-2744DB97822F%7D/data/3,/nic/%7B6B9C28EA-F1B2-4518-875F-2744DB97822F%7D/throughput/7,/nic/%7B6B9C28EA-F1B2-4518-875F-2744DB97822F%7D/throughput/8,/nic/%7B6B9C28EA-F1B2-4518-875F-2744DB97822F%7D/load/1,/nic/%7BF90C6E0E-D34F-4188-A599-3ED020FABA30%7D/data/2,/nic/%7BF90C6E0E-D34F-4188-A599-3ED020FABA30%7D/data/3,/nic/%7BF90C6E0E-D34F-4188-A599-3ED020FABA30%7D/throughput/7,/nic/%7BF90C6E0E-D34F-4188-A599-3ED020FABA30%7D/throughput/8,/nic/%7BF90C6E0E-D34F-4188-A599-3ED020FABA30%7D/load/1,/nic/%7BC9A9F541-7D11-4C0E-A058-314FC0EE2D5D%7D/data/2,/nic/%7BC9A9F541-7D11-4C0E-A058-314FC0EE2D5D%7D/data/3,/nic/%7BC9A9F541-7D11-4C0E-A058-314FC0EE2D5D%7D/throughput/7,/nic/%7BC9A9F541-7D11-4C0E-A058-314FC0EE2D5D%7D/throughput/8,/nic/%7BC9A9F541-7D11-4C0E-A058-314FC0EE2D5D%7D/load/1,/battery/GA50358%00_1/energy/0,/battery/GA50358%00_1/energy/1,/battery/GA50358%00_1/level/1,/battery/GA50358%00_1/energy/2,/battery/GA50358%00_1/level/0,/battery/GA50358%00_1/voltage/0,/battery/GA50358%00_1/current/0,/battery/GA50358%00_1/power/0
Time,"CPU Core #1 Thread #1","CPU Core #1 Thread #2","CPU Core #2 Thread #1","CPU Core #2 Thread #2","CPU Core #3 Thread #1","CPU Core #3 Thread #2","CPU Core #4 Thread #1","CPU Core #4 Thread #2","CPU Core #5 Thread #1","CPU Core #5 Thread #2","CPU Core #6 Thread #1","CPU Core #6 Thread #2","CPU Core #7","CPU Core #8","CPU Core #9","CPU Core #10","CPU Core #11","CPU Core #12","CPU Core #13","CPU Core #14","CPU Total","CPU Core Max","Core Max","Core Average","CPU Core #1","CPU Core #2","CPU Core #3","CPU Core #4","CPU Core #5","CPU Core #6","CPU Core #7","CPU Core #8","CPU Core #9","CPU Core #10","CPU Core #11","CPU Core #12","CPU Core #13","CPU Core #14","CPU Package","CPU Core #1 Distance to TjMax","CPU Core #2 Distance to TjMax","CPU Core #3 Distance to TjMax","CPU Core #4 Distance to TjMax","CPU Core #5 Distance to TjMax","CPU Core #6 Distance to TjMax","CPU Core #7 Distance to TjMax","CPU Core #8 Distance to TjMax","CPU Core #9 Distance to TjMax","CPU Core #10 Distance to TjMax","CPU Core #11 Distance to TjMax","CPU Core #12 Distance to TjMax","CPU Core #13 Distance to TjMax","CPU Core #14 Distance to TjMax","CPU Core #1","CPU Core #2","CPU Core #3","CPU Core #4","CPU Core #5","CPU Core #6","CPU Core #7","CPU Core #8","CPU Core #9","CPU Core #10","CPU Core #11","CPU Core #12","CPU Core #13","CPU Core #14","CPU Package","CPU Cores","CPU Memory","CPU Platform","CPU Core","CPU Core #1","CPU Core #2","CPU Core #3","CPU Core #4","CPU Core #5","CPU Core #6","CPU Core #7","CPU Core #8","CPU Core #9","CPU Core #10","CPU Core #11","CPU Core #12","CPU Core #13","CPU Core #14","Bus Speed","Memory Used","Memory Available","Memory","Virtual Memory Used","Virtual Memory Available","Virtual Memory","GPU Core","GPU Core","GPU Memory","GPU Core","GPU Memory Controller","GPU Video Engine","GPU Bus","D3D Dedicated Memory Used","D3D Shared Memory Used","D3D 3D","D3D Overlay","D3D Video Decode","D3D Copy","D3D Copy","D3D Security","D3D Video Encode","D3D Video Processing","D3D VR","GPU Hot Spot","GPU Memory Total","GPU Memory Free","GPU Memory Used","GPU Memory","GPU Package","GPU PCIe Rx","GPU PCIe Tx","GPU Power","D3D Shared Memory Total","D3D Shared Memory Free","D3D Shared Memory Used","D3D 3D","D3D Video Decode","D3D Copy","D3D Video Processing","D3D Video Decode","D3D Other","D3D Other","D3D Other","D3D Other","D3D Other","D3D GDI Render","D3D Video Processing","D3D Other","Used Space","Read Activity","Write Activity","Total Activity","Read Rate","Write Rate","Used Space","Read Activity","Write Activity","Total Activity","Read Rate","Write Rate","Data Uploaded","Data Downloaded","Upload Speed","Download Speed","Network Utilization","Data Uploaded","Data Downloaded","Upload Speed","Download Speed","Network Utilization","Data Uploaded","Data Downloaded","Upload Speed","Download Speed","Network Utilization","Designed Capacity","Fully-Charged Capacity","Degradation Level","Remaining Capacity","Charge Level","Voltage","Charge/Discharge Current","Charge/Discharge Rate"
03/13/2025 09:47:19,0.0353217125,1.53388381,7.8189373,0,28.25349,0,39.10353,1.4670074,1.47269964,1.45759583,1.46573782,1.45837069,1.46870017,1.46608353,3.57786417,2.397132,1.61842108,1.46915317,1.46599412,2.12315321,4.81969738,39.10353,74,57.92857,56,60,72,74,56,57,55,55,55,55,54,54,54,54,67,44,40,28,26,44,43,45,45,45,45,46,46,46,46,4380.44531,4081.77856,1393.778,2986.66724,1692.4447,1692.4447,1493.33362,1493.33362,3285.334,2389.33374,1692.4447,1393.778,1294.22241,2190.22266,11.9277191,6.109784,0,0.203695565,0.841552734,0.686523438,0.6829834,0.866210938,0.681152344,0.6824951,0.6873779,0.707397461,0.7121582,0.7770996,0.6871338,0.7520752,0.7821045,0.7821045,0.7852783,99.55557,10.7251358,20.941925,33.86843,10.02681,45.64025,18.0121078,55,1110,7000.978,0,0,0,0,0.06640625,0.25,0,0,0,0,0,0,0,0,0,62.875,6141,5921,220,3.58247828,590.006,1.874944E+08,4403200,0.000958205957,16213.5352,15786.8789,426.65625,0.150773823,0,0,0,0,0,0,0,0,0,0,0,0,90.74013,0,0.04434165,0.401185542,0,43766.2,85.62289,0,0.4460505,0.352395773,0,11611.4365,0,0,0,0,0,0,0,0,0,0,0.00569529831,0.122446261,0,0,0,90005,79522,11.6471329,79523,100.001259,16.887,0,0
03/13/2025 09:47:20,0.1475811,1.58650279,7.549858,4.52901125,25.7970581,4.600626,47.90887,1.66506171,2.26646662,1.65036321,1.73649788,1.71186924,1.6938746,1.68553591,14.848381,5.442196,11.5697327,9.688234,1.72402263,2.23886967,7.50203133,47.90887,72,56,55,56,57,72,55,55,54,54,54,54,55,55,54,54,66,45,44,43,28,45,45,46,46,46,46,45,45,46,46,2190.22168,3982.22119,4380.44336,4380.44336,4479.999,1991.1106,1095.11084,1294.22192,1294.22192,1194.66638,1194.66638,1095.11084,796.4442,796.4442,12.8503075,7.33468962,0,0.208155751,0.653198242,0.6582031,0.662963867,0.657959,0.657959,0.662963867,0.668823242,0.668823242,0.668823242,0.668823242,0.668823242,0.6694336,0.6744385,0.6744385,0.6744385,99.55553,10.7147827,20.9522781,33.83574,10.0175667,45.6494942,17.9955063,55,1095,7000.978,0,0,0,0,0.0703125,0.25,0,0,0,0,0,0,0,0,0,62.71875,6141,5921,220,3.58247828,590.006,1.8176E+08,5273600,0.001496677,16213.5352,15786.8789,426.65625,0.119037449,0,0,0,0,0,0,0,0,0,0,0,0,90.74013,0,0,0.0132220238,0,0,85.62289,0.18158704,0,0.176898509,4016.69434,0,0,0,0,0,0,0,0,0,0,0,0.00569534954,0.122446321,53.92652,64.71183,0.00010950811,90005,79522,11.6471329,79523,100.001259,16.887,0,0
03/13/2025 09:47:21,0.6913066,0,1.3099432,0,16.5345783,0,50.322567,0,0.678271055,0,0,0,0,0,0,0,0,0,0,0,1.72984,50.322567,74,57.2857132,54,64,74,59,64,55,53,53,53,53,55,55,55,55,73,46,36,26,41,36,45,47,47,47,47,45,45,45,45,4380.447,2190.22339,796.4449,796.4449,995.5561,796.4449,696.8893,696.8893,1792.001,3484.44629,1792.001,3484.44629,3484.44629,3484.44629,11.9828024,6.369588,0,0.205234647,1.21984863,1.34985352,1.329834,1.32556152,1.345581,1.324707,1.34472656,1.24963379,1.24963379,1.24462891,1.25415039,1.17419434,1.25415039,1.25415039,1.25415039,99.55561,10.7117195,20.9553413,33.8260574,10.0153084,45.6517525,17.9914474,55,2355,8000.982,0,0,0,0,0,0.25,0,0,0,0,0,0,0,0,0,62.84375,6141,5921,220,3.58247828,590.006,1.766912E+08,6809600,6.09983181E-05,16213.5352,15786.8789,426.65625,0.118098684,0,0,0,0,0,0,0,0,0,0,0,0,90.74013,0,0.0479610376,0.2118021,0,110529.8,85.62289,0,0.179931343,0.16921781,0,28656.9238,0,0,0,0,0,0,0,0,0,0,0.00569563732,0.122446485,308.870972,174.926926,0.0004465655,90005,79522,11.6471329,79523,100.001259,16.887,0,0
03/13/2025 09:47:22,0,0,5.132091,0,10.7600746,0,58.2922,0,0,0,0,0,0,0,5.21906,1.87531114,1.43637061,0,0,0,3.82614136,58.2922,73,56.6428566,55,73,57,63,55,54,54,54,54,54,55,55,55,55,65,45,27,43,37,45,46,46,46,46,46,45,45,45,45,4380.44336,1393.77747,1294.22192,796.4443,796.4443,995.5553,796.4443,796.4443,1991.1106,3484.4436,3484.4436,3484.4436,3484.4436,3484.4436,13.6903524,8.054178,0,0.206980392,1.25915527,1.38916016,1.37414551,1.3260498,1.32421875,1.04919434,1.32421875,1.12182617,1.22192383,1.22192383,1.22192383,1.12182617,1.22192383,1.22192383,1.12182617,99.5555344,10.7192459,20.9478149,33.84983,10.0170364,45.6500244,17.9945526,55,1140,7000.978,0,0,0,0,0,0.25,0,0,0,0,0,0,0,0,0,62.8125,6141,5921,220,3.58247828,590.006,1.86112E+08,6092800,0,16213.5352,15786.8789,426.65625,0.08408236,0,0,0,0,0,0,0,0,0,0,0,0,90.74013,0,0.04578406,0.426188529,0,124865.414,85.62289,0,0.175160751,0.196548641,0,9212.755,0,0,0,0,0,0,0,0,0,0,0.00569563732,0.122446485,0,0,0,90005,79522,11.6471329,79523,100.001259,16.887,0,0
03/13/2025 09:47:23,0,0.6884515,3.14295888,0.6988585,12.6427174,0.6960273,54.7719879,0,0.7469475,0.6930232,0.7125199,0.905787945,0.7311046,0.7309377,4.276347,0,1.968813,0.713640451,0.7088065,0,2.28226781,54.7719879,77,56.3571434,54,77,63,60,57,54,52,52,52,52,54,54,54,54,62,46,23,37,40,43,46,48,48,48,48,46,46,46,46,2887.1123,995.555969,1891.5564,796.444763,696.88916,796.444763,796.444763,796.444763,3484.446,3484.446,3185.779,3285.33472,3285.33472,3285.33472,12.3905907,6.825203,0,0.205671668,1.21569824,1.34570313,1.33068848,1.34069824,1.32421875,1.32421875,1.31896973,1.06311035,1.21813965,1.21813965,1.21813965,1.16809082,1.21813965,1.118042,1.21313477,99.5555954,10.7185287,20.9485321,33.8475647,10.0175552,45.6495056,17.9954758,55,1095,7000.978,0,0,0,0,0.12109375,0.25,0,0,0,0,0,0,0,0,0,62.84375,6141,5921,220,3.58247828,590.006,1.73568E+08,5888000,0.00111501745,16213.5352,15786.8789,426.65625,0.114187934,0,0,0,0,0,0,0,0,0,0,0,0,90.74013,0,0.1481165,0.14075838,0,3102516,85.62289,0,0.1750929,0.167795673,0,10391.9541,0,0,0,0,0,0,0,0,0,0,0.00569563732,0.122446485,0,0,0,90005,79522,11.6471329,79523,100.001259,16.887,0,0
03/13/2025 09:47:24,0.217318535,0.125157833,6.1147213,0.141561031,11.7445526,0.1259923,60.0749741,22.0598335,0.237548351,0.1219511,0.226259232,0.186502934,0.170099735,0.169092417,0.8170128,0.1686573,0.3873706,0.150841475,0.146347284,1.89616084,5.26409149,60.0749741,69,55.2142868,54,57,57,69,55,57,52,52,52,52,54,54,54,54,61,46,43,43,31,45,43,48,48,48,48,46,46,46,46,2389.33252,4380.443,4380.443,4380.443,4380.443,4380.443,3484.44336,3484.44336,1194.66626,895.9997,2289.777,3285.33228,3285.33228,3285.33228,14.1101437,8.601025,0,0.205071867,1.21679688,1.34179688,1.32678223,1.34680176,1.33422852,1.37915039,1.37915039,1.22424316,1.22424316,1.22424316,1.22424316,1.21765137,1.21765137,1.21765137,1.21765137,99.55553,10.73497,20.93209,33.8994827,10.0180016,45.64906,17.9962845,55,1125,7000.978,0,0,0,0,0.0703125,0.25,0,0,0,0,0,0,0,0,0,62.84375,6141,5921,220,3.58247828,590.006,1.730048E+08,6809600,0.00121565664,16213.5352,15786.8789,426.65625,0.17706497,0,0,0,0,0,0,0,0,0,0,0,0,90.74013,0,0.036160998,0.103381947,0,95156.39,85.62289,0,0.206907749,0.216147169,0,45302.7031,0,0,0,0,0,0,0,0,0,0,0.00569580868,0.122446485,203.498383,0,0.000187837431,90005,79522,11.6471329,79523,100.001259,16.887,0,0
03/13/2025 09:47:25,0.702315569,0,4.87933159,0,21.47246,0,54.6603622,0,0.6921172,0,0,0,0,0,3.3391,0,2.19137073,0,0,0,0,54.6603622,57,54.5,54,54,57,55,55,54,54,54,54,54,55,55,54,54,58,46,46,43,45,45,46,46,46,46,46,45,45,46,46,4479.99658,1194.66565,4380.441,1393.77661,4081.77441,4081.77441,2787.55322,895.999268,696.8883,895.999268,1095.11023,995.554749,1095.11023,1294.22119,13.417551,7.98587227,0,0.207705,0.6921387,0.677124,0.677124,0.6821289,0.677124,0.6821289,0.6846924,0.6846924,0.6846924,0.6796875,0.6846924,0.6796875,0.698852539,0.698852539,0.698852539,99.55547,10.7175941,20.9494667,33.8446121,10.0195656,45.6474953,17.9990921,55,1125,7000.978,0,0,0,0,0.140625,0.25,0,0,0,0,0,0,0,0,0,62.75,6141,5921,220,3.58247828,590.006,1.780224E+08,5324800,0.05412427,16213.5352,15786.8789,426.65625,0.162090436,0,0,0,0,0,0,0,0,0,0,0,0,90.74013,0,1.70387042,1.19016278,0,15938015,85.62289,0,0.148131654,0.167070433,0,11852.6963,0,0,0,0,0,0,0,0,0,0,0.00569580868,0.122446485,0,0,0,90005,79522,11.6471329,79523,100.001259,16.887,0,0
03/13/2025 09:47:26,0,0.7231891,1.654017,0.7262528,40.5962753,31.6895542,30.7529335,32.4290581,0,0.7263422,0.7565379,0.728011131,0.7556319,0.7556081,0.939530134,0.7595718,0,0.76195,0.75562,0.9751916,7.20408535,40.5962753,58,53.8571434,53,56,58,55,53,53,52,52,53,53,54,54,54,54,57,47,44,42,45,47,47,48,48,47,47,46,46,46,46,3185.77832,4380.445,4380.445,4480.00049,4280.88965,4280.88965,1592.88916,796.4446,796.4446,995.555664,1095.11121,1095.11121,1393.778,1294.22241,11.5236673,6.171192,0,0.208545819,0.6973877,0.6873779,0.6873779,0.682373047,0.672485352,0.677490234,0.677490234,0.677490234,0.677490234,0.6763916,0.6763916,0.6763916,0.6763916,0.6763916,0.6763916,99.55557,10.7180367,20.9490242,33.8460159,10.016922,45.65014,17.9943466,55,1110,7000.978,0,0,0,0,0.06640625,0.25,0,0,0,0,0,0,0,0,0,62.84375,6141,5921,220,3.58247828,590.006,1.825792E+08,5376000,0.00229167356,16213.5352,15786.8789,426.65625,0.11339128,0,0,0,0,0,0,0,0,0,0,0,0,90.74013,0,0.0124596022,0,0,3540.27686,85.62289,0,0.16568999,0.153971449,0,5564.181,0,0,0,0,0,0,0,0,0,0,0.00569580868,0.122446485,0,0,0,90005,79522,11.6471329,79523,100.001259,16.888,0,0
03/13/2025 09:47:27,1.41425133,0,3.27913761,0,37.06912,0,33.6038475,0,2.82821655,0,0,0,0,0,0.1039207,0,0.1575172,0,0,0.0526309,0.72261095,37.06912,78,56.7142868,53,78,58,62,56,54,53,53,53,54,55,55,55,55,65,47,22,42,38,44,46,47,47,47,46,45,45,45,45,4480.00146,1393.77832,4380.44629,4480.00146,4480.00146,4480.00146,3285.33447,1095.11157,995.5559,995.5559,896.000366,1792.00073,1792.00073,1592.88953,12.468627,7.02093029,0,0.207053229,0.741210938,0.7261963,0.7303467,0.6912842,0.6907959,0.7258301,0.7227783,0.737792969,0.7390137,0.7390137,0.7390137,0.7390137,0.7390137,1.10900879,1.10900879,99.5555954,10.71854,20.94852,33.8476028,10.01783,45.64923,17.99598,55,1125,7000.978,0,0,0,0,0.0703125,0.25,0,0,0,0,0,0,0,0,0,62.8125,6141,5921,220,3.58247828,590.006,1.823744E+08,4915200,0.000372352952,16213.5352,15786.8789,426.65625,0.130716175,0,0,0,0,0,0,0,0,0,0,0,0,90.74013,0,0.0241279937,0.174966082,0,24991.4,85.62289,0,0.201839358,0.2267096,0,53627.2969,0,0,0,0,0,0,0,0,0,0,0.00569580868,0.122446485,0,0,0,90005,79522,11.6471329,79523,100.001259,16.888,0,0
03/13/2025 09:47:28,0,0.929093361,0.5613446,0.928598642,30.7012024,19.5569515,43.31073,19.55908,0,0.9828627,1.05071068,0.9833157,1.01528764,1.0186255,14.3773556,1.35996342,2.17031837,1.37497783,1.0148406,1.08357668,6.97543049,43.31073,69,55.2142868,55,56,69,56,58,54,52,52,52,53,54,54,54,54,65,45,44,31,44,42,46,48,48,48,47,46,46,46,46,995.5562,3185.77979,4280.8916,4380.44727,4380.44727,4480.003,3484.44678,3484.44678,1393.77869,796.444946,796.444946,796.444946,696.889343,796.444946,12.4488611,6.85283,0,0.2058057,0.6621094,0.6628418,0.661743164,0.661743164,0.6567383,0.661743164,0.6668701,0.6668701,0.6668701,0.6668701,0.6668701,0.667480469,0.672485352,0.672485352,0.667480469,99.55562,10.7150612,20.952,33.8366165,10.01614,45.65092,17.9929352,55,1110,7000.978,0,0,0,0,0.06640625,0.25,0,0,0,0,0,0,0,0,0,62.90625,6141,5921,220,3.58247828,590.006,1.635328E+08,6809600,0.000185868121,16213.5352,15786.8789,426.65625,0.102452807,0,0,0,0,0,0,0,0,0,0,0,0,90.74013,0,0.0250422154,0.117384747,0,33251.4336,85.62289,0,0,0,0,0,0,0,0,0,0,0,0,0,0,0,0.00569580868,0.122446485,0,0,0,90005,79522,11.6471329,79523,100.001259,16.887,0,0
03/13/2025 09:47:29,0.255638361,0.1765728,16.1338863,0.163912773,30.5089779,0.1858592,23.3893986,0.17516017,0,0.166392326,0.184732676,0.166070461,0.18658042,0.181299448,0.9736419,0.200861692,0,0,0.200688839,0,3.39525938,30.5089779,72,55.7857132,54,54,58,72,56,55,53,53,53,53,55,55,55,55,61,46,46,42,28,44,45,47,47,47,47,45,45,45,45,1991.11035,4181.332,4280.887,4380.443,4380.443,4380.443,3484.443,3484.443,1294.2218,3484.443,3285.332,2986.66553,2887.11,2887.11,13.01251,7.5351634,0,0.204759881,1.2791748,1.38415527,1.387207,1.35229492,1.34729,1.37219238,1.37219238,1.21728516,1.21728516,1.20861816,1.20861816,1.20861816,1.20861816,1.20861816,1.20861816,99.55552,10.7126884,20.9543724,33.8291245,10.0140419,45.65302,17.9891739,55,210,7000.978,0,0,0,0,0.0703125,0.25,0,0,0,0,0,0,0,0,0,62.75,6141,5921,220,3.58247828,590.006,1.547264E+08,6707200,0.0009924325,16213.5352,15786.8789,426.65625,0.168291137,0,0,0,0,0,0,0,0,0,0,0,0,90.74013,0,0.0458640754,0.0503193177,0,17765.5137,85.62289,0,0.427096337,0.467464536,0,31647.041,0,0,0,0,0,0,0,0,0,0,0.00569666363,0.122446485,995.48175,0,0.00091887085,90005,79522,11.6471329,79523,100.001259,16.887,0,0
03/13/2025 09:47:30,0.1346767,1.59568191,6.154239,1.60771012,22.355711,1.599282,53.7619476,1.61237121,4.73718643,1.60823464,1.617378,1.60729885,1.62570477,1.621151,9.463281,6.00598431,7.320833,5.880147,1.6197741,3.64495516,6.77868128,53.7619476,58,54.42857,54,56,58,57,56,55,52,52,53,53,54,54,54,54,58,46,44,42,43,44,45,48,48,47,47,46,46,46,46,4480.00244,1393.77856,4380.447,4480.00244,4380.447,4181.33545,3185.77954,3285.33521,1692.44531,696.8893,796.4449,796.4449,3285.33521,1393.77856,14.4108191,8.710353,0,0.204806447,0.7088623,0.7838135,0.6838379,0.7788086,0.779052734,0.779052734,0.7590332,0.709106445,0.7640381,0.7640381,0.7640381,0.709106445,0.764648438,0.759643555,0.744751,99.55561,10.7114182,20.9556427,33.82511,10.0118752,45.6551857,17.9852753,55,1125,7000.978,0,0,0,0,0.0546875,0.25,0,0,0,0,0,0,0,0,0,62.78125,6141,5921,220,3.58247828,590.006,1.860608E+08,5120000,0.0542043522,16213.5352,15786.8789,426.65625,0.163939953,0,0,0,0,0,0,0,0,0,0,0,0,90.74013,0,0.0309917629,0.136950955,0,46220.83,85.62289,0,0.154548511,0.175483227,0,5136.28027,0,0,0,0,0,0,0,0,0,0,0.005698487,0.122446485,1785.30627,0,0.00164791162,90005,79522,11.6471329,79523,100.001259,16.887,0,0
03/13/2025 09:47:31,0.163465738,0,3.921312,0,32.0380745,0,45.5441132,0,0,0,0,0,0,0,0.153577328,0,0.34006238,0,0,0,3.12519073,45.5441132,72,56.6428566,54,56,72,57,64,54,55,55,55,55,54,54,54,54,75,46,44,28,43,36,46,45,45,45,45,46,46,46,46,4380.445,3783.11133,4380.445,1991.11121,796.4445,995.5556,1194.66675,995.5556,796.4445,896.000061,1194.66675,1095.11121,1393.77783,1294.22229,11.8974237,6.44389439,0,0.209347427,0.694213867,0.682251,0.682251,0.681884766,0.6768799,0.6777344,0.682739258,0.707397461,0.712402344,0.712402344,0.712402344,0.707397461,0.712402344,0.7302246,0.7302246,99.5555649,10.7100983,20.9569626,33.82094,10.0152168,45.651844,17.99128,55,1125,7000.978,0,0,0,0,0.06640625,0.25,0,0,0,0,0,0,0,0,0,62.78125,6141,5921,220,3.58247828,590.006,1.758208E+08,6041600,0.00174987293,16213.5352,15786.8789,426.65625,0.116399869,0,0,0,0,0,0,0,0,0,0,0,0,90.74013,0,0.00737094367,0,0,20357.22,85.62289,0,0.156667233,0.13714394,0,10415.3184,0,0,0,0,0,0,0,0,0,0,0.005698487,0.122446485,0,0,0,90005,79522,11.6471329,79523,100.001259,16.887,0,0
03/13/2025 09:47:32,0,0,3.59172821,1.17031932,29.407156,0,31.1046124,0,0.8397281,0,0,0,0,0,0.7629812,0,0,0,0,0,3.112477,31.1046124,57,54.3571434,53,54,57,56,55,54,54,54,54,54,54,54,54,54,58,47,46,43,44,45,46,46,46,46,46,46,46,46,46,1493.33179,4380.44,4380.44,4479.995,2090.66455,796.4436,895.9991,796.4436,796.4436,796.4436,696.8882,3484.441,3484.441,3484.441,12.1374607,6.55073261,0,0.205551147,1.23352051,1.38354492,1.36352539,1.15551758,1.3293457,1.32434082,1.32165527,1.17163086,1.22167969,1.121582,1.22167969,1.0916748,1.2166748,1.2166748,1.17163086,99.55545,10.7088928,20.958168,33.81713,10.0149345,45.6521263,17.9907761,55,2355,8000.982,0,0,0,0,0,0.25,0,0,0,0,0,0,0,0,0,62.75,6141,5921,220,3.58247828,1.2,1.889792E+08,6502400,0.0132073071,16213.5352,15786.8789,426.65625,0.154834613,0,0,0,0,0,0,0,0,0,0,0,0,90.74013,0,0,0.000477477,0,0,85.62289,0,0,0,0,0,0,0,0,0,0,0,0,0,0,0,0.005698487,0.122446485,0,0,0,90005,79522,11.6471329,79523,100.001259,16.887,0,0
03/13/2025 09:47:33,0.20878911,0.115871429,3.58746648,0,13.3207617,0.100666285,60.0628967,0.110787153,0.138318539,0.09640455,0.134301186,0.3091395,0.137323141,0.134432316,1.47832036,0.142216682,0.140738487,0.121933222,0.115013123,0.3824532,3.96954417,60.0628967,60,54.7857132,54,56,57,60,56,54,53,53,54,54,54,54,54,54,60,46,44,43,40,44,46,47,47,46,46,46,46,46,46,3185.78,896.0006,1393.77869,4081.78052,1393.77869,1393.77869,3484.44678,2190.22363,796.445,796.445,696.889343,696.889343,696.889343,696.889343,13.0728865,7.858368,0,0.20697239,0.647460938,0.6524658,0.6525879,0.647583,0.647583,0.6479492,0.6529541,0.657959,0.6582031,0.6582031,0.6582031,0.6582031,0.662597656,0.662597656,0.662597656,99.5556259,10.7157211,20.95134,33.8387,10.0165024,45.65056,17.9935913,55,1125,7000.978,0,0,0,0,0.0546875,0.25,0,0,0,0,0,0,0,0,0,62.84375,6141,5921,220,3.58247828,590.006,1.752064E+08,6553600,0.0493341759,16213.5352,15786.8789,426.65625,0.18325,0,0,0,0,0,0,0,0,0,0,0,0,90.74013,0,0.150205746,0.403321,0,3149812.25,85.62289,0,0.181519389,0.222493842,0,13559.8359,0,0,0,0,0,0,0,0,0,0,0.005698487,0.122446485,0,0,0,90005,79522,11.6471329,79523,100.001259,16.887,0,0
03/13/2025 09:47:34,0.6829381,0,15.199399,0,29.8168411,0,55.3124428,0,4.01216745,0,1.13101,0,0,0,20.8260365,7.82843828,16.50771,8.531117,0,0,6.59469366,55.3124428,70,55.8571434,54,56,70,60,60,54,53,53,53,53,54,54,54,54,65,46,44,30,40,40,46,47,47,47,47,46,46,46,46,4380.446,4380.446,4380.446,4380.446,2887.112,3484.4458,1493.33386,1294.22266,1194.66711,1194.66711,995.5559,896.0003,1194.66711,1095.11145,14.8108206,9.048297,0,0.210388228,0.661743164,0.661743164,0.668334961,0.6633301,0.6633301,0.6685791,0.673584,0.673584,0.678588867,0.678588867,0.678588867,0.678588867,0.678588867,0.678588867,0.678588867,99.55559,10.7335052,20.9335556,33.89486,10.0154953,45.6515656,17.9917755,55,1125,7000.978,0,0,0,0,0.0703125,0.25,0,0,0,0,0,0,0,0,0,62.75,6141,5921,220,3.58247828,590.006,1.865216E+08,4608000,0.00124487933,16213.5352,15786.8789,426.65625,0.1064288,0,0,0,0,0,0,0,0,0,0,0,0,90.74013,0,0.8330836,0.5482472,0,1.658824E+07,85.62289,0,0.32582286,0.336050063,0,9944.68,0,0,0,0,0,0,0,0,0,0,0.005698487,0.122446485,0,0,0,90005,79522,11.6471329,79523,100.001259,16.887,0,0
03/13/2025 09:47:35,0.0614404678,1.55175328,9.760296,8.596861,34.08664,8.579135,29.9491825,0,0.554919243,1.51763558,0.0140428543,1.52289271,1.54342651,1.53869987,2.556467,1.54973269,0.220149755,1.56148076,1.55185461,1.77062154,5.42419529,34.08664,68,56,54,56,59,68,56,55,54,54,54,54,55,55,55,55,60,46,44,41,32,44,45,46,46,46,46,45,45,45,45,2588.444,3484.444,4380.444,4380.444,4479.99951,4479.99951,3285.333,3484.444,2389.333,2986.66626,2986.66626,2986.66626,2986.66626,2986.66626,13.2053576,7.70780563,0,0.2055026,1.22424316,1.34411621,1.34411621,1.34399414,1.2442627,1.26928711,1.23425293,1.20593262,1.20593262,1.27539063,1.25024414,1.26184082,1.25683594,1.26184082,1.26184082,99.55554,10.7157326,20.9513283,33.8387375,10.0145035,45.6525574,17.9899979,55,1125,7000.978,0,0,0,0,0.06640625,0.25,0,0,0,0,0,0,0,0,0,62.9375,6141,5921,220,3.58247828,590.006,1.6128E+08,6707200,0.002025009,16213.5352,15786.8789,426.65625,0.166918382,0,0,0,0,0,0,0,0,0,0,0,0,90.74013,0,0,0.01708082,0,0,85.62289,0,0,0.0168520063,0,0,0,0,0,0,0,0,0,0,0,0,0.005698798,0.122446649,382.317474,199.171371,0.0005367383,90005,79522,11.6471329,79523,100.001259,16.887,0,0
03/13/2025 09:47:36,2.12543,0,3.19184065,0,32.55003,0,44.24743,2.9053688,0.407218933,0,0.111359358,0,0,0,19.9870586,1.68212056,6.17923164,0.212270021,0,0.500631332,5.644208,44.24743,58,54.57143,54,56,58,55,56,54,53,53,53,53,55,55,55,54,58,46,44,42,45,44,46,47,47,47,47,45,45,45,46,4280.88867,1991.111,4380.44434,4380.44434,4380.44434,4380.44434,3484.444,2289.77759,796.4444,1095.11108,1791.99988,2986.6665,2986.6665,2986.6665,12.1090536,6.232905,0,0.204374522,1.26696777,1.22692871,1.23693848,1.26196289,1.32824707,1.35327148,1.3482666,1.22827148,1.21984863,1.21484375,1.21984863,1.21984863,1.21984863,1.21984863,1.21984863,99.55555,10.7142067,20.9528542,33.8339157,10.0134125,45.65365,17.9880371,55,1110,7000.978,0,0,0,0,0.12890625,0.25,0,0,0,0,0,0,0,0,0,62.8125,6141,5921,220,3.58247828,590.006,1.818624E+08,4761600,0.0007680636,16213.5352,15786.8789,426.65625,0.128753215,0,0,0,0,0,0,0,0,0,0,0,0,90.74013,0,0.0347801149,0.1545116,0,39644.3672,85.62289,0,0.168799222,0.156718627,0,11891.292,0,0,0,0,0,0,0,0,0,0,0.005698798,0.122446649,0,0,0,90005,79522,11.6471329,79523,100.001259,16.888,0,0
03/13/2025 09:47:37,0,2.274567,0,6.270182,24.7999783,0,0,20.0127182,0,0,0,0,0,0,0,0.6694019,1.64343715,0,0,0.377112627,0,24.7999783,68,54.92857,54,56,68,55,58,54,52,52,52,52,54,54,54,54,68,46,44,32,45,42,46,48,48,48,48,46,46,46,46,2190.22217,4380.44434,3783.11084,3982.222,4380.44434,4380.44434,3484.44434,2588.44434,1294.22217,1095.11108,796.4444,895.999939,1294.22217,1393.77771,10.9093342,5.467114,0,0.204012424,0.6999512,0.6899414,0.677368164,0.677368164,0.677368164,0.677368164,0.682373047,0.694458,0.714477539,0.714477539,0.709472656,0.709472656,0.7294922,0.7294922,0.7244873,99.55555,10.7163277,20.9507332,33.8406143,10.0116158,45.6554451,17.98481,55,1110,7000.978,0,0,0,0,0.0703125,0.25,0,0,0,0,0,0,0,0,0,62.84375,6141,5921,220,3.58247828,590.006,1.84064E+08,4864000,0.00171270454,16213.5352,15786.8789,426.65625,0.161677852,0,0,0,0,0,0,0,0,0,0,0,0,90.74013,0,0.006500787,0,0,8141.95947,85.62289,0,0.1594704,0.1526048,0,12452.76,0,0,0,0,0,0,0,0,0,0,0.005698798,0.122446649,0,0,0,90005,79522,11.6471329,79523,100.001259,16.887,0,0
03/13/2025 09:47:38,0.567293167,1.18636489,16.0467682,6.628287,13.0927448,23.0227947,23.0470486,52.3372421,0.5436063,0.528413057,0.539916754,0.5246818,0.545704365,0.5506456,0.5488634,0,0,0,0,0,6.76390553,52.3372421,75,56.7857132,54,58,75,57,61,54,55,55,55,55,54,54,54,54,68,46,42,25,43,39,46,45,45,45,45,46,46,46,46,4081.78174,4380.44873,4380.44873,4380.44873,3982.226,3882.67041,3086.22534,1294.22351,796.445251,1891.55737,1891.55737,2289.78,1294.22351,1095.11218,12.7391129,7.484417,0,0.205413356,0.674926758,0.674926758,0.674072266,0.6690674,0.6690674,0.6690674,0.679077148,0.678833,0.678833,0.678833,0.678833,0.678833,0.6838379,0.6838379,0.679443359,99.55566,10.7139549,20.9531059,33.8331223,10.0127411,45.65432,17.9868317,55,1110,7000.978,0,0,0,0,0.07421875,0.25,0,0,0,0,0,0,0,0,0,62.90625,6141,5921,220,3.58247828,590.006,1.598464E+08,5580800,0.0602960959,16213.5352,15786.8789,426.65625,0.179228872,0,0,0,0,0,0,0,0,0,0,0,0,90.74013,0,0.0134246834,0.0514136776,0,24206.4063,85.62289,0,0.160308242,0.1771211,0,10087.4424,0,0,0,0,0,0,0,0,0,0,0.00569896959,0.122446649,181.260818,0,0.000167311242,90005,79522,11.6471329,79523,100.001259,16.887,0,0
03/13/2025 09:47:39,0,0,0.7444918,3.111297,21.2479477,0,0.7375777,50.6404457,8.403027,0.6875813,0.809311867,0.6905496,4.374403,0.70822835,0.71849227,13.8184309,11.4067917,5.2110076,1.33470893,1.91733241,5.06475544,50.6404457,78,56.42857,54,54,78,56,61,54,55,54,54,54,54,54,54,54,60,46,46,22,44,39,46,45,46,46,46,46,46,46,46,1294.22144,4280.886,4380.442,4479.99756,4380.442,4479.99756,3484.44238,1692.44348,796.444,796.444,895.999451,1194.666,1095.11047,1294.22144,13.2925711,7.47518,0,0.210486948,0.687744141,0.672973633,0.6779785,0.6828613,0.677368164,0.687255859,0.687255859,0.7282715,0.7282715,0.7282715,0.7282715,0.7232666,0.729248047,0.7442627,0.7442627,99.5555,10.713932,20.9531288,33.833046,10.0113945,45.6556664,17.98442,55,1140,7000.978,0,0,0,0,0.0703125,0.25,0,0,0,0,0,0,0,0,0,62.78125,6141,5921,220,3.58247828,590.006,1.803776E+08,5888000,0.0018562054,16213.5352,15786.8789,426.65625,0.104141057,0,0,0,0,0,0,0,0,0,0,0,0,90.74013,0,0.0339094549,1.246175,0,33214.6875,85.62289,0,0.183415189,0.197090477,0,33214.71,0,0,0,0,0,0,0,0,0,0,0.00569896959,0.122446649,0,0,0,90005,79522,11.6471329,79523,100.001259,16.887,0,0
03/13/2025 09:47:40,1.25256777,0.464069843,0,9.741193,19.0063477,17.58017,0,37.41832,3.93013954,0,0,0,0,0,0,0.3301382,0,0,0,0,4.25150967,37.41832,57,54.2142868,54,56,57,53,56,54,53,53,53,53,54,54,54,55,58,46,44,43,47,44,46,47,47,47,47,46,46,46,45,4380.445,1194.66675,1393.778,4480.00049,2389.3335,896.0001,796.4445,696.889,696.889,696.889,995.555664,1095.11121,995.555664,896.0001,12.2294855,6.85221529,0,0.208685338,0.6582031,0.663452148,0.663452148,0.658447266,0.6534424,0.6536865,0.6586914,0.663085938,0.6680908,0.663085938,0.663085938,0.663085938,0.6685791,0.673584,0.6685791,99.5555649,10.7159462,20.9511147,33.83941,10.017189,45.64987,17.99482,55,1110,7000.978,0,0,0,0,0.06640625,0.25,0,0,0,0,0,0,0,0,0,62.78125,6141,5921,220,3.58247828,590.006,1.813504E+08,5529600,0.0006261304,16213.5352,15786.8789,426.65625,0.110577524,0,0,0,0,0,0,0,0,0,0,0,0,90.74013,0,0.0128138242,0.04178948,0,2865.11,85.62289,0,0.172529653,0.178852633,0,8116.54639,0,0,0,0,0,0,0,0,0,0,0.00569957774,0.122448318,608.880737,1676.52,0.00210951967,90005,79522,11.6471329,79523,100.001259,16.887,0,0
03/13/2025 09:47:41,0,1.42735243,0.7475972,2.606517,35.205513,0,0.756877661,29.5045376,0.766319036,0.7140875,0.7612705,0.715041161,0.770390034,0.7598996,0.760012865,1.34785771,0.7734597,0.7689297,0.7994175,1.05652809,3.92892957,35.205513,57,54.57143,54,56,57,55,55,54,53,53,53,54,55,55,55,55,57,46,44,43,45,45,46,47,47,47,46,45,45,45,45,4479.999,1692.44409,4479.999,4479.999,2289.77734,1791.99963,1791.99963,796.4443,696.888733,796.4443,895.9998,895.9998,1991.11072,3484.44385,11.797719,6.10305643,0,0.205381513,1.25158691,1.34667969,1.3416748,1.3248291,1.34985352,1.36474609,1.31933594,1.16931152,1.189331,1.16931152,1.189331,1.1192627,1.04431152,1.03430176,1.17932129,99.5555344,10.71262,20.9544411,33.8289032,10.0155067,45.6515541,17.991806,55,1125,7000.978,0,0,0,0,0,0.25,0,0,0,0,0,0,0,0,0,62.8125,6141,5921,220,3.58247828,590.006,1.796096E+08,6144000,0.0130459135,16213.5352,15786.8789,426.65625,0.137104511,0,0,0,0,0,0,0,0,0,0,0,0,90.74013,0,0.111912511,0.452640742,0,190876.922,85.62289,0,0.1701106,0.153806388,0,9671.194,0,0,0,0,0,0,0,0,0,0,0.005699749,0.122448318,182.972229,0,0.00016889094,90005,79522,11.6471329,79523,100.001259,16.887,0,0
03/13/2025 09:47:42,0,0.469070673,0,8.46349,39.5623932,0,0,32.85857,0.49905777,0,0,0,0.119239092,0,0,6.75876141,3.43580842,0,0,0,4.42557335,39.5623932,57,54.42857,54,57,56,56,56,55,53,53,53,53,54,54,54,54,58,46,43,44,44,44,45,47,47,47,47,46,46,46,46,4480.002,3384.89014,4181.335,4480.002,2588.44556,4081.7793,3185.779,3185.779,3185.779,3185.779,3185.779,3185.779,1194.66711,995.555969,13.5121174,8.180903,0,0.2051939,0.6677246,0.6672363,0.6722412,0.6722412,0.667480469,0.672485352,0.672485352,0.677490234,0.677490234,0.6791992,0.6791992,0.6791992,0.6791992,0.6791992,0.694213867,99.5555954,10.715683,20.9513779,33.8385773,10.0140381,45.6530228,17.9891663,55,2355,8000.982,0,0,0,0,0,0.25,0,0,0,0,0,0,0,0,0,62.71875,6141,5921,220,3.58247828,590.006,1.659904E+08,6912000,0.05306854,16213.5352,15786.8789,426.65625,0.206576034,0,0,0,0,0,0,0,0,0,0,0,0,90.74013,0,0.007359685,0.00258037727,0,5169.56152,85.62289,0,0.204556614,0.218793556,0,7468.45752,0,0,0,0,0,0,0,0,0,0,0.005699749,0.122448318,0,0,0,90005,79522,11.6471329,79523,100.001259,16.887,0,0
03/13/2025 09:47:43,1.32912993,0.6154716,1.29020214,1.3014257,8.733786,0,0,62.0697975,0,0,0,0,0,0,0,1.57206655,0,1.27145648,0,1.92260146,3.00309062,62.0697975,58,54.7142868,54,56,56,58,56,54,54,54,54,54,54,54,54,54,59,46,44,44,42,44,46,46,46,46,46,46,46,46,46,3583.99976,1891.55542,895.999939,2588.44434,4479.99951,4479.99951,3285.333,3484.444,3484.444,3285.333,1592.88879,796.4444,995.5555,995.5555,11.9057627,6.382308,0,0.2064365,0.667602539,0.663085938,0.6680908,0.672119141,0.667114258,0.671875,0.6768799,0.692626953,0.697631836,0.697631836,0.697631836,0.7076416,0.7126465,0.7128906,0.7128906,99.55555,10.7135277,20.9535332,33.83177,10.0130272,45.6540337,17.98735,55,1110,7000.978,0,0,0,0,0.140625,0.25,0,0,0,0,0,0,0,0,0,62.75,6141,5921,220,3.58247828,590.006,1.68704E+08,5785600,0.00161444012,16213.5352,15786.8789,426.65625,0.0991911963,0,0,0,0,0,0,0,0,0,0,0,0,90.74013,0,0,0.007866719,0,0,85.62289,0,0,0.00789610948,0,0,0,0,0,0,0,0,0,0,0,0,0.005699749,0.122448318,0,0,0,90005,79522,11.6471329,79523,100.001259,16.887,0,0
03/13/2025 09:47:44,0,0.598818064,0,3.68835926,35.3620529,6.980747,5.77008152,33.1729431,0,0,0,0,0,0,0,3.652668,4.17846441,0,0,0,4.47229147,35.3620529,57,54.1428566,54,56,57,56,56,51,53,53,53,53,54,54,54,54,58,46,44,43,44,44,49,47,47,47,47,46,46,46,46,1792.00049,1493.33374,796.444641,4380.446,4380.446,4081.77881,3484.44531,3484.44531,3484.44531,3484.44531,2887.11182,995.5558,2588.445,2289.77832,13.1261015,7.52212524,0,0.207038224,0.866210938,0.986206055,0.986206055,1.00109863,0.99609375,1.00109863,1.00109863,0.9211426,0.9133301,0.9133301,0.768310547,0.768310547,0.9383545,0.9383545,0.9383545,99.55558,10.7138939,20.953167,33.83293,10.014267,45.6527939,17.9895782,55,1110,7000.978,0,0,0,0,0.1171875,0.25,0,0,0,0,0,0,0,0,0,62.8125,6141,5921,220,3.58247828,590.006,1.641984E+08,6860800,0.00160760351,16213.5352,15786.8789,426.65625,0.11677283,0,0,0,0,0,0,0,0,0,0,0,0,90.74013,0,0.207226947,0.387334883,0,3228178.5,85.62289,0,0.9815523,0.399886429,0,40447.7266,0,0,0,0,0,0,0,0,0,0,0.00569992047,0.122448318,186.273239,0,0.000171937922,90005,79522,11.6471329,79523,100.001259,16.887,0,0
03/13/2025 09:47:45,0.621014833,1.55895352,0,0,10.4031143,0,0,62.5413246,0.603115559,0.588595867,0.6030619,0.589937,0.632017851,0.6080091,0.61057806,7.926792,0,0,0.603598356,1.18387341,0,62.5413246,57,54.1428566,54,54,57,56,55,54,53,53,53,53,54,54,54,54,57,46,46,43,44,45,46,47,47,47,47,46,46,46,46,3285.33472,4480.002,4081.77954,1393.77832,4380.44629,4380.44629,3484.4458,2688.00122,1493.334,1393.77832,1095.11157,1095.11157,995.555969,896.000366,12.6706276,7.213436,0,0.208459347,0.651977539,0.6588135,0.6588135,0.6538086,0.6588135,0.6583252,0.6633301,0.6627197,0.6677246,0.6677246,0.6677246,0.6627197,0.6677246,0.6677246,0.6727295,99.5555954,10.728878,20.9381828,33.88024,10.0105324,45.65653,17.9828644,55,1125,7000.978,0,0,0,0,0.07421875,0.25,0,0,0,0,0,0,0,0,0,62.71875,6141,5921,220,3.58247828,590.006,1.876992E+08,4505600,0.000943489,16213.5352,15786.8789,426.65625,0.115365915,0,0,0,0,0,0,0,0,0,0,0,0,90.74013,0,0.7783069,0.5237986,0,16406259,85.62289,0,0.156726062,0.168329313,0,5442.90967,0,0,0,0,0,0,0,0,0,0,0.00569992047,0.122448318,0,0,0,90005,79522,11.6471329,79523,100.001259,16.887,0,0
03/13/2025 09:47:46,0,1.21731162,0.412368774,6.60789,27.2117615,38.0894051,38.1233521,35.750927,0,0,0,0,0,0,0,1.2838304,0,0.4396081,0,0,6.82348,38.1233521,56,54.2142868,55,56,56,53,56,54,53,53,53,54,54,54,54,54,58,45,44,44,47,44,46,47,47,47,46,46,46,46,46,4081.77637,4380.443,1393.77734,4479.99854,4280.8877,4081.77637,2986.66577,3086.22119,3086.22119,1891.55493,3086.22119,3086.22119,3086.22119,3484.44336,12.717638,7.25461674,0,0.206775486,1.2010498,1.21606445,1.22607422,1.30932617,1.33435059,1.33947754,1.33947754,1.20446777,1.20446777,1.20446777,1.20739746,1.20739746,1.20739746,1.20739746,1.20739746,99.55553,10.7107773,20.9562836,33.823082,10.0099335,45.6571274,17.9817886,55,1095,7000.978,0,0,0,0,0.0703125,0.25,0,0,0,0,0,0,0,0,0,62.90625,6141,5921,220,3.58247828,590.006,1.620992E+08,6963200,0.00100896717,16213.5352,15786.8789,426.65625,0.09104128,0,0,0,0,0,0,0,0,0,0,0,0,90.74013,0,0,0,0,0,85.62289,0,0,0,0,0,0,0,0,0,0,0,0,0,0,0,0.00569992047,0.122448318,0,0,0,90005,79522,11.6471329,79523,100.001259,16.887,0,0
03/13/2025 09:47:47,0,0.510627031,0,4.01973152,54.50586,1.4316082,1.46306753,27.96933,2.99320221,1.43345,1.46324635,1.43503547,1.44770741,1.44078732,1.441288,0.694280863,1.44737363,1.44699812,1.44088864,1.70388818,5.40817356,54.50586,77,58.1428566,55,58,63,66,77,55,56,56,56,56,54,54,54,54,69,45,42,37,34,23,45,44,44,44,44,46,46,46,46,4380.44775,1393.77881,796.445068,796.445068,1393.77881,1493.33447,1493.33447,896.0007,796.445068,796.445068,796.445068,796.445068,1095.11194,995.556335,12.5508642,7.09774065,0,0.20665656,0.6849365,0.6678467,0.6687012,0.6682129,0.6685791,0.6727295,0.678833,0.698852539,0.698364258,0.698364258,0.698364258,0.694213867,0.7142334,0.7142334,0.7142334,99.55563,10.718277,20.9487839,33.84677,10.0135918,45.65347,17.9883652,55,1110,7000.978,0,0,0,0,0.06640625,0.25,0,0,0,0,0,0,0,0,0,62.78125,6141,5921,220,3.58247828,590.006,1.813504E+08,5478400,0.00139002549,16213.5352,15786.8789,426.65625,0.110846475,0,0,0,0,0,0,0,0,0,0,0,0,90.7402039,0,0.03182919,0.139241323,0,48511.19,85.62291,0,0.152368352,0.145372123,0,10726.793,0,0,0,0,0,0,0,0,0,0,0.00569992047,0.122448318,0,0,0,90005,79522,11.6471329,79523,100.001259,16.887,0,0
03/13/2025 09:47:48,0.4346907,1.08783841,0,2.89191,16.2152519,0,0,46.1359367,0,0,0,0,0.424218178,0,0,2.191031,0.902742147,0,0.3180325,0.5399227,2.88947225,46.1359367,78,56.2142868,55,55,78,55,62,54,53,53,53,53,54,54,54,54,74,45,45,22,45,38,46,47,47,47,47,46,46,46,46,4380.442,1493.3324,4380.442,4479.997,4280.886,4380.442,1692.44336,796.444,796.444,1095.11047,2090.66528,1592.888,1294.22144,1294.22144,11.8505669,6.41643143,0,0.207026914,0.6921387,0.6821289,0.6871338,0.677124,0.6821289,0.6921387,0.6921387,0.7071533,0.7171631,0.7121582,0.7071533,0.722290039,0.7272949,0.7272949,0.722290039,99.5555,10.7161064,20.9509544,33.8399124,10.0136795,45.65338,17.9885254,55,1125,7000.978,0,0,0,0,0.08203125,0.25,0,0,0,0,0,0,0,0,0,62.8125,6141,5921,220,3.58247828,590.006,1.841664E+08,4864000,0.00116572,16213.5352,15786.8789,426.65625,0.115731344,0,0,0,0,0,0,0,0,0,0,0,0,90.7402039,0,0.0177526679,0.00531911524,0,7820.6543,85.62291,0,0.182950824,0.168855652,0,12708.4063,0,0,0,0,0,0,0,0,0,0,0.00570100266,0.122454017,1109.073,5836.473,0.0064110267,90005,79522,11.6471329,79523,100.001259,16.887,0,0
03/13/2025 09:47:49,0.9916961,0.260150433,0.963997841,10.49605,21.0847321,0.9746134,0,36.89326,0.971233845,0.956368446,0.972211361,0.956064463,0,0.9914994,0.9908557,2.38274932,0.7594526,0,0,0,3.376484,36.89326,57,54.2857132,53,56,57,56,56,55,53,53,53,52,54,54,54,54,58,47,44,43,44,44,45,47,47,47,48,46,46,46,46,3285.33423,2090.66724,1393.7782,4480.001,4380.446,4380.446,3484.44531,3484.44531,3484.44531,2090.66724,796.444641,796.444641,796.444641,696.8891,13.0256968,7.527474,0,0.207679987,0.649536133,0.654541,0.6536865,0.6536865,0.646972656,0.651977539,0.6569824,0.6525879,0.6575928,0.6575928,0.662597656,0.658081055,0.663085938,0.663085938,0.663085938,99.55558,10.7131844,20.9538765,33.83069,10.013382,45.65368,17.9879913,55,1125,7000.978,0,0,0,0,0.0703125,0.25,0,0,0,0,0,0,0,0,0,62.8125,6141,5921,220,3.58247828,590.006,1.778688E+08,6144000,0.00160180626,16213.5352,15786.8789,426.65625,0.1263071,0,0,0,0,0,0,0,0,0,0,0,0,90.7402039,0,0.02193998,0.06826588,0,29032.4629,85.62291,0,0.356855333,0.415316463,0,36563.0469,0,0,0,0,0,0,0,0,0,0,0.00570100266,0.122454017,0,0,0,90005,79522,11.6471329,79523,100.001259,16.887,0,0
03/13/2025 09:47:50,0.0303983688,0.6447673,0.005429983,3.79778147,21.28992,0,9.856033,55.809082,3.0266583,0,0,0,1.66217685,0,0,1.974088,2.95911431,0.006699562,0,0.1275301,5.05003929,55.809082,56,54.57143,54,56,56,55,56,54,54,54,54,54,54,54,54,55,57,46,44,44,45,44,46,46,46,46,46,46,46,46,45,3484.44531,3584.001,1393.77808,4380.44531,3982.22314,4380.44531,2090.66724,3484.44531,3484.44531,1095.11133,796.444641,796.444641,796.444641,995.5558,13.0104074,7.456957,0,0.206324488,0.661865234,0.661865234,0.668457031,0.668457031,0.668457031,0.668457031,0.6734619,0.678833,0.6838379,0.6838379,0.678833,0.6738281,0.693847656,0.6945801,0.6945801,99.55558,10.7107964,20.9562645,33.823143,10.0144386,45.6526222,17.9898834,55,1140,7000.978,0,0,0,0,0.10546875,0.25,0,0,0,0,0,0,0,0,0,62.8125,6141,5921,220,3.58247828,590.006,1.850368E+08,4864000,0.00078940246,16213.5352,15786.8789,426.65625,0.1568046,0,0,0,0,0,0,0,0,0,0,0,0,90.7402039,0,0.02812554,0.325130045,0,41767.3555,85.62291,0,0,0.0110731255,0,0,0,0,0,0,0,0,0,0,0,0,0.00570100266,0.122454017,0,0,0,90005,79522,11.6471329,79523,100.001259,16.887,0,0
03/13/2025 09:47:51,0,1.990658,2.74711251,2.96525955,22.6595287,2.71033049,2.75625587,48.86624,0,2.708739,2.75121331,2.707857,2.35411525,2.733159,2.73340344,5.46093559,1.62656307,2.75694728,2.74561644,2.82402039,5.77759743,48.86624,62,54.92857,54,57,59,62,56,54,52,53,53,53,54,54,54,54,60,46,43,41,38,44,46,48,47,47,47,46,46,46,46,3982.22168,4380.444,1393.77759,4380.444,4380.444,4181.333,3285.333,3484.444,3484.444,3484.444,1592.88867,796.444336,895.9999,995.5554,13.6638536,8.209936,0,0.206568822,0.6678467,0.6739502,0.6689453,0.6726074,0.672119141,0.6821289,0.6834717,0.713501,0.713501,0.712768555,0.712768555,0.7227783,0.7286377,0.7286377,0.7286377,99.55554,10.7095032,20.9575577,33.81906,10.0137634,45.6532974,17.98867,55,1125,7000.978,0,0,0,0,0.0546875,0.25,0,0,0,0,0,0,0,0,0,62.84375,6141,5921,220,3.58247828,590.006,1.883648E+08,4659200,0.058733914,16213.5352,15786.8789,426.65625,0.184015468,0,0,0,0,0,0,0,0,0,0,0,0,90.7402039,0,0.0255013555,0.166887984,0,49118.17,85.62291,0,0.164090037,0.1608424,0,11256.25,0,0,0,0,0,0,0,0,0,0,0.00570108,0.122454137,82.91031,132.856277,0.0001991615,90005,79522,11.6471329,79523,100.001259,16.887,0,0
03/13/2025 09:47:52,0.01540184,0,0,0.7342875,14.6626291,0,0,57.13078,0,0,0,0,0,0,0,0,0,0,0,0,1.17430687,57.13078,58,53.6428566,54,54,58,56,55,54,52,52,52,52,53,53,53,53,58,46,46,42,44,45,46,48,48,48,48,47,47,47,47,3384.88818,1991.11072,696.888733,4380.444,4280.888,4081.777,3484.44385,3484.44385,3484.44385,1891.55518,3484.44385,1791.99963,3484.44385,3484.44385,12.7561264,7.154946,0,0.205560222,1.22424316,1.34741211,1.34741211,1.32739258,1.31738281,1.34741211,1.34741211,1.22241211,1.22241211,1.22241211,1.22241211,1.21777344,1.21777344,1.21777344,1.21777344,99.5555344,10.7089157,20.9581451,33.8172073,10.0137482,45.6533127,17.9886475,55,1125,7000.978,0,0,0,0,0.0703125,0.25,0,0,0,0,0,0,0,0,0,62.90625,6141,5921,220,3.58247828,590.006,1.651712E+08,6963200,0.00140660838,16213.5352,15786.8789,426.65625,0.109300286,0,0,0,0,0,0,0,0,0,0,0,0,90.7402039,0,0.0435357466,0.0859820545,0,170004.422,85.62291,0,0.198802069,0.189416125,0,13940.8184,0,0,0,0,0,0,0,0,0,0,0.00570108,0.122454137,0,0,0,90005,79522,11.6471329,79523,100.001259,16.887,0,0
03/13/2025 09:47:53,0,0.556468964,0,4.226059,35.12876,1.3431251,0,47.9930267,5.75693226,1.33669376,1.3658464,1.39718056,1.46840811,1.35858059,1.35958791,4.921448,1.17918849,1.37863159,1.3597846,1.97942257,5.679524,47.9930267,82,57.92857,54,56,82,68,66,57,52,52,52,52,55,55,55,55,77,46,44,18,32,34,43,48,48,48,48,45,45,45,45,4380.449,2787.55859,995.5567,696.889648,696.889648,696.889648,696.889648,995.5567,995.5567,995.5567,1095.1123,1095.1123,995.5567,696.889648,12.54186,7.25910425,0,0.211057559,0.6500244,0.6550293,0.6525879,0.6525879,0.6525879,0.6536865,0.6586914,0.6636963,0.6636963,0.662597656,0.662597656,0.6575928,0.667602539,0.667602539,0.667602539,99.55567,10.7088852,20.9581757,33.81711,10.0129547,45.6541061,17.9872131,55,1095,7000.978,0,0,0,0,0.1484375,0.25,0,0,0,0,0,0,0,0,0,62.8125,6141,5921,220,3.58247828,590.006,1.739776E+08,5580800,0.00150786666,16213.5352,15786.8789,426.65625,0.116569057,0,0,0,0,0,0,0,0,0,0,0,0,90.7402039,0,0.016941851,0.104264118,0,23355.377,85.62291,0,0.1623111,0.16966556,0,5839.42139,0,0,0,0,0,0,0,0,0,0,0.005701119,0.122454181,39.90494,39.90494,7.366783E-05,90005,79522,11.6471329,79523,100.001259,16.887,0,0
03/13/2025 09:47:54,0,2.08238363,1.29778981,0.6062746,21.1367779,0,1.30875111,34.49012,0,0,0,0,0,0,0,0,0,0,0,0,2.76008844,34.49012,77,56.2142868,54,57,77,54,62,55,53,53,53,53,54,54,54,54,78,46,43,23,46,38,45,47,47,47,47,46,46,46,46,1194.666,696.8885,1393.777,4479.99756,4181.331,4280.886,3484.44238,3484.44238,3484.44238,3086.22046,1095.11047,796.444,696.8885,696.8885,12.575901,7.066938,0,0.2051136,0.6477051,0.6529541,0.6529541,0.652832031,0.652832031,0.652832031,0.6530762,0.658081055,0.658081055,0.663085938,0.663085938,0.6586914,0.6636963,0.6636963,0.6687012,99.5555,10.7089958,20.958065,33.8174667,10.0152206,45.65184,17.9912872,55,1095,7000.978,0,0,0,0,0.0703125,0.25,0,0,0,0,0,0,0,0,0,62.875,6141,5921,220,3.58247828,590.006,1.867776E+08,4761600,0,16213.5352,15786.8789,426.65625,0.116406672,0,0,0,0,0,0,0,0,0,0,0,0,90.7402039,0,0.0442986861,0.09664098,0,80354.3,85.62291,0,0.190417647,0.217501059,0,12054.1494,0,0,0,0,0,0,0,0,0,0,0.005701119,0.122454181,0,0,0,90005,79522,11.6471329,79523,100.001259,16.887,0,0
03/13/2025 09:47:55,1.25610232,0.4457116,0,3.93733978,14.884263,0,0,56.400425,0,0,0,0,0,0,0,2.71626115,2.35102773,0,0,0,3.81211042,56.400425,57,54.3571434,54,56,57,57,56,55,52,52,52,54,54,54,54,54,58,46,44,43,43,44,45,48,48,48,46,46,46,46,46,4081.77539,1991.11,696.8885,796.444,2389.332,4479.99756,3285.3313,3484.44238,3484.44238,3285.3313,3484.44238,2389.332,796.444,796.444,12.2757425,6.79286528,0,0.207239956,0.6529541,0.6578369,0.6621094,0.666748047,0.662231445,0.672119141,0.670898438,0.6759033,0.676147461,0.676147461,0.6981201,0.693115234,0.693115234,0.693115234,0.6937256,99.5555,10.7089767,20.9580841,33.8174057,10.0164146,45.6506462,17.9934311,55,1110,7000.978,0,0,0,0,0.06640625,0.25,0,0,0,0,0,0,0,0,0,62.875,6141,5921,220,3.58247828,590.006,1.812992E+08,5222400,0.000992781,16213.5352,15786.8789,426.65625,0.086371,0,0,0,0,0,0,0,0,0,0,0,0,90.7402039,0,0.172833487,0.3221427,0,3180715.75,85.62291,0,0.201725483,0.182979241,0,8846.896,0,0,0,0,0,0,0,0,0,0,0.0057011703,0.122454241,55.86955,67.04346,0.000113453796,90005,79522,11.6471329,79523,100.001259,16.887,0,0
03/13/2025 09:47:56,0.06656051,2.377975,0.02490282,2.11386085,33.81033,1.42261982,0.106942654,41.46582,0.0339627266,0,0,0,0.175660849,0,0,7.63360262,4.03284454,0,0,0.10253787,4.64142561,41.46582,57,54.1428566,54,56,57,55,56,52,53,53,53,53,54,54,54,54,58,46,44,43,45,44,48,47,47,47,47,46,46,46,46,3683.55713,1792.00073,696.88916,696.88916,3384.89038,4280.89063,3484.4458,3484.4458,3484.4458,3285.33472,3484.4458,2090.66748,796.444763,796.444763,12.4078665,6.732137,0,0.205814362,0.682739258,0.657714844,0.657714844,0.6574707,0.6524658,0.6574707,0.6627197,0.6627197,0.6627197,0.6627197,0.663452148,0.668457031,0.668823242,0.668823242,0.668823242,99.5555954,10.7101631,20.9568977,33.82115,10.0138283,45.6532326,17.9887848,55,1140,7000.978,0,0,0,0,0.06640625,0.25,0,0,0,0,0,0,0,0,0,62.875,6141,5921,220,3.58247828,590.006,1.797632E+08,5632000,0.00194932427,16213.5352,15786.8789,426.65625,0.156425,0,0,0,0,0,0,0,0,0,0,0,0,90.7402039,0,0.80769515,0.5840512,0,16952492,85.62291,0,0.1695494,0.1810969,0,9708.253,0,0,0,0,0,0,0,0,0,0,0.0057011703,0.122454241,0,0,0,90005,79522,11.6471329,79523,100.001259,16.888,0,0
03/13/2025 09:47:57,0.0435471535,0,0.017118454,1.95117,10.60239,0,0.03839135,56.3887253,1.55469775,0,0.00523924828,0.0394880772,0.006979704,0,0,2.19174027,0,0,0.00756979,0.252777338,3.53471041,56.3887253,56,53.7142868,54,55,54,55,56,54,52,52,52,52,54,54,54,54,57,46,45,46,45,44,46,48,48,48,48,46,46,46,46,2787.55566,1991.11121,4480.00049,4480.00049,4181.3335,4081.778,3285.3335,3484.44458,3285.3335,3285.3335,796.4445,796.4445,796.4445,796.4445,12.1049538,6.80715942,0,0.20789209,0.6550293,0.6550293,0.653198242,0.6489258,0.653930664,0.658935547,0.658447266,0.658447266,0.663452148,0.663452148,0.663452148,0.658447266,0.663452148,0.668457031,0.668457031,99.5555649,10.7084885,20.9585724,33.8158569,10.01059,45.65647,17.9829712,55,1140,7000.978,0,0,0,0,0.17578125,0.25,0,0,0,0,0,0,0,0,0,62.78125,6141,5921,220,3.58247828,590.006,1.614848E+08,6656000,0.06515091,16213.5352,15786.8789,426.65625,0.181074813,0,0,0,0,0,0,0,0,0,0,0,0,90.7402039,0,0.059261933,0.07902588,0,133211,85.62291,0,0.159606561,0.169124752,0,6635.783,0,0,0,0,0,0,0,0,0,0,0.0057011703,0.122454241,0,0,0,90005,79522,11.6471329,79523,100.001259,16.887,0,0
03/13/2025 09:47:58,0,0.274640322,0,2.44437456,36.82004,0,0,34.6017838,0,0,0,0,0.386101,0,0,4.87889051,3.21645737,0,0,0,3.76564264,36.82004,57,54.2142868,53,56,57,55,56,54,53,53,53,53,54,54,54,54,58,47,44,43,45,44,46,47,47,47,47,46,46,46,46,4380.445,1891.55579,696.889,1692.4447,2190.22241,4380.445,3484.44482,3484.44482,3484.44482,1095.11121,3484.44482,3484.44482,1493.3335,2887.11157,13.3336029,7.661568,0,0.2064354,1.21923828,1.34423828,1.34509277,1.32507324,1.31506348,1.34509277,1.34509277,1.22009277,1.22009277,1.22009277,1.22009277,1.21203613,1.21203613,1.217041,1.217041,99.55557,10.7078476,20.9592133,33.8138351,10.0115852,45.6554756,17.9847565,55,1110,7000.978,0,0,0,0,0.06640625,0.25,0,0,0,0,0,0,0,0,0,62.90625,6141,5921,220,3.58247828,590.006,1.87904E+08,5222400,0.00100504863,16213.5352,15786.8789,426.65625,0.107260071,0,0,0,0,0,0,0,0,0,0,0,0,90.7402039,0,0.0226623174,0.150413156,0,37933.457,85.62291,0,0,0,0,0,0,0,0,0,0,0,0,0,0,0,0.00570134167,0.122454241,189.381058,0,0.000174806555,90005,79522,11.6471329,79523,100.001259,16.887,0,0
03/13/2025 09:47:59,4.17848825,2.64455676,1.42381191,7.211417,31.723959,0,0,42.3058624,0,1.36732459,1.40861273,1.47507191,6.861025,0,0,3.35071683,7.481724,2.73464918,1.61026716,2.00775862,0,42.3058624,72,56.1428566,55,57,72,56,61,55,53,53,53,53,55,55,54,54,64,45,43,28,44,39,45,47,47,47,47,45,45,46,46,4380.44775,1692.4458,796.445068,696.8894,696.8894,3584.00269,3285.336,3484.44727,3484.44727,3484.44727,3285.336,3285.336,2887.11328,995.556335,13.6590786,8.011519,0,0.20585458,0.682251,0.687255859,0.6854248,0.6854248,0.6821289,0.6821289,0.683227539,0.678222656,0.6677246,0.6677246,0.6677246,0.6677246,0.6744385,0.6744385,0.6734619,99.55563,10.7149467,20.9521141,33.83625,10.0099144,45.6571465,17.98175,55,2355,8000.982,0,0,0,0,0,0.25,0,0,0,0,0,0,0,0,0,62.875,6141,5921,220,3.58247828,590.006,1.686528E+08,6604800,0.0005485666,16213.5352,15786.8789,426.65625,0.08228752,0,0,0,0,0,0,0,0,0,0,0,0,90.7402039,0,0.0281814784,0.06251455,0,81805.25,85.62291,0,0.380829453,0.406114876,0,29143.14,0,0,0,0,0,0,0,0,0,0,0.00570134167,0.122454241,0,0,0,90005,79522,11.6471329,79523,100.001259,16.887,0,0
03/13/2025 09:48:00,0.0371873379,0,0.0263571739,2.64568925,12.0724678,35.972683,27.3395424,53.3919678,1.78309083,0,0.024741888,0,0,1.52565241,1.52561069,0,0,0.0220894814,0.0145375729,0.694221258,6.52309656,53.3919678,57,54,54,56,57,54,56,55,52,52,52,52,54,54,54,54,58,46,44,43,46,44,45,48,48,48,48,46,46,46,46,4380.443,1891.55481,796.444153,696.8886,696.8886,895.999634,2986.66553,3484.443,3484.443,1991.11035,3484.443,3484.443,1692.44385,1493.33276,11.8043966,6.34597445,0,0.208210871,0.732543945,0.707519531,0.707519531,0.707519531,0.702514648,0.6875,0.691894531,0.711914063,0.711914063,0.716918945,0.716918945,0.716918945,0.711914063,0.711914063,0.7121582,99.55552,10.7171478,20.949913,33.84321,10.0111275,45.6559334,17.9839325,55,1140,7000.978,0,0,0,0,0.0703125,0.25,0,0,0,0,0,0,0,0,0,62.84375,6141,5921,220,3.58247828,590.006,1.870848E+08,4761600,0.00120000681,16213.5352,15786.8789,426.65625,0.1566188,0,0,0,0,0,0,0,0,0,0,0,0,90.7402039,0,0.0217744578,0.01898261,0,8048.557,85.62291,0,0.194888771,0.160010323,0,28668.06,0,0,0,0,0,0,0,0,0,0,0.00570134167,0.122454241,0,0,0,90005,79522,11.6471329,79523,100.001259,16.887,0,0
03/13/2025 09:48:01,0,2.65256166,0,15.7315016,30.3026924,0,0,35.18627,1.47066116,0,1.5791595,0,0.116229057,0,0,2.173388,2.92218924,0,0,0.624841452,4.614401,35.18627,58,54.1428566,54,56,58,56,56,54,52,52,52,52,54,54,54,54,57,46,44,42,44,44,46,48,48,48,48,46,46,46,46,2787.556,2190.22241,4480.00049,4181.334,2986.667,1095.11121,1792.00024,3484.44482,3484.44482,2389.33374,1792.00024,3185.778,3185.778,1692.4447,12.6734581,7.07462931,0,0.204743788,0.837768555,0.8477783,0.8477783,0.867797852,0.8630371,0.8630371,0.8630371,0.853027344,0.8679199,0.8630371,0.8580322,0.7529297,0.8580322,0.8602295,0.840209961,99.5555649,10.7171593,20.9499016,33.84324,10.0170364,45.6500244,17.9945526,55,1110,7000.978,0,0,0,0,0.06640625,0.25,0,0,0,0,0,0,0,0,0,62.875,6141,5921,220,3.58247828,590.006,1.587712E+08,6656000,0.06377559,16213.5352,15786.8789,426.65625,0.188081875,0,0,0,0,0,0,0,0,0,0,0,0,90.7402039,0,0.0382151939,0.2558638,0,62170.5273,85.62291,0,0.16317828,0.190287,0,7253.81836,0,0,0,0,0,0,0,0,0,0,0.005701513,0.122454241,186.2292,0,0.000171897263,90005,79522,11.6471329,79523,100.001259,16.887,0,0
03/13/2025 09:48:02,1.21745467,0.344830751,0,5.245602,23.56928,0,0,58.40806,4.52479744,0,2.066189,0,2.2454083,0,0,8.494502,3.55353951,0.179547071,0,0.18824935,5.349684,58.40806,58,54.3571434,53,56,58,56,56,54,52,52,52,52,55,55,55,55,58,47,44,42,44,44,46,48,48,48,48,45,45,45,45,4380.44434,1095.11108,796.444458,696.8889,696.8889,696.8889,1891.55554,3484.44458,3484.44458,1891.55554,3484.44458,3484.44458,3484.44458,2688,13.6005154,7.84608459,0,0.20508787,1.09777832,1.09277344,1.09277344,1.07275391,1.09375,1.09375,1.09375,1.08374023,1.08374023,1.08374023,1.08374023,1.08374023,1.050293,1.050293,1.050293,99.55556,10.722126,20.9449348,33.8589249,10.0218811,45.64518,18.00325,55,2355,8000.982,0,0,0,0,0,0.25,0,0,0,0,0,0,0,0,0,62.84375,6141,5921,220,3.58247828,590.006,1.875456E+08,5939200,0.00191588129,16213.5352,15786.8789,426.65625,0.209830984,0,0,0,0,0,0,0,0,0,0,0,0,90.7402039,0,0.00567959156,0.0284862425,0,4018.8103,85.62291,0,0,0.0320470221,0,0,0,0,0,0,0,0,0,0,0,0,0.005701513,0.122454241,0,0,0,90005,79522,11.6471329,79523,100.001259,16.887,0,0
03/13/2025 09:48:03,0,2.27720141,0,8.75921249,37.15455,0,2.744192,25.1308327,2.96421647,0,0,0,0,0,0,2.49265432,0,0,0,0.357747078,3.81913185,37.15455,60,54.3571434,54,57,57,54,60,55,52,52,52,52,54,54,54,54,58,46,43,43,46,40,45,48,48,48,48,46,46,46,46,1493.33386,696.88916,696.88916,696.88916,796.444763,2190.22314,3285.33447,3285.33447,3285.33447,3484.4458,3285.33447,3285.33447,2090.66748,796.444763,11.3166771,5.70363855,0,0.206095055,0.6660156,0.6710205,0.6767578,0.676635742,0.6612549,0.681884766,0.686523438,0.680542,0.680542,0.680542,0.680786133,0.67578125,0.6958008,0.6958008,0.6958008,99.5555954,10.7209778,20.9460831,33.8552933,10.0206337,45.6464272,18.0010147,55,1110,7000.978,0,0,0,0,0.05859375,0.25,0,0,0,0,0,0,0,0,0,62.8125,6141,5921,220,3.58247828,590.006,1.73312E+08,6195200,0.001822416,16213.5352,15786.8789,426.65625,0.112865,0,0,0,0,0,0,0,0,0,0,0,0,90.7402039,0,0.03251587,0.06509145,0,131467.578,85.62291,0,0.171546832,0.167635381,0,13248.6738,0,0,0,0,0,0,0,0,0,0,0.005701513,0.122454241,0,0,0,90005,79522,11.6471329,79523,100.001259,16.887,0,0
03/13/2025 09:48:04,0.170779228,0,1.359719,15.7227278,44.9701653,2.64649987,0,27.0947456,3.21181417,1.12547278,0,1.12704039,7.40705729,1.16245151,1.16121769,11.5526495,6.76414967,2.724719,1.52341723,1.79659724,6.01387024,44.9701653,70,55.2857132,54,57,70,54,60,55,52,52,52,52,54,54,54,54,70,46,43,30,46,40,45,48,48,48,48,46,46,46,46,2986.66675,995.555542,896,796.444458,1792,3783.111,1393.77771,3484.44434,1095.11108,1393.77771,1692.44446,1792,3185.77783,1393.77771,16.39956,10.5146523,0,0.204774,0.7734375,0.7684326,0.763427734,0.763427734,0.758422852,0.6854248,0.760376,0.7553711,0.760376,0.760376,0.7553711,0.763793945,0.763793945,0.763793945,0.7438965,99.55556,10.7159767,20.9510841,33.8395081,10.01931,45.64775,17.9986343,55,1125,7000.978,0,0,0,0,0,0.25,0,0,0,0,0,0,0,0,0,62.78125,6141,5921,220,3.58247828,590.006,1.626112E+08,6809600,0.00123792375,16213.5352,15786.8789,426.65625,0.131113917,0,0,0,0,0,0,0,0,0,0,0,0,90.7402039,0,0.0995143354,0.3082987,0,360835.2,85.62291,0,0.362634569,0.387003571,0,26992.3125,0,0,0,0,0,0,0,0,0,0,0.00570168439,0.122454241,186.5483,0,0.0001721918,90005,79522,11.6471329,79523,100.001259,16.887,0,0
03/13/2025 09:48:05,0,2.29231119,1.5027523,5.473691,42.58653,1.45277977,1.49185061,30.53695,0.9575486,1.45978928,10.0963,1.51604414,1.57566071,1.47088766,1.47614479,6.057036,5.16642332,1.5612483,1.47644281,2.14726925,6.01351833,42.58653,77,56.42857,54,57,57,57,56,77,53,53,53,53,55,55,55,55,77,46,43,43,43,44,23,47,47,47,47,45,45,45,45,3185.7793,3683.55737,4380.447,4280.891,1792.00085,896.0004,3185.7793,3185.7793,3185.7793,1991.112,3185.7793,3185.7793,3185.7793,3285.335,13.0362253,7.56419325,0,0.204928979,1.33776855,1.32275391,1.3527832,1.33276367,1.32275391,1.3527832,1.3527832,1.25769043,1.25769043,1.25769043,1.25769043,1.2409668,1.2409668,1.2409668,1.2409668,99.5556,10.7121658,20.954895,33.82747,10.0147667,45.6522942,17.99047,55,2355,8000.982,0,0,0,0,0,0.25,0,0,0,0,0,0,0,0,0,62.78125,6141,5921,220,3.58247828,590.006,1.752064E+08,6860800,0.0621613972,16213.5352,15786.8789,426.65625,0.197164759,0,0,0,0,0,0,0,0,0,0,0,0,90.7402039,0,0.943842649,0.665402234,0,2.00784E+07,85.62291,0,0.161869764,0.15379031,0,7186.14063,0,0,0,0,0,0,0,0,0,0,0.00570168439,0.122454241,0,0,0,90005,79522,11.6471329,79523,100.001259,16.887,0,0
03/13/2025 09:48:06,1.94436908,0,0,3.13982964,17.0287666,0,0,60.68711,0,0,0.2998948,0,0,0,0,1.57691836,0,0,0,0,3.73317,60.68711,73,56.5,73,57,63,56,55,55,53,53,53,53,55,55,55,55,71,27,43,37,44,45,45,47,47,47,47,45,45,45,45,1194.66711,1792.00061,1792.00061,1692.44507,1393.77832,896.0003,2090.66748,3484.44556,3484.44556,1991.11182,3484.44556,3484.44556,3484.44556,1692.44507,13.0354242,7.380579,0,0.20672977,0.750976563,0.8709717,0.8709717,0.8709717,0.8487549,0.8487549,0.8487549,0.7486572,0.853759766,0.853759766,0.853759766,0.833740234,0.833740234,0.838256836,0.838256836,99.55559,10.7172661,20.9497948,33.8435745,10.0138283,45.6532326,17.9887848,55,1110,7000.978,0,0,0,0,0.0546875,0.25,0,0,0,0,0,0,0,0,0,62.96875,6141,5921,220,3.58247828,590.006,1.723392E+08,6656000,0,16213.5352,15786.8789,426.65625,0.12213923,0,0,0,0,0,0,0,0,0,0,0,0,90.7402039,0,0.0674884,0.112681,0,274448.125,85.62291,0,0,0.02067017,0,0,0,0,0,0,0,0,0,0,0,0,0.00570168439,0.122454241,0,0,0,90005,79522,11.6471329,79523,100.001259,16.887,0,0
03/13/2025 09:48:07,0,0,0,1.66779757,43.8901176,0,23.8433475,10.3787184,3.416872,0,1.83952451,0,0.234889984,0,0,0,1.12974048,0.144195557,0,0.342166424,4.18807268,43.8901176,67,55.3571434,54,56,57,59,67,54,53,53,53,53,54,54,54,54,60,46,44,43,41,33,46,47,47,47,47,46,46,46,46,3882.66431,1493.3324,796.444,796.444,696.8884,895.999451,696.8884,1692.44336,3484.44214,3285.3313,1991.10986,3484.44214,3285.3313,3285.3313,12.35123,6.704146,0,0.206567377,1.130127,1.19519043,1.31750488,0.672485352,1.31872559,1.34875488,1.31872559,1.07373047,1.25366211,1.09875488,1.25415039,1.11914063,1.25415039,1.25415039,1.25415039,99.5555,10.7134933,20.9535675,33.831665,10.01347,45.65359,17.9881439,55,2355,8000.982,0,0,0,0,0,0.25,0,0,0,0,0,0,0,0,0,62.75,6141,5921,220,3.58247828,590.006,1.677824E+08,6758400,0.0128883347,16213.5352,15786.8789,426.65625,0.132118955,0,0,0,0,0,0,0,0,0,0,0,0,90.7402039,0,0.04897005,0.135438636,0,40227.9453,85.62291,0,0.1820908,0.179753289,0,13074.0938,0,0,0,0,0,0,0,0,0,0,0.00570168439,0.122454241,0,0,0,90005,79522,11.6471329,79523,100.001259,16.887,0,0
03/13/2025 09:48:08,0.7016957,0,0,0,34.6492462,0,36.2747536,0,1.68629885,0,0,0,0.7514298,0,0,0,1.14896894,0,0,0,3.18853259,36.2747536,57,54.7142868,55,56,57,55,56,55,54,54,54,54,54,54,54,54,58,45,44,43,45,44,45,46,46,46,46,46,46,46,46,4380.445,3484.44458,4280.889,4480.00049,2389.3335,1891.55566,1891.55566,3185.778,3285.3335,3484.44458,3484.44458,3484.44458,3484.44458,3484.44458,12.4557371,7.126344,0,0.204364151,1.18273926,1.3527832,1.3527832,1.32275391,0.6677246,1.3203125,1.31530762,1.175293,1.22033691,1.22033691,1.175293,1.255249,1.255249,1.255249,1.255249,99.5555649,10.71859,20.9484711,33.8477554,10.0161247,45.6509361,17.9929123,55,2355,8000.982,0,0,0,0,0,0.25,0,0,0,0,0,0,0,0,0,62.90625,6141,5921,220,3.58247828,590.006,1.841152E+08,6758400,0.048786778,16213.5352,15786.8789,426.65625,0.148595378,0,0,0,0,0,0,0,0,0,0,0,0,90.7402039,0,0.0100293308,0.0218226146,0,11353.415,85.62291,0,0.166486889,0.162817881,0,10319.5234,0,0,0,0,0,0,0,0,0,0,0.00570168439,0.122454323,0,86.66349,7.999399E-05,90005,79522,11.6471329,79523,100.001259,16.887,0,0
03/13/2025 09:48:09,0.339448452,1.92361474,1.48572326,1.41559243,45.54212,1.43637657,31.02888,1.42403245,0,1.41934156,1.45808458,1.41967535,0.7174492,1.77969337,1.43529177,1.4359653,3.43245864,2.43912935,2.21324563,2.767682,5.20766354,45.54212,77,56.5,54,56,77,53,62,57,54,54,54,54,54,54,54,54,70,46,44,23,47,38,43,46,46,46,46,46,46,46,46,4380.44727,1891.55676,1393.77869,1692.44543,1792.0011,4380.44727,1095.11182,3484.44653,3484.44653,3484.44653,3484.44653,3484.44653,3484.44653,3484.44653,13.9022064,8.221072,0,0.205011681,1.18286133,1.33288574,1.33288574,0.6828613,1.322876,1.32946777,1.32946777,1.17944336,1.25439453,1.17944336,1.25439453,1.25939941,1.25939941,1.25939941,1.25939941,99.55562,10.7217407,20.94532,33.85771,10.0175972,45.6494637,17.99556,55,2355,8000.982,0,0,0,0,0,0.25,0,0,0,0,0,0,0,0,0,62.84375,6141,5921,220,3.58247828,590.006,1.704448E+08,6860800,0.00102094281,16213.5352,15786.8789,426.65625,0.112504691,0,0,0,0,0,0,0,0,0,0,0,0,90.7402039,0,0.0460684747,0.406557739,0,157171.016,85.62291,0,0.179649338,0.203303471,0,8060.65,0,0,0,0,0,0,0,0,0,0,0.00570168439,0.122454323,0,0,0,90005,79522,11.6471329,79523,100.001259,16.887,0,0
03/13/2025 09:48:10,0.190800428,0,0,0,31.6743622,0,39.38376,0,8.280575,0,0,0,1.861453,0,0,0,5.12628,0,0,0,3.4080863,39.38376,75,56.6428566,55,56,58,55,75,54,55,55,55,55,55,55,55,55,70,45,44,42,45,25,46,45,45,45,45,45,45,45,45,3285.3335,995.5556,696.8889,696.8889,896.000061,796.4445,696.8889,796.4445,3484.44458,3484.44458,1991.11121,3484.44458,3484.44458,3484.44458,12.6764116,7.08469343,0,0.205220819,1.22424316,1.354248,1.354248,0.674926758,1.34997559,1.158081,1.01806641,1.06811523,1.22314453,1.22314453,1.1730957,1.06811523,1.21813965,1.118042,1.21813965,99.5555649,10.7155,20.951561,33.8380051,10.014698,45.6523628,17.9903488,55,2355,8000.982,0,0,0,0,0,0.25,0,0,0,0,0,0,0,0,0,62.96875,6141,5921,220,3.58247828,590.006,1.867776E+08,6195200,0,16213.5352,15786.8789,426.65625,0.128174752,0,0,0,0,0,0,0,0,0,0,0,0,90.7402039,0,0.00299726287,0,0,3520.81372,85.62291,0,0.174381733,0.149155587,0,12575.5088,0,0,0,0,0,0,0,0,0,0,0.00570173562,0.122454382,54.0587654,64.87052,0.000109776658,90005,79522,11.6471329,79523,100.001259,16.887,0,0
03/13/2025 09:48:11,0,0.3047228,0,0,35.5561676,0,30.5908318,0,4.192501,0,0,0,3.33390832,0,0,0,0.231337547,0,0,0.600481033,3.56284976,35.5561676,62,55.2142868,54,56,60,62,55,54,52,52,52,52,56,56,56,56,66,46,44,40,38,45,46,48,48,48,48,44,44,44,44,4380.44531,1692.44482,896.0002,796.4446,796.4446,1792.00037,1792.00037,896.0002,3484.445,3285.334,2090.667,3285.334,3484.445,3484.445,12.4590111,6.92201233,0,0.205856368,1.2791748,1.38415527,1.37121582,1.34130859,1.31481934,1.06481934,1.31982422,1.119751,1.178833,1.178833,1.098877,1.11877441,1.178833,1.1237793,1.1237793,99.55557,10.71719,20.9498711,33.843338,10.013588,45.6534729,17.9883575,55,2355,8000.982,0,0,0,0,0,0.25,0,0,0,0,0,0,0,0,0,62.875,6141,5921,220,3.58247828,1.2,1.811456E+08,6707200,0.0012864779,16213.5352,15786.8789,426.65625,0.103862651,0,0,0,0,0,0,0,0,0,0,0,0,90.7402039,0,0.0126666669,0.04530692,0,24161.2324,85.62291,0,0.16917327,0.203188583,0,9767.29,0,0,0,0,0,0,0,0,0,0,0.005702344,0.122456059,655.498352,1804.87915,0.00227103033,90005,79522,11.6471329,79523,100.001259,16.887,0,0
03/13/2025 09:48:12,0.236368179,1.77247524,0.1796186,0.105941296,50.9133949,1.64975524,20.8094425,1.63849,0,0.110197067,0.468271971,0.105732679,5.260575,0.144267082,0.1219213,0.124830008,0.674879551,2.16544271,0.451689959,0.6677091,4.03516865,50.9133949,79,56.7857132,55,56,79,55,65,55,53,53,53,53,54,54,55,55,65,45,44,21,45,35,45,47,47,47,47,46,46,45,45,4480,2289.77783,995.5556,796.444458,696.8889,796.444458,896,1792,2289.77783,3484.44458,3484.44458,3484.44458,3484.44458,3484.44458,12.8025351,7.12917042,0,0.204037085,1.22485352,1.35192871,1.34692383,1.35192871,1.3248291,1.1998291,1.32141113,0.7763672,1.201416,1.201416,1.12133789,0.7763672,1.18640137,1.18139648,1.18139648,99.55556,10.7181969,20.948864,33.84651,10.0165939,45.6504669,17.9937515,55,2355,8000.982,0,0,0,0,0,0.25,0,0,0,0,0,0,0,0,0,62.875,6141,5921,220,3.58247828,590.006,1.766912E+08,4454400,0,16213.5352,15786.8789,426.65625,0.07493318,0,0,0,0,0,0,0,0,0,0,0,0,90.7402039,0,0.0290473,0.180191889,0,52551.17,85.62291,0,0.168194532,0.145276755,0,6696.32,0,0,0,0,0,0,0,0,0,0,0.00570258126,0.122456588,256.555481,574.483032,0.000767082965,90005,79522,11.6471329,79523,100.001259,16.887,0,0
03/13/2025 09:48:13,0,0,1.26229525,1.24007463,42.03031,1.24765635,26.82264,0,0,1.23577118,3.017372,0,0,0,0,0,2.38577127,1.53764486,0,0.363147259,0,42.03031,81,57.1428566,55,56,81,56,65,55,54,54,54,54,54,54,54,54,77,45,44,19,44,35,45,46,46,46,46,46,46,46,46,4380.446,2688.00073,995.555847,896.000244,696.8891,696.8891,696.8891,597.3335,896.000244,1991.11169,1891.55615,3484.44556,3484.44556,3484.44556,11.769454,6.18523169,0,0.204671368,1.269165,1.36413574,1.36413574,1.35925293,1.354248,1.19641113,1.35644531,1.25634766,1.26135254,1.26135254,1.26135254,1.256958,1.256958,1.256958,1.256958,99.55558,10.7175064,20.9495544,33.84433,10.0137177,45.6533432,17.9885864,55,2355,8000.982,0,0,0,0,0,0.25,0,0,0,0,0,0,0,0,0,62.84375,6141,5921,220,3.58247828,590.006,1.798656E+08,6502400,0.000473370863,16213.5352,15786.8789,426.65625,0.09400888,0,0,0,0,0,0,0,0,0,0,0,0,90.7402039,0,0,0.01783813,0,0,85.62291,0,0,0.0300630648,0,0,0,0,0,0,0,0,0,0,0,0,0.00570258126,0.122456588,0,0,0,90005,79522,11.6471329,79523,100.001259,16.887,0,0
03/13/2025 09:48:14,0,1.52115226,0,0,46.39371,0,19.8157082,26.076025,21.7453175,0,0,1.26507282,20.6248169,1.08749866,1.08107924,1.069361,1.79061294,0,1.071173,1.708287,7.09747076,46.39371,72,56.7142868,55,54,68,72,58,55,54,54,54,54,54,54,54,54,65,45,46,32,28,42,45,46,46,46,46,46,46,46,46,3683.556,1294.22241,696.889,995.555664,696.889,696.889,2787.556,1393.778,696.889,1592.889,1792.00024,3484.44482,3484.44482,3484.44482,11.886405,6.31369162,0,0.205719456,1.22424316,1.354248,1.354248,1.354248,1.35925293,1.324707,1.37963867,1.22973633,1.21972656,1.21972656,1.21972656,1.09472656,1.18469238,1.20471191,1.17468262,99.5555649,10.71521,20.95185,33.8370819,10.0149193,45.65214,17.9907455,55,2355,8000.982,0,0,0,0,0,0.25,0,0,0,0,0,0,0,0,0,62.90625,6141,5921,220,3.58247828,590.006,1.714688E+08,6707200,0.00194407068,16213.5352,15786.8789,426.65625,0.147672236,0,0,0,0,0,0,0,0,0,0,0,0,90.7402039,0,0.178707689,0.152340487,0,292980,85.62291,0,0.245198011,0.255221337,0,37199.1367,0,0,0,0,0,0,0,0,0,0,0.00570258126,0.122456588,0,0,0,90005,79522,11.6471329,79523,100.001259,16.887,0,0
03/13/2025 09:48:15,0,0.166761875,0,0,40.79116,0,31.1380386,0,3.69967222,0,0,0,0,0,0,0,3.87108326,0,0,0,1.32222176,40.79116,75,57.5,56,58,61,60,75,55,55,55,55,55,55,55,55,55,68,44,42,39,40,25,45,45,45,45,45,45,45,45,45,4380.443,4181.332,4479.99854,3484.443,1294.2218,796.444153,895.9997,796.444153,3484.443,3484.443,1991.11047,1991.11047,3185.77661,3086.22119,12.9787054,7.4349885,0,0.207094923,1.21472168,1.34472656,1.34472656,1.34509277,1.32421875,1.33251953,1.19750977,1.10253906,1.0925293,1.10253906,1.10253906,1.18249512,1.19250488,1.12695313,1.12695313,99.55552,10.7150764,20.9519844,33.8366623,10.0163651,45.6506958,17.9933472,55,2355,8000.982,0,0,0,0,0,0.25,0,0,0,0,0,0,0,0,0,62.6875,6141,5921,220,3.58247828,590.006,1.719296E+08,6860800,0.05759461,16213.5352,15786.8789,426.65625,0.162011415,0,0,0,0,0,0,0,0,0,0,0,0,90.7402039,0,0.17909041,0.329782248,0,3091934.25,85.62291,0,0.172135249,0.09794023,0,5607.79639,0,0,0,0,0,0,0,0,0,0,0.00570258126,0.122456588,0,0,0,90005,79522,11.6471329,79523,100.001259,16.887,0,0
03/13/2025 09:48:16,1.35735273,1.36702061,1.33723617,1.27955675,32.283432,15.5897913,46.7613029,16.67108,8.156002,4.22320938,1.38585567,1.2750566,3.80916,1.33119226,1.30659342,1.30493045,6.97239,1.34376287,1.3032496,3.42505574,7.62416744,46.7613029,81,56.2857132,55,58,57,81,56,57,52,52,52,52,54,54,54,54,66,45,42,43,19,44,43,48,48,48,48,46,46,46,46,4480.001,1891.55591,796.444641,896.0002,696.889038,696.889038,696.889038,896.0002,696.889038,1991.11157,1891.55591,3484.445,3484.445,3484.445,12.806,7.143304,0,0.20449385,1.22290039,1.34790039,1.35290527,1.35290527,1.32421875,1.35925293,1.354248,1.09423828,1.22424316,1.2232666,1.2232666,1.17321777,1.2232666,1.2232666,1.2232666,99.55558,10.734623,20.9324379,33.8983841,10.0169868,45.650074,17.9944611,55,1125,7000.978,0,0,0,0,0,0.25,0,0,0,0,0,0,0,0,0,62.96875,6141,5921,220,3.58247828,590.006,1.726976E+08,6502400,0.00128134852,16213.5352,15786.8789,426.65625,0.136448488,0,0,0,0,0,0,0,0,0,0,0,0,90.7402039,0,0.7259592,0.646433353,0,16993448,85.62291,0,0.173547208,0.276555866,0,31240.8379,0,0,0,0,0,0,0,0,0,0,0.00570258126,0.122456588,0,0,0,90005,79522,11.6471329,79523,100.001259,16.887,0,0
03/13/2025 09:48:17,0,0.629788637,0,0,30.4197617,0,36.33197,0,1.40147209,0,0,0,0,0,0,0,0,0,0,0,0,36.33197,77,58.07143,57,56,75,77,60,55,54,53,53,53,55,55,55,55,74,43,44,25,23,40,45,46,47,47,47,45,45,45,45,4480.001,1592.88916,995.5557,696.889038,896.0002,796.4446,696.889038,696.889038,696.889038,1792.00037,3086.22266,3484.445,3484.445,3484.445,12.0168495,6.43340254,0,0.204473913,1.20080566,1.33081055,1.33081055,1.33081055,1.34082031,1.37072754,1.3416748,1.21166992,1.21166992,1.21166992,1.21166992,1.206543,1.21154785,1.21154785,1.21154785,99.55557,10.7175865,20.9494743,33.84459,10.0156479,45.651413,17.9920578,55,2355,8000.982,0,0,0,0,0,0.25,0,0,0,0,0,0,0,0,0,62.875,6141,5921,220,3.58247828,590.006,1.695232E+08,6707200,0.0020197758,16213.5352,15786.8789,426.65625,0.127183616,0,0,0,0,0,0,0,0,0,0,0,0,90.7402039,0,0.00481338333,0,0,4106.49658,85.62291,0,0,0,0,0,0,0,0,0,0,0,0,0,0,0,0.00570258126,0.122456588,0,0,0,90005,79522,11.6471329,79523,100.001259,16.887,0,0
03/13/2025 09:48:18,1.10170841,0,1.0999918,0,43.41495,24.3579865,32.9765625,19.62312,1.9613862,0,1.10310316,0,0.348007679,0,0,0,12.5713406,1.26388073,0,0.183230639,6.8421483,43.41495,76,57.7142868,55,56,74,57,76,54,55,55,55,55,54,54,54,54,71,45,44,26,43,24,46,45,45,45,45,46,46,46,46,4380.446,2190.223,1792.00061,1891.55615,1792.00061,1194.667,796.4447,696.8891,696.8891,796.4447,1592.8894,1891.55615,3484.44556,3484.44556,13.1071348,7.51286364,0,0.20573464,1.20581055,1.33447266,1.33947754,1.33947754,1.355957,1.355957,1.32592773,1.2109375,1.2109375,1.2109375,1.21594238,1.21655273,1.21655273,1.21655273,1.21655273,99.55559,10.7159042,20.9511566,33.83927,10.0150909,45.65197,17.9910583,55,2355,8000.982,0,0,0,0,0,0.25,0,0,0,0,0,0,0,0,0,62.875,6141,5921,220,3.58247828,590.006,1.69472E+08,6860800,0.000645906141,16213.5352,15786.8789,426.65625,0.113021389,0,0,0,0,0,0,0,0,0,0,0,0,90.7402039,0,0.0430324,1.55441928,0,130060.008,85.62291,0,0.181307539,0.206647888,0,12317.3291,0,0,0,0,0,0,0,0,0,0,0.00570283,0.12245775,257.035461,1202.38684,0.00134710723,90005,79522,11.6471329,79523,100.001259,16.887,0,0
03/13/2025 09:48:19,0.181251764,2.06155777,0.163459778,0.147527456,42.24067,0,25.0831184,0,1.80844069,0,1.485312,0,3.633684,0,0,0,5.75436974,0.373882055,0,0,0,42.24067,70,56.7857132,56,64,70,58,64,55,53,53,53,53,54,54,54,54,64,44,36,30,42,36,45,47,47,47,47,46,46,46,46,4380.445,2289.778,995.555664,796.4445,896.0001,796.4445,796.4445,796.4445,696.889,696.889,1592.889,3484.44482,3484.44482,3484.44482,12.319869,6.758373,0,0.205094263,1.26794434,1.35791016,1.35791016,1.31921387,1.185669,1.32067871,1.3215332,1.04150391,1.2265625,1.2265625,1.22155762,1.09655762,1.21923828,1.09423828,1.21923828,99.5555649,10.7141685,20.9528923,33.8337936,10.0162468,45.6508141,17.9931259,55,2355,8000.982,0,0,0,0,0,0.25,0,0,0,0,0,0,0,0,0,62.90625,6141,5921,220,3.58247828,1.2,1.889792E+08,6041600,0.0006154991,16213.5352,15786.8789,426.65625,0.09935089,0,0,0,0,0,0,0,0,0,0,0,0,90.7402039,0,0.00740190363,0.04370552,0,8262.308,85.62291,0,0.348050833,0.385947764,0,26336.1035,0,0,0,0,0,0,0,0,0,0,0.00570283,0.12245775,0,0,0,90005,79522,11.6471329,79523,100.001259,16.887,0,0
03/13/2025 09:48:20,0,0,0,0.294601917,41.3823624,29.8684483,26.4625664,30.089325,0,0.5906284,0,0.5887389,1.6559422,0.6382704,0.6394625,0.6401777,3.82733941,0.6474793,0.6071508,1.25854015,6.65405369,41.3823624,71,58.2857132,55,57,57,71,65,55,58,58,58,58,56,56,56,56,71,45,43,43,29,35,45,42,42,42,42,44,44,44,44,4380.44434,3185.77759,1393.77771,1393.77771,1294.22217,4081.77759,1791.99988,3484.444,3484.444,1493.33325,1294.22217,1393.77771,2389.33325,1095.11108,13.3475494,7.56879,0,0.204612181,1.24682617,1.24182129,1.27685547,1.2520752,1.2220459,1.2520752,1.20214844,1.27709961,1.24206543,1.24206543,1.262085,1.24707031,1.21923828,1.229248,1.229248,99.55555,10.7180862,20.9489746,33.84617,10.01289,45.65417,17.9870987,55,2355,8000.982,0,0,0,0,0,0.25,0,0,0,0,0,0,0,0,0,62.875,6141,5921,220,3.58247828,590.006,1.76896E+08,6860800,0.0006115698,16213.5352,15786.8789,426.65625,0.09469863,0,0,0,0,0,0,0,0,0,0,0,0,90.7402039,0,0.0197393186,0.1322334,0,77965.21,85.62291,0,0.173024654,0.154848441,0,10769.37,0,0,0,0,0,0,0,0,0,0,0.00570283,0.12245775,0,0,0,90005,79522,11.6471329,79523,100.001259,16.887,0,0
03/13/2025 09:48:21,9.966808,0,0,0,44.1770248,0,45.02589,0,8.523548,0,0,0,4.766941,0,0,0,14.52108,3.59856486,2.69138217,0,4.985273,45.02589,75,57.1428566,54,60,75,56,65,54,54,54,54,54,55,55,55,55,61,46,40,25,44,35,46,46,46,46,46,45,45,45,45,4480.00049,1792.00024,896.0001,696.889,1294.22241,896.0001,796.4446,696.889,896.0001,896.0001,2488.8894,3484.445,3484.445,3484.445,13.211812,7.53099871,0,0.204867274,1.24914551,1.35913086,1.35009766,1.3302002,1.34021,1.350708,1.350708,1.22070313,1.24560547,1.21569824,1.21069336,1.21069336,1.21069336,1.21069336,1.21069336,99.55557,10.7119217,20.95514,33.8267,10.0117455,45.6553154,17.9850388,55,1110,7000.978,0,0,0,0,0,0.25,0,0,0,0,0,0,0,0,0,62.75,6141,5921,220,3.58247828,590.006,1.683968E+08,6860800,0.00185232493,16213.5352,15786.8789,426.65625,0.0977808759,0,0,0,0,0,0,0,0,0,0,0,0,90.7402039,0,0.018806275,0.114286542,0,24065.2422,85.62291,0,0,0.0128442645,0,0,0,0,0,0,0,0,0,0,0,0,0.00570300128,0.12245775,180.15126,0,0.000166287078,90005,79522,11.6471329,79523,100.001259,16.887,0,0
03/13/2025 09:48:22,0.226277113,2.06313133,0.2156794,0.189483166,45.0762,9.19919,23.1635933,9.178275,0,0.534278154,0.675392151,0.7750392,2.43669152,0.5675256,0.557857752,0.5666137,2.40502954,0.555175543,0.540608168,1.25986338,4.974854,45.0762,57,54.2857132,55,54,57,55,56,56,52,52,52,52,54,55,55,55,58,45,46,43,45,44,44,48,48,48,48,46,45,45,45,4380.44043,4479.996,4181.32959,2190.22021,796.4438,895.9992,696.8883,796.4438,796.4438,796.4438,696.8883,696.8883,995.5547,1692.443,12.2219181,6.710718,0,0.2068309,0.7623291,0.747314453,0.747314453,0.742431641,1.34924316,1.34924316,1.34924316,1.24914551,1.24914551,1.24914551,1.24914551,1.24316406,1.24316406,1.24316406,1.248169,99.55547,10.7133026,20.9537582,33.8310623,10.0117455,45.6553154,17.9850388,55,2355,8000.982,0,0,0,0,0,0.25,0,0,0,0,0,0,0,0,0,62.90625,6141,5921,220,3.58247828,590.006,1.621504E+08,6809600,0.000667357934,16213.5352,15786.8789,426.65625,0.075971365,0,0,0,0,0,0,0,0,0,0,0,0,90.7402039,0,0.0370065942,0.0126933716,0,20353.9336,85.62291,0,0.1610279,0.155878976,0,13231.4395,0,0,0,0,0,0,0,0,0,0,0.00570300128,0.12245775,0,0,0,90005,79522,11.6471329,79523,100.001259,16.887,0,0
03/13/2025 09:48:23,0,0.332117081,1.40939951,1.37608647,39.27412,0,27.2386913,0,1.57037377,1.37211084,1.67810917,1.37514472,0,1.41628981,1.40938759,1.407665,0,1.43654346,1.403588,0.514102,1.4910996,39.27412,68,56.07143,54,54,62,68,57,54,54,54,54,54,55,55,55,55,68,46,46,38,32,43,46,46,46,46,46,45,45,45,45,4081.77759,4380.44434,4380.44434,1592.88879,1891.55554,1891.55554,1891.55554,1791.99988,995.555542,895.999939,796.4444,696.888855,696.888855,3484.44434,12.5348473,6.953094,0,0.204260379,1.21911621,1.34411621,1.34411621,1.33056641,1.3260498,1.34619141,1.34619141,1.21118164,1.20324707,1.20324707,1.20324707,1.20324707,1.20324707,1.21411133,1.21411133,99.55555,10.7178383,20.9492226,33.8453827,10.012146,45.6549149,17.9857635,55,2355,8000.982,0,0,0,0,0,0.25,0,0,0,0,0,0,0,0,0,62.84375,6141,5921,220,3.58247828,590.006,1.645056E+08,6912000,0.00128137413,16213.5352,15786.8789,426.65625,0.12485452,0,0,0,0,0,0,0,0,0,0,0,0,90.7402039,0,0.1474381,0.230854392,0,3080268,85.62291,0,0.173330739,0.171821162,0,10236.9355,0,0,0,0,0,0,0,0,0,0,0.00570300128,0.12245775,0,0,0,90005,79522,11.6471329,79523,100.001259,16.887,0,0
03/13/2025 09:48:24,0.1357913,0.269597769,0.1519382,0.0942409039,52.6215668,22.0370884,21.87758,13.5909739,12.6300335,0.0800013542,0.132781267,0.08230209,0,0.0988781452,0.118428469,0.113999844,4.88415956,0,0.121492147,0.6995022,6.40298748,52.6215668,75,56.7142868,54,54,57,56,75,55,56,56,56,55,55,55,55,55,65,46,46,43,44,25,45,44,44,44,45,45,45,45,45,1095.11157,4181.335,4480.002,2289.77856,1792.00073,1095.11157,796.444763,696.88916,696.88916,896.000366,696.88916,696.88916,597.333557,1891.55627,13.2226934,7.555078,0,0.205232143,0.9439697,0.9539795,0.9539795,1.3527832,1.34667969,1.34667969,1.34667969,1.206665,1.21166992,1.206665,1.206665,1.206665,1.206665,1.206665,1.206665,99.5555954,10.7294273,20.9376335,33.88198,10.0116806,45.65538,17.9849243,55,2355,8000.982,0,0,0,0,0,0.25,0,0,0,0,0,0,0,0,0,62.875,6141,5921,220,3.58247828,590.006,1.67936E+08,6860800,0.0005319179,16213.5352,15786.8789,426.65625,0.135701343,0,0,0,0,0,0,0,0,0,0,0,0,90.7402039,0,0.7200286,0.654685855,0,16474268,85.62291,0,0.321378052,0.331652,0,10904.1914,0,0,0,0,0,0,0,0,0,0,0.00570317265,0.12245775,178.0741,0,0.000164369776,90005,79522,11.6471329,79523,100.001259,16.887,0,0
03/13/2025 09:48:25,0.94037056,0.194340944,0,0,48.97313,0,22.04851,0,6.681001,0,3.67398262,0,5.51499748,0,0,0,7.13607073,1.81049109,3.29337716,1.59760714,0.629407167,48.97313,58,55.2857132,55,56,58,57,56,54,54,54,55,55,55,55,55,55,58,45,44,42,43,44,46,46,46,45,45,45,45,45,45,2389.33276,2090.66626,4380.44336,3882.66577,1393.77747,796.4443,696.888733,696.888733,696.888733,696.888733,796.4443,796.4443,895.999756,2289.77734,12.881053,7.057362,0,0.205216065,0.9918213,1.05688477,1.05187988,1.21887207,1.2487793,1.38378906,1.38122559,1.13122559,1.19628906,1.19628906,1.13122559,1.13122559,1.13122559,1.13122559,1.19628906,99.5555344,10.7097206,20.95734,33.8197479,10.0110245,45.6560364,17.98375,55,2355,8000.982,0,0,0,0,0,0.25,0,0,0,0,0,0,0,0,0,62.8125,6141,5921,220,3.58247828,590.006,1.783808E+08,6553600,0.05964127,16213.5352,15786.8789,426.65625,0.1489691,0,0,0,0,0,0,0,0,0,0,0,0,90.7402039,0,0,0.013333247,0,0,85.62291,0,0,0.02324693,0,0,0,0,0,0,0,0,0,0,0,0,0.00570317265,0.12245775,0,0,0,90005,79522,11.6471329,79523,100.001259,16.887,0,0
03/13/2025 09:48:26,0,0.168138742,0,0,49.8627167,17.89112,22.7135124,0,0,27.204216,0.0196099281,0,0.03569126,0,0,0,2.27179527,0,0,0,5.715072,49.8627167,77,55.7857132,54,53,55,77,55,55,54,54,54,54,54,54,54,54,77,46,47,45,23,45,45,46,46,46,46,46,46,46,46,3484.44556,1194.66711,2090.66748,4480.00146,2588.44531,995.5559,3484.44556,1692.44507,1792.00061,1792.00061,1792.00061,896.0003,896.0003,995.5559,12.2243233,6.634808,0,0.205619231,0.6699219,0.6699219,0.665161133,1.35803223,1.35803223,1.34533691,1.369873,1.19995117,1.204956,1.204956,1.204956,1.204956,1.204956,1.204956,1.204956,99.55559,10.7163467,20.9507141,33.8406754,10.0148125,45.65225,17.9905548,55,2355,8000.982,0,0,0,0,0,0.25,0,0,0,0,0,0,0,0,0,62.875,6141,5921,220,3.58247828,1.2,1.7408E+08,7116800,0.00148181419,16213.5352,15786.8789,426.65625,0.117718168,0,0,0,0,0,0,0,0,0,0,0,0,90.7402039,0,0.03231003,0.176602542,0,42978.1055,85.62291,0,0.184654757,0.170229554,0,13464.2813,0,0,0,0,0,0,0,0,0,0,0.005703224,0.12245781,55.65754,66.78905,0.00011302327,90005,79522,11.6471329,79523,100.001259,16.892,0,0
03/13/2025 09:48:27,1.22800469,2.881825,0,0,33.5690155,0,42.5801468,0,6.669605,0,0,0,3.1265378,0,0,0,7.63978958,0,0,1.91021562,0,42.5801468,57,54.57143,54,56,57,55,56,54,53,53,53,53,55,55,55,55,58,46,44,43,45,44,46,47,47,47,47,45,45,45,45,4380.445,1792.00012,4480,4480,3783.11133,1194.66675,796.444458,696.8889,696.8889,896.000061,696.8889,696.8889,796.444458,696.8889,13.592864,7.994139,0,0.204026759,0.65234375,0.6575928,0.657348633,0.661865234,0.6672363,0.6722412,0.672485352,0.677490234,0.677490234,0.677490234,0.6824951,0.6772461,0.6772461,0.6772461,0.6772461,99.55556,10.7145462,20.9525146,33.83499,10.0135727,45.65349,17.988327,55,1125,7000.978,0,0,0,0,0,0.25,0,0,0,0,0,0,0,0,0,62.8125,6141,5921,220,3.58247828,590.006,1.540608E+08,6912000,0.00107912056,16213.5352,15786.8789,426.65625,0.125648066,0,0,0,0,0,0,0,0,0,0,0,0,90.7402039,0,0.0141049586,0.0262749046,0,14586.2686,85.62291,0,0.1681201,0.181675,0,10059.4863,0,0,0,0,0,0,0,0,0,0,0.005703224,0.12245781,0,0,0,90005,79522,11.6471329,79523,100.001259,16.888,0,0
03/13/2025 09:48:28,0,0,0,0,34.3848534,25.3971214,32.77731,25.3952923,2.25980878,0,1.35359764,0,0.905561447,0,0,0,2.96979547,0,0,0.375831127,6.02625,34.3848534,57,54.42857,55,56,57,56,56,54,53,53,53,53,54,54,54,54,58,45,44,43,44,44,46,47,47,47,47,46,46,46,46,1592.88867,3882.666,4280.888,2588.444,995.5554,895.9999,696.8888,696.8888,696.8888,696.8888,696.8888,895.9999,796.444336,3484.44385,12.2642288,6.651263,0,0.205626577,1.25415039,1.34350586,1.34350586,1.348999,1.34606934,1.37097168,1.33764648,1.2076416,1.2076416,1.2076416,1.2076416,1.20349121,1.20849609,1.20849609,1.20849609,99.55554,10.7134132,20.9536476,33.8314133,10.0129509,45.65411,17.9872055,55,2355,8000.982,0,0,0,0,0,0.25,0,0,0,0,0,0,0,0,0,62.84375,6141,5921,220,3.58247828,1.2,1.923584E+08,5222400,0.000419661752,16213.5352,15786.8789,426.65625,0.127034172,0,0,0,0,0,0,0,0,0,0,0,0,90.7402039,0,0.009007217,0.0190457944,0,10560.2988,85.62291,0,0.167974278,0.159959137,0,7038.916,0,0,0,0,0,0,0,0,0,0,0.005703224,0.12245781,0,0,0,90005,79522,11.6471329,79523,100.001259,16.887,0,0
03/13/2025 09:48:29,0.05491972,0.08522272,0,0,36.79117,1.4487505,33.6945763,1.42641068,0.1609683,0,0,0,2.690184,0,0,0,7.923448,0,0,0.06991029,4.106009,36.79117,57,54.6428566,54,56,57,55,56,55,54,54,54,54,54,54,54,54,58,46,44,43,45,44,45,46,46,46,46,46,46,46,46,4181.33545,2389.33472,4480.00244,4480.00244,1592.88977,696.8893,796.4449,696.8893,696.8893,696.8893,696.8893,696.8893,995.5561,1095.11169,12.737834,7.146827,0,0.2065776,1.28771973,1.29272461,1.29272461,1.29272461,1.28771973,1.29772949,1.28771973,1.27270508,1.27270508,1.27270508,1.2677002,0.890380859,0.9003906,0.8154297,0.8154297,99.55561,10.7141991,20.9528618,33.8338928,10.0127983,45.6542625,17.9869385,55,2355,8000.982,0,0,0,0,0,0.25,0,0,0,0,0,0,0,0,0,62.875,6141,5921,220,3.58247828,590.006,1.860608E+08,5888000,0.0126828458,16213.5352,15786.8789,426.65625,0.117219441,0,0,0,0,0,0,0,0,0,0,0,0,90.7402039,0,0.0290502589,0.3716355,0,134839.6,85.62291,0,0.174836472,0.187520236,0,37927.168,0,0,0,0,0,0,0,0,0,0,0.005703224,0.12245781,0,0,0,90005,79522,11.6471329,79523,100.001259,16.887,0,0
03/13/2025 09:48:30,0,1.2986362,1.11399293,1.07488632,25.1901321,4.024953,45.5331078,4.024327,3.77727747,1.08642578,1.12663507,1.08758807,1.161772,1.12774968,1.1249125,1.12146735,4.59936857,1.48376822,1.122582,1.77875757,5.122548,45.5331078,57,54.42857,54,56,57,56,56,54,53,53,53,54,54,54,54,54,58,46,44,43,44,44,46,47,47,47,46,46,46,46,46,1592.88855,2289.77734,4479.999,4380.444,3783.11035,1791.99963,895.9998,796.4443,796.4443,895.9998,796.4443,796.4443,696.8888,796.4443,12.2138729,6.74908972,0,0.20388712,0.657714844,0.6627197,0.657714844,0.6624756,0.667480469,0.672485352,0.667480469,0.677490234,0.677490234,0.677490234,0.677490234,0.672485352,0.6824951,0.6824951,0.6824951,99.5555344,10.712635,20.9544258,33.82895,10.0123367,45.6547241,17.9861,55,2355,8000.982,0,0,0,0,0,0.25,0,0,0,0,0,0,0,0,0,63,6141,5921,220,3.58247828,590.006,1.730048E+08,6963200,0.04787155,16213.5352,15786.8789,426.65625,0.168925256,0,0,0,0,0,0,0,0,0,0,0,0,90.7402039,0,0.1159979,0.117118366,0,96622.84,85.62291,0,0.167696685,0.180365831,0,9059.251,0,0,0,0,0,0,0,0,0,0,0.005703224,0.12245781,0,0,0,90005,79522,11.6471329,79523,100.001259,16.888,0,0
03/13/2025 09:48:31,0.7749021,0.825190544,0.7525146,0.7056892,47.1309967,0.72619915,36.5466461,0,5.84229851,0,0.743430853,0.711107254,0.08281469,0.746929646,0.7547736,0.7481098,0.9896934,0,0.7438421,1.29270554,4.730642,47.1309967,69,57,55,64,66,69,55,57,53,53,53,53,55,55,55,55,62,45,36,34,31,45,43,47,47,47,47,45,45,45,45,4480.005,4380.449,4480.005,2090.669,2090.669,2090.669,2887.11426,2090.669,2090.669,2090.669,2090.669,3484.44824,796.4453,3484.44824,13.4069557,7.87970066,0,0.20671609,1.21936035,1.333252,1.333252,1.26342773,1.329956,1.322876,1.3894043,1.17944336,1.17944336,1.17944336,1.17944336,0.779418945,1.17944336,1.17944336,1.18078613,99.5556641,10.7145081,20.9525528,33.83486,10.012249,45.65481,17.9859543,55,2355,8000.982,0,0,0,0,0,0.25,0,0,0,0,0,0,0,0,0,62.8125,6141,5921,220,3.58247828,590.006,1.88928E+08,5017600,0.000841984467,16213.5352,15786.8789,426.65625,0.107414357,0,0,0,0,0,0,0,0,0,0,0,0,90.7402039,0,0.005882614,0,0,12107.3965,85.62291,0,0.169029072,0.1628804,0,10593.9609,0,0,0,0,0,0,0,0,0,0,0.00570443738,0.122462742,1283.50293,5210.84473,0.005994552,90005,79522,11.6471329,79523,100.001259,16.888,0,0
03/13/2025 09:48:32,0,0,0,0,44.51828,0,36.2769051,0,4.53984165,0.7629216,0,0,0,0,0,0,3.36496234,0,0,0,2.90175676,44.51828,72,56,54,57,72,56,61,54,52,52,54,54,55,55,54,54,60,46,43,28,44,39,46,48,48,46,46,45,45,46,46,4479.99854,4479.99854,1791.99939,895.9997,796.4442,796.4442,895.9997,796.4442,696.8887,696.8887,796.4442,3484.44336,3484.44336,3484.44336,13.4626846,7.789402,0,0.205483481,1.25769043,1.35095215,1.35095215,1.14208984,1.19775391,1.2376709,1.18273926,1.18774414,1.18774414,1.18774414,1.18774414,1.177002,1.1920166,1.1920166,1.1920166,99.55553,10.7147675,20.9522934,33.8356857,10.0124359,45.6546249,17.9862823,55,2355,8000.982,0,0,0,0,0,0.25,0,0,0,0,0,0,0,0,0,62.8125,6141,5921,220,3.58247828,1.2,1.067008E+08,7628800,0.00121112831,16213.5352,15786.8789,426.65625,0.1348706,0,0,0,0,0,0,0,0,0,0,0,0,90.7402039,0,0.173992887,0.409739673,0,3283860.25,85.62291,0,0,0,0,0,0,0,0,0,0,0,0,0,0,0,0.00570443738,0.122462742,0,0,0,90005,79522,11.6471329,79523,100.001259,16.888,0,0
03/13/2025 09:48:33,0,1.4506042,1.28116012,1.2347877,45.7271233,0,29.45153,2.73509622,2.22911239,1.2353003,1.726836,1.236403,3.623879,1.26265883,1.26520991,1.27426982,2.283299,1.387322,1.24790072,2.0427227,5.031061,45.7271233,57,54.57143,55,56,57,55,56,53,53,53,53,53,55,55,55,55,58,45,44,43,45,44,47,47,47,47,47,45,45,45,45,3185.77368,2090.664,4479.994,4479.994,1791.99768,796.4434,696.888,696.888,696.888,696.888,696.888,696.888,696.888,3484.44,12.751688,7.08981562,0,0.204045534,1.21594238,1.34094238,1.34094238,1.3536377,1.16003418,1.34509277,1.34509277,1.210083,1.210083,1.210083,1.210083,1.20507813,1.210083,1.21887207,1.21887207,99.55543,10.71196,20.955101,33.82682,10.0077667,45.6592941,17.9778976,55,2355,8000.982,0,0,0,0,0,0.25,0,0,0,0,0,0,0,0,0,62.90625,6141,5921,220,3.58247828,590.006,1.735168E+08,6809600,0.000649488356,16213.5352,15786.8789,426.65625,0.119394459,0,0,0,0,0,0,0,0,0,0,0,0,90.7402039,0,0.6644666,0.6113573,0,16432548,85.62291,0,0.184451,0.225855008,0,33695.55,0,0,0,0,0,0,0,0,0,0,0.00570443738,0.122462742,0,0,0,90005,79522,11.6471329,79523,100.001259,16.888,0,0
03/13/2025 09:48:34,4.371989,2.7061224,0.6206453,0.588876,51.33829,3.580302,19.32497,3.534454,6.63862228,0.579494238,3.11872959,0.582480431,2.21291184,0.627040863,0.6254375,0.619035959,3.334117,1.75750852,0.678211451,1.33793354,5.40885925,51.33829,60,54.6428566,54,54,60,55,57,54,52,52,52,52,55,56,56,56,65,46,46,40,45,43,46,48,48,48,48,45,44,44,44,2588.448,4380.45068,4181.33936,1692.44678,896.0013,696.8899,597.334167,796.445557,796.445557,696.8899,696.8899,696.8899,3484.44922,3484.44922,14.5577068,8.866045,0,0.203621641,1.25561523,1.350708,1.350708,1.347168,1.34594727,1.34594727,1.34594727,1.21594238,1.2109375,1.2109375,1.2109375,1.2109375,1.2109375,1.2109375,1.2109375,99.5556946,10.7075615,20.9595,33.8129272,10.0090294,45.65803,17.9801636,55,2355,8000.982,0,0,0,0,0,0.25,0,0,0,0,0,0,0,0,0,62.96875,6141,5921,220,3.58247828,590.006,1.690624E+08,6758400,6.06829053E-05,16213.5352,15786.8789,426.65625,0.12394055,0,0,0,0,0,0,0,0,0,0,0,0,90.7402039,0,0.0287431516,0.3085191,0,130825.4,85.62291,0,0.3402549,0.369982332,0,25963.9277,0,0,0,0,0,0,0,0,0,0,0.00570443738,0.122462742,0,0,0,90005,79522,11.6471329,79523,100.001259,16.887,0,0
03/13/2025 09:48:35,0.3473282,0,0.3211379,0,27.33335,0,44.7489624,0,5.99560738,0,0.3409922,0,0.632679462,0,0,0,3.57809067,3.78645062,0,0,0,44.7489624,62,54.7142868,54,54,57,62,57,54,52,52,52,52,55,55,55,55,62,46,46,43,38,43,46,48,48,48,48,45,45,45,45,2289.77686,4081.77612,1393.77722,3783.10962,1493.33276,1692.44373,796.444153,1194.66614,796.444153,696.8886,696.8886,3185.77661,3484.443,3484.443,13.4203053,7.697082,0,0.2059642,1.255249,1.35534668,1.35534668,1.324707,1.35473633,1.10205078,1.131958,1.17199707,1.217041,1.217041,1.217041,1.092041,1.22229,1.22229,1.12219238,99.55552,10.7076149,20.959446,33.8131027,10.0105743,45.6564865,17.98294,55,2355,8000.982,0,0,0,0,0,0.25,0,0,0,0,0,0,0,0,0,62.875,6141,5921,220,3.58247828,1.2,1.718784E+08,6860800,0.0009768072,16213.5352,15786.8789,426.671875,0.10431613,0,0,0,0,0,0,0,0,0,0,0,0,90.7402039,0,0.0306476764,0.150937811,0,159803.156,85.62291,0,0.162610739,0.17475377,0,10755.999,0,0,0,0,0,0,0,0,0,0,0.00570443738,0.122462742,0,0,0,90005,79522,11.6471329,79523,100.001259,16.887,0,0
03/13/2025 09:48:36,0,3.1273067,0,1.3076961,47.68668,34.8846741,21.9337883,34.8683968,2.80320048,2.79067755,1.09621882,1.32072568,0,1.35070086,1.35922432,1.37729645,2.73419619,0,1.35719776,0.390440226,7.62088871,47.68668,73,55.7857132,55,54,73,56,61,54,53,53,53,53,54,54,54,54,61,45,46,27,44,39,46,47,47,47,47,46,46,46,46,2488.88965,4380.446,4480.00146,3086.22339,1692.44507,1194.66711,1194.66711,796.4447,796.4447,896.0003,796.4447,995.5559,2090.66748,3185.77881,11.6884651,5.98944855,0,0.20368664,1.30712891,1.2520752,1.262085,1.2409668,1.33789063,1.35290527,1.3828125,1.27282715,1.28283691,1.26281738,1.22790527,1.22790527,1.22790527,1.22790527,1.21789551,99.55559,10.7063446,20.9607162,33.80909,10.008625,45.6584358,17.9794388,55,1110,7000.978,0,0,0,0,0,0.25,0,0,0,0,0,0,0,0,0,62.84375,6141,5921,220,3.58247828,590.006,1.84064E+08,5836800,0.0007175347,16213.5352,15786.8633,426.671875,0.113867514,0,0,0,0,0,0,0,0,0,0,0,0,90.7402039,0,0,0.00612296257,0,0,85.62291,0,0,0,0,0,0,0,0,0,0,0,0,0,0,0,0.00570443738,0.122462742,0,0,0,90005,79522,11.6471329,79523,100.001259,16.887,0,0
03/13/2025 09:48:37,0,0,0,0,2.58110166,41.15144,25.7546253,0,0,1.06570721,0,0,8.056521,0,0,0,0,0.2621174,0,0.255787373,1.796037,41.15144,57,54.6428566,53,56,57,55,56,54,53,54,54,54,55,55,55,54,58,47,44,43,45,44,46,47,46,46,46,45,45,45,46,3783.11,1194.66638,4380.44336,4380.44336,3484.44336,1194.66638,796.4442,796.4442,1791.99951,1791.99951,1692.444,1393.77734,796.4442,2488.88818,12.3826571,6.9005456,0,0.2051765,1.02709961,1.03710938,1.03710938,1.03833008,1.34985352,1.34985352,1.34985352,1.21459961,1.21459961,1.21459961,1.21459961,1.21459961,1.20458984,1.21459961,1.21459961,99.55553,10.7058411,20.96122,33.8074951,10.008316,45.6587448,17.9788818,55,2355,8000.982,0,0,0,0,0,0.25,0,0,0,0,0,0,0,0,0,63.0625,6141,5921,220,3.58247828,590.006,1.664512E+08,6758400,0.0627855659,16213.5352,15786.8633,426.671875,0.18503271,0,0,0,0,0,0,0,0,0,0,0,0,90.7402039,0,0.0291973483,0.05919135,0,18865.8047,85.62291,0,0.207050219,0.20415239,0,12748.6816,0,0,0,0,0,0,0,0,0,0,0.00570460875,0.122462742,183.26268,0,0.000169159044,90005,79522,11.6471329,79523,100.001259,16.887,0,0
03/13/2025 09:48:38,1.40758753,1.33715868,0,0,1.37038827,42.3202744,35.6692963,19.8563519,0,5.029792,0,0,3.73752117,0,0,0,0,6.33404255,0,2.066213,5.871278,42.3202744,77,56,55,57,57,77,55,55,52,52,52,52,55,55,55,55,77,45,43,43,23,45,45,48,48,48,48,45,45,45,45,1194.66675,4480.00049,4480.00049,4280.889,2488.889,995.5556,896.000061,796.4445,696.8889,696.8889,696.8889,796.4445,1792.00012,3484.44458,12.9771194,7.35061169,0,0.206398755,1.29394531,1.27392578,1.27392578,1.24890137,1.27893066,1.27392578,1.25720215,1.2421875,1.2421875,1.2421875,1.2421875,1.24719238,1.24707031,1.2520752,1.2520752,99.5555649,10.70594,20.96112,33.8078079,10.0078773,45.6591835,17.978096,55,1110,7000.978,0,0,0,0,0,0.25,0,0,0,0,0,0,0,0,0,63.03125,6141,5921,220,3.58247828,590.006,1.903104E+08,5273600,0.002433808,16213.5352,15786.8633,426.671875,0.137959287,0,0,0,0,0,0,0,0,0,0,0,0,90.7402039,0,0.0323490053,0.251933455,0,44916.7344,85.62291,0,0.174425438,0.185251638,0,5615.077,0,0,0,0,0,0,0,0,0,0,0.00570460875,0.122462742,0,0,0,90005,79522,11.6471329,79523,100.001259,16.887,0,0
03/13/2025 09:48:39,3.58963013,0,7.58239031,0,0,51.97059,9.043199,1.171577,1.16819739,0,1.36066675,1.14241242,2.59352326,0.07891059,1.17567182,1.17100477,1.17224455,2.12404132,3.04248929,1.74762011,0,51.97059,67,56.1428566,53,56,57,67,56,54,55,55,55,55,56,56,56,55,65,47,44,43,33,44,46,45,45,45,45,44,44,44,45,3285.33374,1592.88916,4480.00049,4480.00049,1692.4447,995.555664,796.4446,796.4446,796.4446,796.4446,696.889,696.889,696.889,1792.00024,13.210845,7.61733,0,0.205867112,0.7775879,0.762573242,0.761230469,0.761230469,1.34606934,1.34606934,1.34606934,1.20605469,1.2019043,1.2019043,1.2019043,1.2019043,1.19689941,1.2019043,1.20690918,99.55557,10.7108612,20.9562,33.8233566,10.0077209,45.65934,17.9778137,55,2355,8000.982,0,0,0,0,0,0.25,0,0,0,0,0,0,0,0,0,62.875,6141,5921,220,3.58247828,1.2,1.854464E+08,5939200,0.00113771658,16213.5352,15786.8633,426.671875,0.139037371,0,0,0,0,0,0,0,0,0,0,0,0,90.7402039,0,0.00653393241,0,0,8036.32129,85.62291,0,0.332210243,0.34917295,0,14565.8438,0,0,0,0,0,0,0,0,0,0,0.00570460875,0.122462742,0,0,0,90005,79522,11.6471329,79523,100.001259,16.887,0,0
03/13/2025 09:48:40,0.06824136,21.933115,0.038677454,15.7699947,21.9810257,45.62645,31.77868,0,0,11.3407021,0,0,0,0.0261604786,0,0,0,0.796079636,0,0.6424129,6.795788,45.62645,77,56.92857,54,56,60,77,57,57,55,55,55,55,54,54,54,54,68,46,44,40,23,43,43,45,45,45,45,46,46,46,46,4380.448,1493.33459,4480.004,3882.67,1393.77893,896.0008,796.4451,696.889465,796.4451,796.4451,796.4451,796.4451,1692.44592,3285.33618,13.02657,7.434977,0,0.205407664,1.255249,1.3503418,1.3503418,1.33532715,1.24060059,1.265625,1.24060059,1.23364258,1.27868652,1.22875977,1.22875977,1.26867676,1.22900391,1.23400879,1.23901367,99.55564,10.7138062,20.9532547,33.83265,10.0115509,45.65551,17.9846954,55,2355,8000.982,0,0,0,0,0,0.25,0,0,0,0,0,0,0,0,0,63.03125,6141,5921,220,3.58247828,590.006,1.76896E+08,6656000,0.01259738,16213.5352,15786.8633,426.671875,0.153729722,0,0,0,0,0,0,0,0,0,0,0,0,90.7402039,0,0.0181169361,0.15071854,0,44925.99,85.62291,0,0,0.00347980764,0,0,0,0,0,0,0,0,0,0,0,0,0.00570478,0.122462742,183.388321,0,0.000169275023,90005,79522,11.6471329,79523,100.001259,16.887,0,0
03/13/2025 09:48:41,0,1.18668675,1.25041008,1.1867106,0,25.87177,46.74908,1.19411349,1.24690533,1.9292593,1.60315037,1.18354559,6.800401,1.22359991,1.21264458,1.22203827,1.22006536,8.063918,1.405716,0.341027975,4.882592,46.74908,72,55.7857132,53,56,57,72,56,55,54,54,54,54,54,54,54,54,65,47,44,43,28,44,45,46,46,46,46,46,46,46,46,1991.10938,3982.21875,4380.441,3086.21973,1194.66565,796.4438,895.999268,696.8883,696.8883,696.8883,696.8883,1194.66565,1791.99854,3185.77515,12.0298157,6.460625,0,0.204396263,1.24291992,1.3380127,1.34313965,1.34313965,1.359375,1.3894043,1.35449219,1.21948242,1.2097168,1.2097168,1.2097168,1.2097168,1.2097168,1.21472168,1.21472168,99.55547,10.7143173,20.9527435,33.8342667,10.0116043,45.6554565,17.984787,55,2355,8000.982,0,0,0,0,0,0.25,0,0,0,0,0,0,0,0,0,63.0625,6141,5921,220,3.58247828,590.006,1.881088E+08,4812800,0.04915759,16213.5352,15786.8633,426.671875,0.206321329,0,0,0,0,0,0,0,0,0,0,0,0,90.7402039,0,0.1339669,0.131824553,0,3092948,85.62291,0,0.175287738,0.1815935,0,13455.6377,0,0,0,0,0,0,0,0,0,0,0.00570483133,0.1224628,55.5821342,66.69856,0.000112870148,90005,79522,11.6471329,79523,100.001259,16.887,0,0
03/13/2025 09:48:42,0.584495068,0.512641668,0,0.512433052,0,29.9108925,45.1984329,0,0.5255282,0.9159982,1.14408135,0.7331729,0.5983412,0.5436063,0.53691864,0.5421877,0.5497396,0,0.6778121,1.1267662,3.09129953,45.1984329,78,56.5,54,56,58,78,56,57,54,54,54,54,54,54,54,54,78,46,44,42,22,44,43,46,46,46,46,46,46,46,46,4380.44531,1294.22241,4480.001,4480.001,4280.88965,1891.55591,796.4446,796.4446,796.4446,1393.77808,696.889038,696.889038,1692.44482,1792.00037,12.3993464,6.85335732,0,0.205207229,0.776489258,0.760131836,0.760131836,0.7618408,1.35534668,1.215332,1.34729,1.21228027,1.21728516,1.21728516,1.21228027,1.21228027,1.21374512,1.21374512,1.21875,99.55557,10.7276268,20.9394341,33.876297,10.0076637,45.6593971,17.9777069,56,1095,7000.978,0,0,0,0,0.0859375,0.25,0,0,0,0,0,0,0,0,0,63,6141,5921,220,3.58247828,590.006,1.777152E+08,5836800,0.00175339961,16213.5352,15786.8633,426.671875,0.130453467,0,0,0,0,0,0,0,0,0,0,0,0,90.7402039,0,0.807337463,0.536871135,0,16823092,85.62291,0,0.165303141,0.162341222,0,10143.5488,0,0,0,0,0,0,0,0,0,0,0.00570483133,0.1224628,0,0,0,90005,79522,11.6471329,79523,100.001259,16.887,0,0
03/13/2025 09:48:43,0,0,0.9913206,0,0,28.1142769,44.4875641,0,0,0,0,0,0,0,0,0,0,1.605922,0,0.0304579735,2.62591243,44.4875641,77,56.42857,54,55,57,77,56,57,54,54,54,54,55,55,54,54,69,46,45,43,23,44,43,46,46,46,46,45,45,46,46,1194.667,1692.44482,4480.001,4380.44531,1891.556,2986.66724,796.444641,696.889038,796.444641,796.444641,696.889038,696.889038,696.889038,3484.44531,11.4783773,5.83471155,0,0.205472246,1.19665527,1.32666016,1.32666016,1.32666016,1.35693359,1.34912109,1.34423828,1.23913574,1.23913574,1.23913574,1.23913574,1.23388672,1.223877,1.23388672,1.23388672,99.55558,10.7109642,20.9560966,33.8236771,10.0076942,45.6593666,17.9777679,55,1140,7000.978,0,0,0,0,0,0.25,0,0,0,0,0,0,0,0,0,63,6141,5921,220,3.58247828,590.006,1.630208E+08,6707200,0.00179370726,16213.5352,15786.8633,426.671875,0.142278939,0,0,0,0,0,0,0,0,0,0,0,0,90.7402039,0,0.0374039561,0.221414,0,55491.3359,85.62291,0,0.167096674,0.120633081,0,7260.552,0,0,0,0,0,0,0,0,0,0,0.00570508,0.122462928,270.473938,134.730469,0.000374020456,90005,79522,11.6471329,79523,100.001259,16.887,0,0
03/13/2025 09:48:44,0,0,0,0,15.6242132,49.1061974,23.5704479,12.12309,2.83436775,4.08254242,0,0,1.69337988,0,0,0,0,3.133738,0.456577539,1.9687891,5.631381,49.1061974,77,56.3571434,54,56,60,77,57,55,52,52,52,54,55,55,55,55,69,46,44,40,23,43,45,48,48,48,46,45,45,45,45,1294.22241,696.889,4380.445,4480.00049,4280.889,1891.55579,796.4445,696.889,696.889,597.3334,696.889,696.889,696.889,2588.44482,12.4388342,6.7854476,0,0.204337046,1.03967285,1.0546875,1.09973145,1.11865234,1.33666992,1.33666992,1.3416748,1.21069336,1.21069336,1.21069336,1.21069336,1.21069336,1.21069336,1.21069336,1.21069336,99.5555649,10.7104874,20.9565735,33.8221741,10.0074959,45.659565,17.97741,55,2355,8000.982,0,0,0,0,0,0.25,0,0,0,0,0,0,0,0,0,62.9375,6141,5921,220,3.58247828,1.2,1.297408E+08,6860800,0.0012918493,16213.5352,15786.8633,426.671875,0.140731484,0,0,0,0,0,0,0,0,0,0,0,0,90.7402039,0,0.0124877393,0.09630375,0,94986.3359,85.62291,0,0.164981276,0.221070275,0,33032.1953,0,0,0,0,0,0,0,0,0,0,0.00570508,0.122462928,0,0,0,90005,79522,11.6471329,79523,100.001259,16.887,0,0
03/13/2025 09:48:45,0.8676231,0.7323384,0.8505821,0.7323563,0.7937789,46.395874,20.18432,0,0,0,0.782328844,0.73106885,0,0.7759869,0.772768259,0,0.772923231,1.38483047,0,0,0.0643610954,46.395874,76,56.3571434,55,56,57,76,56,57,53,53,53,53,55,55,55,55,64,45,44,43,24,44,43,47,47,47,47,45,45,45,45,1393.77771,796.4444,4280.88867,4479.99951,3982.222,2190.222,796.4444,796.4444,696.888855,696.888855,696.888855,696.888855,1692.44434,3484.444,12.6057663,7.02650738,0,0.205543116,1.24853516,1.338623,1.33361816,1.30358887,1.33361816,1.33972168,1.33972168,1.24963379,1.24963379,1.2746582,1.24462891,1.24462891,1.24462891,1.24462891,1.24462891,99.55555,10.7103691,20.9566917,33.8218,10.0068054,45.6602554,17.9761734,55,2355,8000.982,0,0,0,0,0,0.25,0,0,0,0,0,0,0,0,0,62.875,6141,5921,220,3.58247828,590.006,1.611776E+08,6860800,0.0125757335,16213.5352,15786.8633,426.671875,0.132395655,0,0,0,0,0,0,0,0,0,0,0,0,90.7402039,0,0.0106871631,0.00105908827,0,9366.944,85.62291,0,0.159681633,0.159075052,0,12819.2275,0,0,0,0,0,0,0,0,0,0,0.00570508,0.122462928,0,0,0,90005,79522,11.6471329,79523,100.001259,16.888,0,0
03/13/2025 09:48:46,0,0,0.07408857,0,0,37.4924431,37.86921,28.2089539,2.83064842,14.4677935,0.0887453556,0,0.226521492,0,0,0,0,8.56193352,2.8668642,0.440734625,5.97957373,37.86921,72,55.8571434,53,56,58,72,56,55,53,53,53,53,55,55,55,55,71,47,44,42,28,44,45,47,47,47,47,45,45,45,45,4280.893,4081.78149,4280.893,4380.44873,4081.78149,3086.225,896.000854,696.8895,796.4452,696.8895,896.000854,796.4452,696.8895,3484.44775,12.9740133,7.377055,0,0.204517126,1.25354,1.34863281,1.34863281,1.31860352,1.34863281,1.3458252,1.34082031,1.25073242,1.25073242,1.25073242,1.25073242,1.25073242,1.25073242,1.25073242,1.25073242,99.55565,10.7103539,20.956707,33.8217468,10.0097885,45.6572723,17.98153,55,2355,8000.982,0,0,0,0,0,0.25,0,0,0,0,0,0,0,0,0,62.96875,6141,5921,220,3.58247828,590.006,1.794048E+08,6707200,0.0467783734,16213.5352,15786.8633,426.671875,0.1868916,0,0,0,0,0,0,0,0,0,0,0,0,90.7402039,0,0.083932,0.333524168,0,182368.344,85.62291,0,0.157779559,0.176679268,0,10076.4961,0,0,0,0,0,0,0,0,0,0,0.00570508,0.122462928,0,0,0,90005,79522,11.6471329,79523,100.001259,16.887,0,0
03/13/2025 09:48:47,0,1.28412843,0,1.28573179,1.31825209,36.19632,30.347002,1.27823949,0,0.97543,2.29939818,1.270324,5.710787,1.29964352,1.293689,1.29795671,1.29780173,3.0272007,1.58591866,0.455957651,1.1474967,36.19632,78,56,55,56,57,78,56,55,52,53,53,53,54,54,54,54,74,45,44,43,22,44,45,48,47,47,47,46,46,46,46,1194.66565,796.4438,696.8883,1791.99854,4380.441,4380.441,1692.443,796.4438,796.4438,696.8883,796.4438,696.8883,696.8883,696.8883,12.7239771,7.11610937,0,0.204591036,0.651855469,0.6513672,0.6563721,0.6578369,0.6678467,0.6678467,0.6678467,0.6678467,0.667602539,0.667602539,0.667602539,0.6726074,0.6726074,0.6726074,0.6726074,99.55547,10.7122612,20.9548,33.827774,10.0085373,45.6585236,17.9792786,55,2355,8000.982,0,0,0,0,0,0.25,0,0,0,0,0,0,0,0,0,62.75,6141,5921,220,3.58247828,1.2,1.878016E+08,6809600,0.0115394434,16213.5352,15786.8633,426.671875,0.133577019,0,0,0,0,0,0,0,0,0,0,0,0,90.74036,0,0.0160854552,0,0,17596.3828,85.6229248,0,0.164069623,0.12738952,0,7761.847,0,0,0,0,0,0,0,0,0,0,0.00570508,0.122462928,0,0,0,90005,79522,11.6471329,79523,100.001259,16.887,0,0
03/13/2025 09:48:48,1.1012435,1.00072622,2.56093144,1.00092292,1.07063055,38.7777252,29.7082787,1.00399256,30.07071,3.86489034,0,1.23160481,1.03572607,1.03774667,1.03842616,1.03851557,1.04612708,1.51655674,1.04241967,1.66763067,6.01476431,38.7777252,77,56.2857132,54,58,61,77,56,52,53,53,53,53,54,54,55,55,67,46,42,39,23,44,48,47,47,47,47,46,46,45,45,4081.779,4380.446,4280.89,4480.00146,4480.00146,1493.33374,896.000244,696.8891,696.8891,696.8891,1692.445,1194.667,1194.667,1095.11145,12.7889824,7.41292763,0,0.203766182,0.673706055,0.6727295,0.6763916,0.6817627,0.6801758,0.6816406,0.6916504,0.7155762,0.7155762,0.7305908,0.7305908,0.730957031,0.730957031,0.730957031,0.730957031,99.55559,10.7108917,20.95617,33.82345,10.0099258,45.657135,17.981781,55,2355,8000.982,0,0,0,0,0,0.25,0,0,0,0,0,0,0,0,0,62.78125,6141,5921,220,3.58247828,590.006,1.869312E+08,5785600,0.0495750979,16213.5352,15786.8633,426.671875,0.20225139,0,0,0,0,0,0,0,0,0,0,0,0,90.74036,0,0,0.0150930863,0,0,85.6229248,0,0,0.0122542931,0,0,0,0,0,0,0,0,0,0,0,0,0.005706353,0.12246868,1380.94312,6244.045,0.00703818,90005,79522,11.6471329,79523,100.001259,16.887,0,0
03/13/2025 09:48:49,0,0,0,0,0,42.52244,37.29622,0,0,5.225384,0,0,4.08619,0,0,0,0,2.87482142,0,0.349259377,0,42.52244,56,53.7857132,54,54,54,55,56,56,52,52,52,52,54,54,54,54,58,46,46,46,45,44,44,48,48,48,48,46,46,46,46,3484.444,1095.111,796.444336,4081.77734,4479.99951,3484.444,1294.222,796.444336,2588.444,1991.11084,1095.111,796.444336,696.8888,696.8888,13.1294241,7.4229064,0,0.206582069,0.647338867,0.65234375,0.6571045,0.6520996,0.6571045,0.6628418,0.6628418,0.6628418,0.6628418,0.6628418,0.6678467,0.6678467,0.6678467,0.6678467,0.6672363,99.55554,10.711586,20.9554749,33.8256454,10.0079231,45.6591377,17.97818,55,2355,8000.982,0,0,0,0,0,0.25,0,0,0,0,0,0,0,0,0,62.75,6141,5921,220,3.58247828,590.006,1.770496E+08,6860800,0.00197915873,16213.5352,15786.8633,426.671875,0.1252254,0,0,0,0,0,0,0,0,0,0,0,0,90.74036,0,0.1877693,0.332126349,0,3130077,85.6229248,0,0.3973528,0.4788515,0,56367.04,0,0,0,0,0,0,0,0,0,0,0.005706353,0.12246868,0,0,0,90005,79522,11.6471329,79523,100.001259,16.887,0,0
